pid,arm,function,n_seg,n_pool,n_val,base_set_mae,head_in,embed_fcd,tau,k,set_mae,set_acc,set_qwk,set_macro_f1,grad_norm,l2sp,adapt_steps,constant
001,anil,startaphonecall,24,17,7,0.42857142857142855,76,1,1.0,0,0.42857142857142855,0.5714285714285714,0.0,0.24242424242424243,0.0,0.0,0,
001,anil,startaphonecall,24,17,7,0.42857142857142855,76,1,1.0,1,0.8571428571428571,0.2857142857142857,0.0,0.20634920634920637,0.0002629492664709687,0.5,6000,
001,anil,startaphonecall,24,17,7,0.42857142857142855,76,1,1.0,2,1.0,0.14285714285714285,0.0,0.08333333333333333,0.0002552407095208764,0.25,6000,
001,anil,startaphonecall,24,17,7,0.42857142857142855,76,1,1.0,3,1.0,0.14285714285714285,0.0,0.08333333333333333,7.256684330059215e-05,0.16666666666666666,6000,
001,anil,startaphonecall,24,17,7,0.42857142857142855,76,1,1.0,4,1.0,0.14285714285714285,0.0,0.08333333333333333,5.6855227740015835e-05,0.125,6000,
001,anil,startaphonecall,24,17,7,0.42857142857142855,76,1,1.0,5,0.5714285714285714,0.42857142857142855,0.33333333333333337,0.3,0.00017625378677621484,0.1,6000,
001,anil,startaphonecall,24,17,7,0.42857142857142855,76,1,1.0,6,0.7142857142857143,0.2857142857142857,0.2857142857142857,0.20634920634920637,5.9216901718173176e-05,0.08333333333333333,6000,
001,anil,startaphonecall,24,17,7,0.42857142857142855,76,1,1.0,7,0.42857142857142855,0.5714285714285714,0.3999999999999999,0.38888888888888884,4.489204457058804e-06,0.07142857142857142,6000,
001,anil,startaphonecall,24,17,7,0.42857142857142855,76,1,1.0,8,0.42857142857142855,0.5714285714285714,0.3999999999999999,0.38888888888888884,2.6089213861268945e-05,0.0625,6000,
001,anil,startaphonecall,24,17,7,0.42857142857142855,76,1,1.0,9,1.0,0.14285714285714285,0.0,0.08333333333333333,0.00016522640362381935,0.05555555555555555,6000,
001,anil,startaphonecall,24,17,7,0.42857142857142855,76,1,1.0,10,1.0,0.14285714285714285,0.0,0.08333333333333333,0.00011166863987455145,0.05,6000,
001,anil,startaphonecall,24,17,7,0.42857142857142855,76,1,1.0,11,1.0,0.14285714285714285,0.0,0.08333333333333333,1.4891401178829256e-06,0.045454545454545456,6000,
001,anil,startaphonecall,24,17,7,0.42857142857142855,76,1,1.0,12,1.1428571428571428,0.14285714285714285,0.0,0.07142857142857142,3.05680550809484e-05,0.041666666666666664,6000,
001,anil,startaphonecall,24,17,7,0.42857142857142855,76,1,1.0,13,1.0,0.14285714285714285,0.0,0.08333333333333333,2.42490950768115e-05,0.038461538461538464,6000,
001,anil,startaphonecall,24,17,7,0.42857142857142855,76,1,1.0,14,0.5714285714285714,0.42857142857142855,0.33333333333333337,0.3,1.088911812985316e-05,0.03571428571428571,6000,
001,anil,startaphonecall,24,17,7,0.42857142857142855,76,1,1.0,15,0.5714285714285714,0.42857142857142855,0.33333333333333337,0.3,6.070156814530492e-06,0.03333333333333333,6000,
001,anil,startaphonecall,24,17,7,0.42857142857142855,76,1,1.0,16,0.5714285714285714,0.42857142857142855,0.33333333333333337,0.3,2.0327329366409685e-06,0.03125,6000,
001,anil,startaphonecall,24,17,7,0.42857142857142855,76,1,1.0,17,0.5714285714285714,0.42857142857142855,0.33333333333333337,0.3,1.4855789913781337e-06,0.029411764705882353,6000,
001,l2sp,startaphonecall,24,17,7,0.42857142857142855,76,1,1.0,0,0.42857142857142855,0.5714285714285714,0.0,0.24242424242424243,0.0,0.0,0,
001,l2sp,startaphonecall,24,17,7,0.42857142857142855,76,1,1.0,1,1.0,0.14285714285714285,0.0,0.08333333333333333,0.0012591485865414143,0.5,6000,
001,l2sp,startaphonecall,24,17,7,0.42857142857142855,76,1,1.0,2,1.0,0.14285714285714285,0.0,0.08333333333333333,0.00042021548142656684,0.25,6000,
001,l2sp,startaphonecall,24,17,7,0.42857142857142855,76,1,1.0,3,1.0,0.14285714285714285,0.0,0.08333333333333333,8.716532465768978e-05,0.16666666666666666,6000,
001,l2sp,startaphonecall,24,17,7,0.42857142857142855,76,1,1.0,4,1.0,0.14285714285714285,0.0,0.08333333333333333,0.00018190903938375413,0.125,6000,
001,l2sp,startaphonecall,24,17,7,0.42857142857142855,76,1,1.0,5,0.7142857142857143,0.2857142857142857,0.2857142857142857,0.20634920634920637,5.343065367924282e-06,0.1,6000,
001,l2sp,startaphonecall,24,17,7,0.42857142857142855,76,1,1.0,6,0.5714285714285714,0.42857142857142855,0.33333333333333337,0.3,6.417882832465693e-05,0.08333333333333333,6000,
001,l2sp,startaphonecall,24,17,7,0.42857142857142855,76,1,1.0,7,0.5714285714285714,0.42857142857142855,0.33333333333333337,0.3,0.0004473406879696995,0.07142857142857142,6000,
001,l2sp,startaphonecall,24,17,7,0.42857142857142855,76,1,1.0,8,0.5714285714285714,0.42857142857142855,0.33333333333333337,0.3,9.20798356673913e-06,0.0625,6000,
001,l2sp,startaphonecall,24,17,7,0.42857142857142855,76,1,1.0,9,0.8571428571428571,0.14285714285714285,0.25,0.09523809523809523,7.803146218066104e-06,0.05555555555555555,6000,
001,l2sp,startaphonecall,24,17,7,0.42857142857142855,76,1,1.0,10,0.8571428571428571,0.14285714285714285,0.25,0.09523809523809523,5.11804387315351e-07,0.05,6000,
001,l2sp,startaphonecall,24,17,7,0.42857142857142855,76,1,1.0,11,0.8571428571428571,0.14285714285714285,0.25,0.09523809523809523,1.598885683051776e-05,0.045454545454545456,6000,
001,l2sp,startaphonecall,24,17,7,0.42857142857142855,76,1,1.0,12,1.0,0.14285714285714285,0.18181818181818177,0.08333333333333333,4.210518795844109e-07,0.041666666666666664,6000,
001,l2sp,startaphonecall,24,17,7,0.42857142857142855,76,1,1.0,13,0.8571428571428571,0.14285714285714285,0.25,0.09523809523809523,6.128121299298073e-07,0.038461538461538464,6000,
001,l2sp,startaphonecall,24,17,7,0.42857142857142855,76,1,1.0,14,0.5714285714285714,0.42857142857142855,0.33333333333333337,0.3,3.5163017741979274e-07,0.03571428571428571,6000,
001,l2sp,startaphonecall,24,17,7,0.42857142857142855,76,1,1.0,15,0.5714285714285714,0.42857142857142855,0.33333333333333337,0.3,4.941125553159509e-07,0.03333333333333333,6000,
001,l2sp,startaphonecall,24,17,7,0.42857142857142855,76,1,1.0,16,0.42857142857142855,0.5714285714285714,0.3999999999999999,0.38888888888888884,5.0833119047410946e-08,0.03125,6000,
001,l2sp,startaphonecall,24,17,7,0.42857142857142855,76,1,1.0,17,0.5714285714285714,0.42857142857142855,0.33333333333333337,0.3,0.0029308265075087547,0.029411764705882353,6000,
001,lookup,startaphonecall,24,17,7,0.42857142857142855,-1,-1,,1,1.0,0.14285714285714285,,,0.0,0.0,0,3.0
001,lookup,startaphonecall,24,17,7,0.42857142857142855,-1,-1,,2,1.0,0.14285714285714285,,,0.0,0.0,0,3.0
001,lookup,startaphonecall,24,17,7,0.42857142857142855,-1,-1,,3,1.0,0.14285714285714285,,,0.0,0.0,0,3.0
001,lookup,startaphonecall,24,17,7,0.42857142857142855,-1,-1,,4,1.0,0.14285714285714285,,,0.0,0.0,0,3.0
001,lookup,startaphonecall,24,17,7,0.42857142857142855,-1,-1,,5,1.0,0.14285714285714285,,,0.0,0.0,0,3.0
001,lookup,startaphonecall,24,17,7,0.42857142857142855,-1,-1,,6,1.0,0.14285714285714285,,,0.0,0.0,0,3.0
001,lookup,startaphonecall,24,17,7,0.42857142857142855,-1,-1,,7,1.0,0.14285714285714285,,,0.0,0.0,0,3.0
001,lookup,startaphonecall,24,17,7,0.42857142857142855,-1,-1,,8,1.0,0.14285714285714285,,,0.0,0.0,0,3.0
001,lookup,startaphonecall,24,17,7,0.42857142857142855,-1,-1,,9,1.0,0.14285714285714285,,,0.0,0.0,0,3.0
001,lookup,startaphonecall,24,17,7,0.42857142857142855,-1,-1,,10,1.0,0.14285714285714285,,,0.0,0.0,0,3.0
001,lookup,startaphonecall,24,17,7,0.42857142857142855,-1,-1,,11,1.0,0.14285714285714285,,,0.0,0.0,0,3.0
001,lookup,startaphonecall,24,17,7,0.42857142857142855,-1,-1,,12,1.0,0.14285714285714285,,,0.0,0.0,0,3.0
001,lookup,startaphonecall,24,17,7,0.42857142857142855,-1,-1,,13,1.0,0.14285714285714285,,,0.0,0.0,0,3.0
001,lookup,startaphonecall,24,17,7,0.42857142857142855,-1,-1,,14,1.0,0.14285714285714285,,,0.0,0.0,0,3.0
001,lookup,startaphonecall,24,17,7,0.42857142857142855,-1,-1,,15,1.0,0.14285714285714285,,,0.0,0.0,0,3.0
001,lookup,startaphonecall,24,17,7,0.42857142857142855,-1,-1,,16,1.0,0.14285714285714285,,,0.0,0.0,0,3.0
001,lookup,startaphonecall,24,17,7,0.42857142857142855,-1,-1,,17,1.0,0.14285714285714285,,,0.0,0.0,0,3.0
002,anil,startaphonecall,18,13,5,1.2,76,1,1.0,0,1.2,0.0,0.0,0.0,0.0,0.0,0,
002,anil,startaphonecall,18,13,5,1.2,76,1,1.0,1,1.0,0.0,0.0,0.0,0.0013655900256708264,0.5,6000,
002,anil,startaphonecall,18,13,5,1.2,76,1,1.0,2,1.0,0.0,0.0,0.0,0.00014638729044236243,0.25,6000,
002,anil,startaphonecall,18,13,5,1.2,76,1,1.0,3,0.8,0.2,0.0,0.16666666666666666,0.00042106027831323445,0.16666666666666666,6000,
002,anil,startaphonecall,18,13,5,1.2,76,1,1.0,4,1.0,0.0,0.0,0.0,0.0002666028158273548,0.125,6000,
002,anil,startaphonecall,18,13,5,1.2,76,1,1.0,5,1.0,0.0,0.0,0.0,0.03356792777776718,0.1,6000,
002,anil,startaphonecall,18,13,5,1.2,76,1,1.0,6,0.8,0.2,0.0,0.16666666666666666,0.0001997490762732923,0.08333333333333333,6000,
002,anil,startaphonecall,18,13,5,1.2,76,1,1.0,7,0.8,0.2,0.0,0.16666666666666666,0.012387764640152454,0.07142857142857142,6000,
002,anil,startaphonecall,18,13,5,1.2,76,1,1.0,8,0.6,0.4,0.0,0.2857142857142857,0.020200347527861595,0.0625,6000,
002,anil,startaphonecall,18,13,5,1.2,76,1,1.0,9,0.6,0.4,0.0,0.2857142857142857,3.45435764756985e-05,0.05555555555555555,6000,
002,anil,startaphonecall,18,13,5,1.2,76,1,1.0,10,0.8,0.2,0.0,0.16666666666666666,4.019245534436777e-05,0.05,6000,
002,anil,startaphonecall,18,13,5,1.2,76,1,1.0,11,0.8,0.2,0.0,0.16666666666666666,4.074534808751196e-05,0.045454545454545456,6000,
002,anil,startaphonecall,18,13,5,1.2,76,1,1.0,12,0.8,0.2,0.0,0.16666666666666666,0.001234469935297966,0.041666666666666664,6000,
002,anil,startaphonecall,18,13,5,1.2,76,1,1.0,13,0.6,0.4,0.0,0.2857142857142857,0.00013732333900406957,0.038461538461538464,6000,
002,l2sp,startaphonecall,18,13,5,1.0,76,1,1.0,0,1.0,0.0,0.0,0.0,0.0,0.0,0,
002,l2sp,startaphonecall,18,13,5,1.0,76,1,1.0,1,1.0,0.0,0.0,0.0,0.00039543421007692814,0.5,6000,
002,l2sp,startaphonecall,18,13,5,1.0,76,1,1.0,2,0.6,0.4,0.0,0.2857142857142857,0.00014055574138183147,0.25,6000,
002,l2sp,startaphonecall,18,13,5,1.0,76,1,1.0,3,0.4,0.6,0.0,0.375,3.6356213968247175e-05,0.16666666666666666,6000,
002,l2sp,startaphonecall,18,13,5,1.0,76,1,1.0,4,0.6,0.4,0.0,0.2857142857142857,6.414424569811672e-05,0.125,6000,
002,l2sp,startaphonecall,18,13,5,1.0,76,1,1.0,5,0.6,0.4,0.0,0.2857142857142857,0.0011726607335731387,0.1,6000,
002,l2sp,startaphonecall,18,13,5,1.0,76,1,1.0,6,0.4,0.6,0.0,0.375,0.0011305945226922631,0.08333333333333333,6000,
002,l2sp,startaphonecall,18,13,5,1.0,76,1,1.0,7,0.6,0.4,0.0,0.2857142857142857,0.011230243369936943,0.07142857142857142,6000,
002,l2sp,startaphonecall,18,13,5,1.0,76,1,1.0,8,0.2,0.8,0.0,0.4444444444444444,0.00013647516607306898,0.0625,6000,
002,l2sp,startaphonecall,18,13,5,1.0,76,1,1.0,9,0.2,0.8,0.0,0.4444444444444444,0.012136855162680149,0.05555555555555555,6000,
002,l2sp,startaphonecall,18,13,5,1.0,76,1,1.0,10,0.4,0.6,0.0,0.375,2.571621553215664e-05,0.05,6000,
002,l2sp,startaphonecall,18,13,5,1.0,76,1,1.0,11,0.6,0.4,0.0,0.2857142857142857,0.03622322529554367,0.045454545454545456,6000,
002,l2sp,startaphonecall,18,13,5,1.0,76,1,1.0,12,0.6,0.4,0.0,0.2857142857142857,0.008518250659108162,0.041666666666666664,6000,
002,l2sp,startaphonecall,18,13,5,1.0,76,1,1.0,13,0.4,0.6,0.0,0.25,0.02216457948088646,0.038461538461538464,6000,
002,lookup,startaphonecall,18,13,5,1.0,-1,-1,,1,1.0,0.0,,,0.0,0.0,0,2.0
002,lookup,startaphonecall,18,13,5,1.0,-1,-1,,2,1.0,0.0,,,0.0,0.0,0,2.0
002,lookup,startaphonecall,18,13,5,1.0,-1,-1,,3,1.0,0.0,,,0.0,0.0,0,2.0
002,lookup,startaphonecall,18,13,5,1.0,-1,-1,,4,1.0,0.0,,,0.0,0.0,0,2.0
002,lookup,startaphonecall,18,13,5,1.0,-1,-1,,5,1.0,0.0,,,0.0,0.0,0,2.0
002,lookup,startaphonecall,18,13,5,1.0,-1,-1,,6,1.0,0.0,,,0.0,0.0,0,2.0
002,lookup,startaphonecall,18,13,5,1.0,-1,-1,,7,1.0,0.0,,,0.0,0.0,0,2.0
002,lookup,startaphonecall,18,13,5,1.0,-1,-1,,8,1.0,0.0,,,0.0,0.0,0,2.0
002,lookup,startaphonecall,18,13,5,1.0,-1,-1,,9,0.0,1.0,,,0.0,0.0,0,3.0
002,lookup,startaphonecall,18,13,5,1.0,-1,-1,,10,1.0,0.0,,,0.0,0.0,0,2.0
002,lookup,startaphonecall,18,13,5,1.0,-1,-1,,11,1.0,0.0,,,0.0,0.0,0,2.0
002,lookup,startaphonecall,18,13,5,1.0,-1,-1,,12,1.0,0.0,,,0.0,0.0,0,2.0
002,lookup,startaphonecall,18,13,5,1.0,-1,-1,,13,0.0,1.0,,,0.0,0.0,0,3.0
003,anil,startaphonecall,26,18,8,1.75,76,1,1.0,0,1.75,0.0,-0.02752293577981657,0.0,0.0,0.0,0,
003,anil,startaphonecall,26,18,8,1.75,76,1,1.0,1,0.625,0.5,0.125,0.24242424242424243,9.640217513151583e-07,0.5,6000,
003,anil,startaphonecall,26,18,8,1.75,76,1,1.0,2,0.375,0.625,0.0,0.38461538461538464,1.4137887092147139e-06,0.25,6000,
003,anil,startaphonecall,26,18,8,1.75,76,1,1.0,3,0.375,0.625,0.0,0.38461538461538464,8.097843237919733e-05,0.16666666666666666,6000,
003,anil,startaphonecall,26,18,8,1.75,76,1,1.0,4,0.375,0.625,0.0,0.38461538461538464,2.5102016465439192e-08,0.125,6000,
003,anil,startaphonecall,26,18,8,1.75,76,1,1.0,5,0.375,0.625,0.0,0.38461538461538464,2.2988414727365125e-08,0.1,6000,
003,anil,startaphonecall,26,18,8,1.75,76,1,1.0,6,0.375,0.625,0.0,0.38461538461538464,3.716201320003165e-07,0.08333333333333333,6000,
003,anil,startaphonecall,26,18,8,1.75,76,1,1.0,7,0.75,0.375,0.1351351351351351,0.27777777777777773,3.4312774914724287e-06,0.07142857142857142,6000,
003,anil,startaphonecall,26,18,8,1.75,76,1,1.0,8,0.75,0.375,0.1351351351351351,0.27777777777777773,5.5679756769677624e-05,0.0625,6000,
003,anil,startaphonecall,26,18,8,1.75,76,1,1.0,9,0.625,0.5,0.2222222222222222,0.38095238095238093,1.4852743390747492e-07,0.05555555555555555,6000,
003,anil,startaphonecall,26,18,8,1.75,76,1,1.0,10,0.375,0.625,0.1428571428571429,0.5636363636363637,9.355795555165969e-06,0.05,6000,
003,anil,startaphonecall,26,18,8,1.75,76,1,1.0,11,0.375,0.625,0.1428571428571429,0.5636363636363637,1.022975175146712e-05,0.045454545454545456,6000,
003,anil,startaphonecall,26,18,8,1.75,76,1,1.0,12,0.25,0.75,0.3846153846153846,0.6666666666666667,4.502245246840175e-06,0.041666666666666664,6000,
003,anil,startaphonecall,26,18,8,1.75,76,1,1.0,13,0.375,0.625,0.0,0.38461538461538464,6.030839813320199e-06,0.038461538461538464,6000,
003,anil,startaphonecall,26,18,8,1.75,76,1,1.0,14,0.375,0.625,0.0,0.38461538461538464,5.344867659573538e-08,0.03571428571428571,6000,
003,anil,startaphonecall,26,18,8,1.75,76,1,1.0,15,0.375,0.625,0.0,0.38461538461538464,3.269111559234261e-08,0.03333333333333333,6000,
003,anil,startaphonecall,26,18,8,1.75,76,1,1.0,16,0.5,0.5,-0.06666666666666665,0.4666666666666667,5.789725321392325e-08,0.03125,6000,
003,anil,startaphonecall,26,18,8,1.75,76,1,1.0,17,0.625,0.375,-0.25,0.36507936507936506,1.4841529605291726e-07,0.029411764705882353,6000,
003,anil,startaphonecall,26,18,8,1.75,76,1,1.0,18,0.625,0.375,-0.25,0.36507936507936506,1.0383598237240221e-05,0.027777777777777776,6000,
003,l2sp,startaphonecall,26,18,8,2.0,76,1,1.0,0,2.0,0.0,-0.006993006993007089,0.0,0.0,0.0,0,
003,l2sp,startaphonecall,26,18,8,2.0,76,1,1.0,1,0.875,0.5,0.09090909090909094,0.24242424242424243,1.3658449233844294e-06,0.5,6000,
003,l2sp,startaphonecall,26,18,8,2.0,76,1,1.0,2,0.625,0.5,0.30000000000000004,0.24242424242424243,6.775545102755132e-08,0.25,6000,
003,l2sp,startaphonecall,26,18,8,2.0,76,1,1.0,3,0.625,0.5,0.30000000000000004,0.24242424242424243,3.600043996243585e-08,0.16666666666666666,6000,
003,l2sp,startaphonecall,26,18,8,2.0,76,1,1.0,4,0.5,0.625,0.3846153846153846,0.2777777777777778,2.498982532017635e-08,0.125,6000,
003,l2sp,startaphonecall,26,18,8,2.0,76,1,1.0,5,0.5,0.625,0.3846153846153846,0.2777777777777778,2.6154843624226487e-08,0.1,6000,
003,l2sp,startaphonecall,26,18,8,2.0,76,1,1.0,6,0.5,0.625,0.3846153846153846,0.2777777777777778,3.231262368785792e-08,0.08333333333333333,6000,
003,l2sp,startaphonecall,26,18,8,2.0,76,1,1.0,7,1.375,0.25,-0.04166666666666674,0.20634920634920637,3.9023710485253105e-08,0.07142857142857142,6000,
003,l2sp,startaphonecall,26,18,8,2.0,76,1,1.0,8,1.375,0.125,-0.07692307692307687,0.0625,5.4411724903502545e-08,0.0625,6000,
003,l2sp,startaphonecall,26,18,8,2.0,76,1,1.0,9,1.25,0.25,-0.03896103896103886,0.1111111111111111,5.056014984461399e-08,0.05555555555555555,6000,
003,l2sp,startaphonecall,26,18,8,2.0,76,1,1.0,10,1.0,0.25,0.05882352941176472,0.1111111111111111,1.2040919727951405e-07,0.05,6000,
003,l2sp,startaphonecall,26,18,8,2.0,76,1,1.0,11,0.75,0.375,0.2195121951219512,0.19999999999999998,2.9536556311882123e-08,0.045454545454545456,6000,
003,l2sp,startaphonecall,26,18,8,2.0,76,1,1.0,12,0.75,0.375,0.2195121951219512,0.19999999999999998,2.976640445240264e-08,0.041666666666666664,6000,
003,l2sp,startaphonecall,26,18,8,2.0,76,1,1.0,13,0.875,0.25,0.1428571428571429,0.14814814814814814,8.342345608980395e-06,0.038461538461538464,6000,
003,l2sp,startaphonecall,26,18,8,2.0,76,1,1.0,14,0.875,0.375,0.18518518518518523,0.20833333333333331,2.3313532437896356e-06,0.03571428571428571,6000,
003,l2sp,startaphonecall,26,18,8,2.0,76,1,1.0,15,0.75,0.375,0.28888888888888886,0.25925925925925924,3.5920290883950656e-06,0.03333333333333333,6000,
003,l2sp,startaphonecall,26,18,8,2.0,76,1,1.0,16,0.75,0.375,0.28888888888888886,0.25925925925925924,6.2507318432381e-08,0.03125,6000,
003,l2sp,startaphonecall,26,18,8,2.0,76,1,1.0,17,0.75,0.375,0.28888888888888886,0.25925925925925924,5.4768122481618775e-08,0.029411764705882353,6000,
003,l2sp,startaphonecall,26,18,8,2.0,76,1,1.0,18,0.875,0.25,0.18181818181818177,0.17857142857142858,1.091592025659338e-06,0.027777777777777776,6000,
003,lookup,startaphonecall,26,18,8,2.0,-1,-1,,1,0.375,0.625,,,0.0,0.0,0,0.0
003,lookup,startaphonecall,26,18,8,2.0,-1,-1,,2,0.375,0.625,,,0.0,0.0,0,0.0
003,lookup,startaphonecall,26,18,8,2.0,-1,-1,,3,0.375,0.625,,,0.0,0.0,0,0.0
003,lookup,startaphonecall,26,18,8,2.0,-1,-1,,4,0.375,0.625,,,0.0,0.0,0,0.0
003,lookup,startaphonecall,26,18,8,2.0,-1,-1,,5,0.375,0.625,,,0.0,0.0,0,0.0
003,lookup,startaphonecall,26,18,8,2.0,-1,-1,,6,0.375,0.625,,,0.0,0.0,0,0.0
003,lookup,startaphonecall,26,18,8,2.0,-1,-1,,7,0.375,0.625,,,0.0,0.0,0,0.0
003,lookup,startaphonecall,26,18,8,2.0,-1,-1,,8,0.375,0.625,,,0.0,0.0,0,0.0
003,lookup,startaphonecall,26,18,8,2.0,-1,-1,,9,0.375,0.625,,,0.0,0.0,0,0.0
003,lookup,startaphonecall,26,18,8,2.0,-1,-1,,10,0.375,0.625,,,0.0,0.0,0,0.0
003,lookup,startaphonecall,26,18,8,2.0,-1,-1,,11,0.375,0.625,,,0.0,0.0,0,0.0
003,lookup,startaphonecall,26,18,8,2.0,-1,-1,,12,0.375,0.625,,,0.0,0.0,0,0.0
003,lookup,startaphonecall,26,18,8,2.0,-1,-1,,13,0.375,0.625,,,0.0,0.0,0,0.0
003,lookup,startaphonecall,26,18,8,2.0,-1,-1,,14,0.375,0.625,,,0.0,0.0,0,0.0
003,lookup,startaphonecall,26,18,8,2.0,-1,-1,,15,0.375,0.625,,,0.0,0.0,0,0.0
003,lookup,startaphonecall,26,18,8,2.0,-1,-1,,16,0.375,0.625,,,0.0,0.0,0,0.0
003,lookup,startaphonecall,26,18,8,2.0,-1,-1,,17,0.375,0.625,,,0.0,0.0,0,0.0
003,lookup,startaphonecall,26,18,8,2.0,-1,-1,,18,0.375,0.625,,,0.0,0.0,0,0.0
004,anil,startaphonecall,18,13,5,0.2,76,1,1.0,0,0.2,0.8,0.7619047619047619,0.6,0.0,0.0,0,
004,anil,startaphonecall,18,13,5,0.2,76,1,1.0,1,0.0,1.0,1.0,1.0,0.009025686420500278,0.5,6000,
004,anil,startaphonecall,18,13,5,0.2,76,1,1.0,2,0.0,1.0,1.0,1.0,2.0799505364266224e-05,0.25,6000,
004,anil,startaphonecall,18,13,5,0.2,76,1,1.0,3,0.0,1.0,1.0,1.0,0.00019965645333286375,0.16666666666666666,6000,
004,anil,startaphonecall,18,13,5,0.2,76,1,1.0,4,0.0,1.0,1.0,1.0,0.0013300800928846002,0.125,6000,
004,anil,startaphonecall,18,13,5,0.2,76,1,1.0,5,0.0,1.0,1.0,1.0,0.002013660268858075,0.1,6000,
004,anil,startaphonecall,18,13,5,0.2,76,1,1.0,6,0.0,1.0,1.0,1.0,6.307807052507997e-05,0.08333333333333333,6000,
004,anil,startaphonecall,18,13,5,0.2,76,1,1.0,7,0.0,1.0,1.0,1.0,0.00012727502326015383,0.07142857142857142,6000,
004,anil,startaphonecall,18,13,5,0.2,76,1,1.0,8,0.0,1.0,1.0,1.0,6.808934995206073e-05,0.0625,6000,
004,anil,startaphonecall,18,13,5,0.2,76,1,1.0,9,0.0,1.0,1.0,1.0,0.00012654239253606647,0.05555555555555555,6000,
004,anil,startaphonecall,18,13,5,0.2,76,1,1.0,10,0.2,0.8,0.7619047619047619,0.6,0.0001872744323918596,0.05,6000,
004,anil,startaphonecall,18,13,5,0.2,76,1,1.0,11,0.0,1.0,1.0,1.0,0.00042732254951260984,0.045454545454545456,6000,
004,anil,startaphonecall,18,13,5,0.2,76,1,1.0,12,0.2,0.8,0.7619047619047619,0.6,0.01507051195949316,0.041666666666666664,6000,
004,anil,startaphonecall,18,13,5,0.2,76,1,1.0,13,0.0,1.0,1.0,1.0,0.0001990204764297232,0.038461538461538464,6000,
004,l2sp,startaphonecall,18,13,5,0.6,76,1,1.0,0,0.6,0.4,0.0,0.2857142857142857,0.0,0.0,0,
004,l2sp,startaphonecall,18,13,5,0.6,76,1,1.0,1,0.4,0.6,0.0,0.375,0.0006320931133814156,0.5,6000,
004,l2sp,startaphonecall,18,13,5,0.6,76,1,1.0,2,0.2,0.8,0.0,0.4444444444444444,0.0003562237834557891,0.25,6000,
004,l2sp,startaphonecall,18,13,5,0.6,76,1,1.0,3,0.2,0.8,0.0,0.4444444444444444,0.007755512837320566,0.16666666666666666,6000,
004,l2sp,startaphonecall,18,13,5,0.6,76,1,1.0,4,0.2,0.8,0.0,0.4444444444444444,9.684603719506413e-05,0.125,6000,
004,l2sp,startaphonecall,18,13,5,0.6,76,1,1.0,5,0.2,0.8,0.7619047619047619,0.6,0.00012295582564547658,0.1,6000,
004,l2sp,startaphonecall,18,13,5,0.6,76,1,1.0,6,0.0,1.0,1.0,1.0,2.107940599671565e-05,0.08333333333333333,6000,
004,l2sp,startaphonecall,18,13,5,0.6,76,1,1.0,7,0.0,1.0,1.0,1.0,9.469290671404451e-05,0.07142857142857142,6000,
004,l2sp,startaphonecall,18,13,5,0.6,76,1,1.0,8,0.0,1.0,1.0,1.0,1.2033469829475507e-05,0.0625,6000,
004,l2sp,startaphonecall,18,13,5,0.6,76,1,1.0,9,0.0,1.0,1.0,1.0,0.008042699657380581,0.05555555555555555,6000,
004,l2sp,startaphonecall,18,13,5,0.6,76,1,1.0,10,0.0,1.0,1.0,1.0,0.022849066182971,0.05,6000,
004,l2sp,startaphonecall,18,13,5,0.6,76,1,1.0,11,0.0,1.0,1.0,1.0,0.009987451136112213,0.045454545454545456,6000,
004,l2sp,startaphonecall,18,13,5,0.6,76,1,1.0,12,0.0,1.0,1.0,1.0,0.003487155307084322,0.041666666666666664,6000,
004,l2sp,startaphonecall,18,13,5,0.6,76,1,1.0,13,0.0,1.0,1.0,1.0,0.013778388500213623,0.038461538461538464,6000,
004,lookup,startaphonecall,18,13,5,0.6,-1,-1,,1,0.0,1.0,,,0.0,0.0,0,1.0
004,lookup,startaphonecall,18,13,5,0.6,-1,-1,,2,0.0,1.0,,,0.0,0.0,0,1.0
004,lookup,startaphonecall,18,13,5,0.6,-1,-1,,3,0.0,1.0,,,0.0,0.0,0,1.0
004,lookup,startaphonecall,18,13,5,0.6,-1,-1,,4,0.0,1.0,,,0.0,0.0,0,1.0
004,lookup,startaphonecall,18,13,5,0.6,-1,-1,,5,0.0,1.0,,,0.0,0.0,0,1.0
004,lookup,startaphonecall,18,13,5,0.6,-1,-1,,6,0.0,1.0,,,0.0,0.0,0,1.0
004,lookup,startaphonecall,18,13,5,0.6,-1,-1,,7,0.0,1.0,,,0.0,0.0,0,1.0
004,lookup,startaphonecall,18,13,5,0.6,-1,-1,,8,0.0,1.0,,,0.0,0.0,0,1.0
004,lookup,startaphonecall,18,13,5,0.6,-1,-1,,9,0.0,1.0,,,0.0,0.0,0,1.0
004,lookup,startaphonecall,18,13,5,0.6,-1,-1,,10,0.0,1.0,,,0.0,0.0,0,1.0
004,lookup,startaphonecall,18,13,5,0.6,-1,-1,,11,0.0,1.0,,,0.0,0.0,0,1.0
004,lookup,startaphonecall,18,13,5,0.6,-1,-1,,12,0.0,1.0,,,0.0,0.0,0,1.0
004,lookup,startaphonecall,18,13,5,0.6,-1,-1,,13,0.0,1.0,,,0.0,0.0,0,1.0
005,anil,startaphonecall,28,20,8,1.125,76,1,1.0,0,1.125,0.125,0.03703703703703709,0.09523809523809523,0.0,0.0,0,
005,anil,startaphonecall,28,20,8,1.125,76,1,1.0,1,0.875,0.125,0.17647058823529416,0.07407407407407407,0.0009906163904815912,0.5,6000,
005,anil,startaphonecall,28,20,8,1.125,76,1,1.0,2,0.5,0.5,0.19999999999999996,0.5,0.0015268826391547918,0.25,6000,
005,anil,startaphonecall,28,20,8,1.125,76,1,1.0,3,1.125,0.125,0.03703703703703709,0.09523809523809523,0.0008794445893727243,0.16666666666666666,6000,
005,anil,startaphonecall,28,20,8,1.125,76,1,1.0,4,1.125,0.125,0.03703703703703709,0.09523809523809523,0.001320553827099502,0.125,6000,
005,anil,startaphonecall,28,20,8,1.125,76,1,1.0,5,1.125,0.125,0.03703703703703709,0.09523809523809523,9.849925118032843e-05,0.1,6000,
005,anil,startaphonecall,28,20,8,1.125,76,1,1.0,6,1.125,0.125,0.03703703703703709,0.09523809523809523,0.008412542752921581,0.08333333333333333,6000,
005,anil,startaphonecall,28,20,8,1.125,76,1,1.0,7,0.75,0.25,0.0,0.2,6.349772775138263e-06,0.07142857142857142,6000,
005,anil,startaphonecall,28,20,8,1.125,76,1,1.0,8,0.75,0.25,0.0,0.2,2.017910958329594e-07,0.0625,6000,
005,anil,startaphonecall,28,20,8,1.125,76,1,1.0,9,0.625,0.375,0.09090909090909094,0.36507936507936506,5.150386641616933e-07,0.05555555555555555,6000,
005,anil,startaphonecall,28,20,8,1.125,76,1,1.0,10,0.25,0.75,0.5,0.7333333333333334,6.236629815248307e-06,0.05,6000,
005,anil,startaphonecall,28,20,8,1.125,76,1,1.0,11,0.375,0.625,0.33333333333333337,0.6190476190476191,1.2864696827818989e-06,0.045454545454545456,6000,
005,anil,startaphonecall,28,20,8,1.125,76,1,1.0,12,0.625,0.375,0.09090909090909094,0.36507936507936506,0.0002772760344669223,0.041666666666666664,6000,
005,anil,startaphonecall,28,20,8,1.125,76,1,1.0,13,0.5,0.5,0.19999999999999996,0.5,0.00046713624033145607,0.038461538461538464,6000,
005,anil,startaphonecall,28,20,8,1.125,76,1,1.0,14,0.25,0.75,0.5,0.7333333333333334,8.366645829482877e-07,0.03571428571428571,6000,
005,anil,startaphonecall,28,20,8,1.125,76,1,1.0,15,0.125,0.875,0.7142857142857143,0.8545454545454545,2.545515656038333e-07,0.03333333333333333,6000,
005,anil,startaphonecall,28,20,8,1.125,76,1,1.0,16,0.25,0.75,0.5,0.7333333333333334,2.3120384867070243e-05,0.03125,6000,
005,anil,startaphonecall,28,20,8,1.125,76,1,1.0,17,0.0,1.0,1.0,1.0,3.9319920119851304e-07,0.029411764705882353,6000,
005,anil,startaphonecall,28,20,8,1.125,76,1,1.0,18,0.0,1.0,1.0,1.0,8.137557756526803e-07,0.027777777777777776,6000,
005,anil,startaphonecall,28,20,8,1.125,76,1,1.0,19,0.125,0.875,0.6,0.7948717948717949,0.0005746518145315349,0.02631578947368421,6000,
005,anil,startaphonecall,28,20,8,1.125,76,1,1.0,20,0.125,0.875,0.6,0.7948717948717949,0.00017556939565110952,0.025,6000,
005,l2sp,startaphonecall,28,20,8,1.125,76,1,1.0,0,1.125,0.125,0.03703703703703709,0.09523809523809523,0.0,0.0,0,
005,l2sp,startaphonecall,28,20,8,1.125,76,1,1.0,1,0.875,0.125,0.17647058823529416,0.07407407407407407,0.004049645271152258,0.5,6000,
005,l2sp,startaphonecall,28,20,8,1.125,76,1,1.0,2,0.875,0.125,0.17647058823529416,0.07407407407407407,0.0004080936487298459,0.25,6000,
005,l2sp,startaphonecall,28,20,8,1.125,76,1,1.0,3,1.25,0.125,0.12328767123287676,0.1111111111111111,0.002342069987207651,0.16666666666666666,6000,
005,l2sp,startaphonecall,28,20,8,1.125,76,1,1.0,4,1.125,0.125,0.03703703703703709,0.09523809523809523,6.78575161146e-05,0.125,6000,
005,l2sp,startaphonecall,28,20,8,1.125,76,1,1.0,5,1.125,0.125,0.03703703703703709,0.09523809523809523,0.00016214251809287816,0.1,6000,
005,l2sp,startaphonecall,28,20,8,1.125,76,1,1.0,6,0.625,0.375,0.09090909090909094,0.36507936507936506,0.0036959073040634394,0.08333333333333333,6000,
005,l2sp,startaphonecall,28,20,8,1.125,76,1,1.0,7,0.625,0.375,0.09090909090909094,0.36507936507936506,0.00023497598886024207,0.07142857142857142,6000,
005,l2sp,startaphonecall,28,20,8,1.125,76,1,1.0,8,0.75,0.25,0.0,0.2,1.0195292816206347e-05,0.0625,6000,
005,l2sp,startaphonecall,28,20,8,1.125,76,1,1.0,9,0.375,0.625,0.25,0.5636363636363637,0.014576141722500324,0.05555555555555555,6000,
005,l2sp,startaphonecall,28,20,8,1.125,76,1,1.0,10,0.5,0.5,0.19999999999999996,0.5,0.0025836704298853874,0.05,6000,
005,l2sp,startaphonecall,28,20,8,1.125,76,1,1.0,11,0.5,0.5,0.19999999999999996,0.5,0.0002834575716406107,0.045454545454545456,6000,
005,l2sp,startaphonecall,28,20,8,1.125,76,1,1.0,12,0.5,0.5,0.19999999999999996,0.5,0.0033668980468064547,0.041666666666666664,6000,
005,l2sp,startaphonecall,28,20,8,1.125,76,1,1.0,13,0.5,0.5,0.19999999999999996,0.5,7.51995321479626e-05,0.038461538461538464,6000,
005,l2sp,startaphonecall,28,20,8,1.125,76,1,1.0,14,0.5,0.5,0.19999999999999996,0.5,0.0007881075143814087,0.03571428571428571,6000,
005,l2sp,startaphonecall,28,20,8,1.125,76,1,1.0,15,0.625,0.375,-0.11111111111111116,0.36507936507936506,0.0006478248978964984,0.03333333333333333,6000,
005,l2sp,startaphonecall,28,20,8,1.125,76,1,1.0,16,0.625,0.375,-0.11111111111111116,0.36507936507936506,4.625096607924206e-06,0.03125,6000,
005,l2sp,startaphonecall,28,20,8,1.125,76,1,1.0,17,0.25,0.75,0.33333333333333337,0.6666666666666667,0.00020181284344289452,0.029411764705882353,6000,
005,l2sp,startaphonecall,28,20,8,1.125,76,1,1.0,18,0.25,0.75,0.33333333333333337,0.6666666666666667,0.0022766327019780874,0.027777777777777776,6000,
005,l2sp,startaphonecall,28,20,8,1.125,76,1,1.0,19,0.25,0.75,0.33333333333333337,0.6666666666666667,0.0007011850830167532,0.02631578947368421,6000,
005,l2sp,startaphonecall,28,20,8,1.125,76,1,1.0,20,0.125,0.875,0.6,0.7948717948717949,3.983161150244996e-06,0.025,6000,
005,lookup,startaphonecall,28,20,8,1.125,-1,-1,,1,0.75,0.25,,,0.0,0.0,0,2.0
005,lookup,startaphonecall,28,20,8,1.125,-1,-1,,2,0.75,0.25,,,0.0,0.0,0,2.0
005,lookup,startaphonecall,28,20,8,1.125,-1,-1,,3,0.75,0.25,,,0.0,0.0,0,2.0
005,lookup,startaphonecall,28,20,8,1.125,-1,-1,,4,0.75,0.25,,,0.0,0.0,0,2.0
005,lookup,startaphonecall,28,20,8,1.125,-1,-1,,5,0.75,0.25,,,0.0,0.0,0,2.0
005,lookup,startaphonecall,28,20,8,1.125,-1,-1,,6,0.75,0.25,,,0.0,0.0,0,2.0
005,lookup,startaphonecall,28,20,8,1.125,-1,-1,,7,0.75,0.25,,,0.0,0.0,0,2.0
005,lookup,startaphonecall,28,20,8,1.125,-1,-1,,8,0.75,0.25,,,0.0,0.0,0,2.0
005,lookup,startaphonecall,28,20,8,1.125,-1,-1,,9,0.75,0.25,,,0.0,0.0,0,2.0
005,lookup,startaphonecall,28,20,8,1.125,-1,-1,,10,0.75,0.25,,,0.0,0.0,0,2.0
005,lookup,startaphonecall,28,20,8,1.125,-1,-1,,11,0.75,0.25,,,0.0,0.0,0,2.0
005,lookup,startaphonecall,28,20,8,1.125,-1,-1,,12,0.75,0.25,,,0.0,0.0,0,2.0
005,lookup,startaphonecall,28,20,8,1.125,-1,-1,,13,0.75,0.25,,,0.0,0.0,0,2.0
005,lookup,startaphonecall,28,20,8,1.125,-1,-1,,14,0.75,0.25,,,0.0,0.0,0,2.0
005,lookup,startaphonecall,28,20,8,1.125,-1,-1,,15,0.75,0.25,,,0.0,0.0,0,2.0
005,lookup,startaphonecall,28,20,8,1.125,-1,-1,,16,0.75,0.25,,,0.0,0.0,0,2.0
005,lookup,startaphonecall,28,20,8,1.125,-1,-1,,17,0.75,0.25,,,0.0,0.0,0,2.0
005,lookup,startaphonecall,28,20,8,1.125,-1,-1,,18,0.75,0.25,,,0.0,0.0,0,2.0
005,lookup,startaphonecall,28,20,8,1.125,-1,-1,,19,0.125,0.875,,,0.0,0.0,0,3.0
005,lookup,startaphonecall,28,20,8,1.125,-1,-1,,20,0.125,0.875,,,0.0,0.0,0,3.0
006,anil,startaphonecall,22,15,7,0.5714285714285714,76,1,1.0,0,0.5714285714285714,0.5714285714285714,0.0,0.24242424242424243,0.0,0.0,0,
006,anil,startaphonecall,22,15,7,0.5714285714285714,76,1,1.0,1,0.7142857142857143,0.2857142857142857,0.0,0.14814814814814814,2.3261643946170807e-05,0.5,6000,
006,anil,startaphonecall,22,15,7,0.5714285714285714,76,1,1.0,2,0.8571428571428571,0.14285714285714285,0.0,0.08333333333333333,0.00017182501323986799,0.25,6000,
006,anil,startaphonecall,22,15,7,0.5714285714285714,76,1,1.0,3,1.0,0.0,0.0,0.0,0.0002402412792434916,0.16666666666666666,6000,
006,anil,startaphonecall,22,15,7,0.5714285714285714,76,1,1.0,4,1.0,0.0,0.0,0.0,0.0003082930634263903,0.125,6000,
006,anil,startaphonecall,22,15,7,0.5714285714285714,76,1,1.0,5,0.7142857142857143,0.2857142857142857,0.0,0.14814814814814814,5.615927420876687e-06,0.1,6000,
006,anil,startaphonecall,22,15,7,0.5714285714285714,76,1,1.0,6,0.5714285714285714,0.42857142857142855,0.0,0.19999999999999998,5.542154326576565e-07,0.08333333333333333,6000,
006,anil,startaphonecall,22,15,7,0.5714285714285714,76,1,1.0,7,0.5714285714285714,0.42857142857142855,0.0,0.19999999999999998,1.2506860912253615e-05,0.07142857142857142,6000,
006,anil,startaphonecall,22,15,7,0.5714285714285714,76,1,1.0,8,0.42857142857142855,0.5714285714285714,0.0,0.24242424242424243,7.799436571076512e-05,0.0625,6000,
006,anil,startaphonecall,22,15,7,0.5714285714285714,76,1,1.0,9,0.42857142857142855,0.5714285714285714,0.0,0.24242424242424243,0.00020509026944637299,0.05555555555555555,6000,
006,anil,startaphonecall,22,15,7,0.5714285714285714,76,1,1.0,10,0.42857142857142855,0.5714285714285714,0.0,0.24242424242424243,7.862251550250221e-06,0.05,6000,
006,anil,startaphonecall,22,15,7,0.5714285714285714,76,1,1.0,11,0.42857142857142855,0.5714285714285714,0.0,0.24242424242424243,3.650107464636676e-05,0.045454545454545456,6000,
006,anil,startaphonecall,22,15,7,0.5714285714285714,76,1,1.0,12,0.2857142857142857,0.7142857142857143,0.0,0.2777777777777778,9.151103768090252e-06,0.041666666666666664,6000,
006,anil,startaphonecall,22,15,7,0.5714285714285714,76,1,1.0,13,0.2857142857142857,0.7142857142857143,0.0,0.2777777777777778,3.274399568908848e-05,0.038461538461538464,6000,
006,anil,startaphonecall,22,15,7,0.5714285714285714,76,1,1.0,14,0.2857142857142857,0.7142857142857143,0.0,0.2777777777777778,0.0006236159824766219,0.03571428571428571,6000,
006,anil,startaphonecall,22,15,7,0.5714285714285714,76,1,1.0,15,0.2857142857142857,0.7142857142857143,0.0,0.2777777777777778,0.00013502256479114294,0.03333333333333333,6000,
006,l2sp,startaphonecall,22,15,7,0.7142857142857143,76,1,1.0,0,0.7142857142857143,0.42857142857142855,0.0,0.19999999999999998,0.0,0.0,0,
006,l2sp,startaphonecall,22,15,7,0.7142857142857143,76,1,1.0,1,0.5714285714285714,0.42857142857142855,0.0,0.19999999999999998,0.0003579919575713575,0.5,6000,
006,l2sp,startaphonecall,22,15,7,0.7142857142857143,76,1,1.0,2,1.0,0.14285714285714285,0.0,0.08333333333333333,4.5168124529482157e-07,0.25,6000,
006,l2sp,startaphonecall,22,15,7,0.7142857142857143,76,1,1.0,3,1.0,0.14285714285714285,0.0,0.08333333333333333,8.29449127195403e-05,0.16666666666666666,6000,
006,l2sp,startaphonecall,22,15,7,0.7142857142857143,76,1,1.0,4,1.1428571428571428,0.0,0.0,0.0,0.000500922673381865,0.125,6000,
006,l2sp,startaphonecall,22,15,7,0.7142857142857143,76,1,1.0,5,0.8571428571428571,0.14285714285714285,0.0,0.08333333333333333,1.8056161934509873e-05,0.1,6000,
006,l2sp,startaphonecall,22,15,7,0.7142857142857143,76,1,1.0,6,0.5714285714285714,0.42857142857142855,0.0,0.19999999999999998,5.520779495782335e-07,0.08333333333333333,6000,
006,l2sp,startaphonecall,22,15,7,0.7142857142857143,76,1,1.0,7,0.42857142857142855,0.5714285714285714,0.0,0.24242424242424243,1.9739751223823987e-05,0.07142857142857142,6000,
006,l2sp,startaphonecall,22,15,7,0.7142857142857143,76,1,1.0,8,0.5714285714285714,0.5714285714285714,0.0,0.24242424242424243,1.8781962353386916e-05,0.0625,6000,
006,l2sp,startaphonecall,22,15,7,0.7142857142857143,76,1,1.0,9,0.5714285714285714,0.5714285714285714,0.0,0.24242424242424243,4.231089769746177e-05,0.05555555555555555,6000,
006,l2sp,startaphonecall,22,15,7,0.7142857142857143,76,1,1.0,10,0.5714285714285714,0.5714285714285714,0.0,0.24242424242424243,0.00021518916764762253,0.05,6000,
006,l2sp,startaphonecall,22,15,7,0.7142857142857143,76,1,1.0,11,0.5714285714285714,0.5714285714285714,0.0,0.24242424242424243,0.0005890114698559046,0.045454545454545456,6000,
006,l2sp,startaphonecall,22,15,7,0.7142857142857143,76,1,1.0,12,0.5714285714285714,0.5714285714285714,0.0,0.24242424242424243,4.5224192035675514e-06,0.041666666666666664,6000,
006,l2sp,startaphonecall,22,15,7,0.7142857142857143,76,1,1.0,13,0.5714285714285714,0.5714285714285714,0.0,0.24242424242424243,0.0003509063390083611,0.038461538461538464,6000,
006,l2sp,startaphonecall,22,15,7,0.7142857142857143,76,1,1.0,14,0.5714285714285714,0.5714285714285714,0.0,0.24242424242424243,6.5314343373756856e-06,0.03571428571428571,6000,
006,l2sp,startaphonecall,22,15,7,0.7142857142857143,76,1,1.0,15,0.42857142857142855,0.7142857142857143,0.0,0.2777777777777778,4.640787210519193e-06,0.03333333333333333,6000,
006,lookup,startaphonecall,22,15,7,0.7142857142857143,-1,-1,,1,1.0,0.0,,,0.0,0.0,0,3.0
006,lookup,startaphonecall,22,15,7,0.7142857142857143,-1,-1,,2,1.0,0.0,,,0.0,0.0,0,3.0
006,lookup,startaphonecall,22,15,7,0.7142857142857143,-1,-1,,3,1.0,0.0,,,0.0,0.0,0,3.0
006,lookup,startaphonecall,22,15,7,0.7142857142857143,-1,-1,,4,1.0,0.0,,,0.0,0.0,0,3.0
006,lookup,startaphonecall,22,15,7,0.7142857142857143,-1,-1,,5,1.0,0.0,,,0.0,0.0,0,3.0
006,lookup,startaphonecall,22,15,7,0.7142857142857143,-1,-1,,6,1.0,0.0,,,0.0,0.0,0,3.0
006,lookup,startaphonecall,22,15,7,0.7142857142857143,-1,-1,,7,1.0,0.0,,,0.0,0.0,0,3.0
006,lookup,startaphonecall,22,15,7,0.7142857142857143,-1,-1,,8,0.0,1.0,,,0.0,0.0,0,2.0
006,lookup,startaphonecall,22,15,7,0.7142857142857143,-1,-1,,9,0.0,1.0,,,0.0,0.0,0,2.0
006,lookup,startaphonecall,22,15,7,0.7142857142857143,-1,-1,,10,0.0,1.0,,,0.0,0.0,0,2.0
006,lookup,startaphonecall,22,15,7,0.7142857142857143,-1,-1,,11,0.0,1.0,,,0.0,0.0,0,2.0
006,lookup,startaphonecall,22,15,7,0.7142857142857143,-1,-1,,12,0.0,1.0,,,0.0,0.0,0,2.0
006,lookup,startaphonecall,22,15,7,0.7142857142857143,-1,-1,,13,0.0,1.0,,,0.0,0.0,0,2.0
006,lookup,startaphonecall,22,15,7,0.7142857142857143,-1,-1,,14,0.0,1.0,,,0.0,0.0,0,2.0
006,lookup,startaphonecall,22,15,7,0.7142857142857143,-1,-1,,15,0.0,1.0,,,0.0,0.0,0,2.0
007,anil,startaphonecall,28,20,8,0.5,76,1,1.0,0,0.5,0.5,0.1578947368421053,0.2222222222222222,0.0,0.0,0,
007,anil,startaphonecall,28,20,8,0.5,76,1,1.0,1,0.375,0.625,0.0,0.38461538461538464,0.00045022356789559126,0.5,6000,
007,anil,startaphonecall,28,20,8,0.5,76,1,1.0,2,0.375,0.625,0.0,0.38461538461538464,5.4945817282714415e-06,0.25,6000,
007,anil,startaphonecall,28,20,8,0.5,76,1,1.0,3,0.375,0.625,0.0,0.38461538461538464,6.88244270463656e-08,0.16666666666666666,6000,
007,anil,startaphonecall,28,20,8,0.5,76,1,1.0,4,0.375,0.625,0.0,0.38461538461538464,2.621201815600216e-07,0.125,6000,
007,anil,startaphonecall,28,20,8,0.5,76,1,1.0,5,0.375,0.625,0.0,0.38461538461538464,8.38655796542298e-06,0.1,6000,
007,anil,startaphonecall,28,20,8,0.5,76,1,1.0,6,0.75,0.25,-0.26315789473684204,0.2,5.508895355887944e-06,0.08333333333333333,6000,
007,anil,startaphonecall,28,20,8,0.5,76,1,1.0,7,0.625,0.375,-0.11111111111111116,0.36507936507936506,1.0224246125289937e-06,0.07142857142857142,6000,
007,anil,startaphonecall,28,20,8,0.5,76,1,1.0,8,0.5,0.5,-0.06666666666666665,0.4666666666666667,1.8318409274797887e-05,0.0625,6000,
007,anil,startaphonecall,28,20,8,0.5,76,1,1.0,9,0.25,0.75,0.3846153846153846,0.6666666666666667,0.0014163284795358777,0.05555555555555555,6000,
007,anil,startaphonecall,28,20,8,0.5,76,1,1.0,10,0.25,0.75,0.3846153846153846,0.6666666666666667,1.2095389934074774e-07,0.05,6000,
007,anil,startaphonecall,28,20,8,0.5,76,1,1.0,11,0.25,0.75,0.3846153846153846,0.6666666666666667,1.6613613240679115e-07,0.045454545454545456,6000,
007,anil,startaphonecall,28,20,8,0.5,76,1,1.0,12,0.25,0.75,0.3846153846153846,0.6666666666666667,1.0274727912928938e-07,0.041666666666666664,6000,
007,anil,startaphonecall,28,20,8,0.5,76,1,1.0,13,0.25,0.75,0.3846153846153846,0.6666666666666667,1.341400661658554e-07,0.038461538461538464,6000,
007,anil,startaphonecall,28,20,8,0.5,76,1,1.0,14,0.25,0.75,0.3846153846153846,0.6666666666666667,1.0540892390054069e-06,0.03571428571428571,6000,
007,anil,startaphonecall,28,20,8,0.5,76,1,1.0,15,0.25,0.75,0.3846153846153846,0.6666666666666667,0.0002518693800084293,0.03333333333333333,6000,
007,anil,startaphonecall,28,20,8,0.5,76,1,1.0,16,0.25,0.75,0.3846153846153846,0.6666666666666667,0.00345617369748652,0.03125,6000,
007,anil,startaphonecall,28,20,8,0.5,76,1,1.0,17,0.625,0.375,-0.25,0.36507936507936506,1.6517711628694087e-05,0.029411764705882353,6000,
007,anil,startaphonecall,28,20,8,0.5,76,1,1.0,18,0.5,0.5,-0.06666666666666665,0.4666666666666667,0.00011264927888987586,0.027777777777777776,6000,
007,anil,startaphonecall,28,20,8,0.5,76,1,1.0,19,0.25,0.75,0.3846153846153846,0.6666666666666667,0.003125222399830818,0.02631578947368421,6000,
007,anil,startaphonecall,28,20,8,0.5,76,1,1.0,20,0.25,0.75,0.3846153846153846,0.6666666666666667,2.072101051453501e-05,0.025,6000,
007,l2sp,startaphonecall,28,20,8,1.125,76,1,1.0,0,1.125,0.125,0.16129032258064513,0.16666666666666666,0.0,0.0,0,
007,l2sp,startaphonecall,28,20,8,1.125,76,1,1.0,1,0.5,0.5,0.1578947368421053,0.2222222222222222,0.000118859505164437,0.5,6000,
007,l2sp,startaphonecall,28,20,8,1.125,76,1,1.0,2,0.375,0.625,0.0,0.38461538461538464,0.0002680065808817744,0.25,6000,
007,l2sp,startaphonecall,28,20,8,1.125,76,1,1.0,3,0.375,0.625,0.0,0.38461538461538464,5.725615119445138e-05,0.16666666666666666,6000,
007,l2sp,startaphonecall,28,20,8,1.125,76,1,1.0,4,0.375,0.625,0.0,0.38461538461538464,1.2195810086268466e-06,0.125,6000,
007,l2sp,startaphonecall,28,20,8,1.125,76,1,1.0,5,0.25,0.75,0.3846153846153846,0.6666666666666667,6.091189061407931e-05,0.1,6000,
007,l2sp,startaphonecall,28,20,8,1.125,76,1,1.0,6,0.25,0.75,0.3846153846153846,0.6666666666666667,5.890124521101825e-05,0.08333333333333333,6000,
007,l2sp,startaphonecall,28,20,8,1.125,76,1,1.0,7,0.25,0.75,0.3846153846153846,0.6666666666666667,0.0015094835544005036,0.07142857142857142,6000,
007,l2sp,startaphonecall,28,20,8,1.125,76,1,1.0,8,0.25,0.75,0.3846153846153846,0.6666666666666667,1.6457650417578407e-05,0.0625,6000,
007,l2sp,startaphonecall,28,20,8,1.125,76,1,1.0,9,0.25,0.75,0.3846153846153846,0.6666666666666667,1.689269265625626e-05,0.05555555555555555,6000,
007,l2sp,startaphonecall,28,20,8,1.125,76,1,1.0,10,0.25,0.75,0.3846153846153846,0.6666666666666667,4.40792427980341e-06,0.05,6000,
007,l2sp,startaphonecall,28,20,8,1.125,76,1,1.0,11,0.25,0.75,0.3846153846153846,0.6666666666666667,0.0005441038520075381,0.045454545454545456,6000,
007,l2sp,startaphonecall,28,20,8,1.125,76,1,1.0,12,0.25,0.75,0.3846153846153846,0.6666666666666667,1.5360102167960576e-07,0.041666666666666664,6000,
007,l2sp,startaphonecall,28,20,8,1.125,76,1,1.0,13,0.25,0.75,0.3846153846153846,0.6666666666666667,1.5641656148090988e-07,0.038461538461538464,6000,
007,l2sp,startaphonecall,28,20,8,1.125,76,1,1.0,14,0.25,0.75,0.3846153846153846,0.6666666666666667,0.0003458288265392184,0.03571428571428571,6000,
007,l2sp,startaphonecall,28,20,8,1.125,76,1,1.0,15,0.25,0.75,0.3846153846153846,0.6666666666666667,0.0009016901603899896,0.03333333333333333,6000,
007,l2sp,startaphonecall,28,20,8,1.125,76,1,1.0,16,0.25,0.75,0.3846153846153846,0.6666666666666667,0.011040274053812027,0.03125,6000,
007,l2sp,startaphonecall,28,20,8,1.125,76,1,1.0,17,0.375,0.625,0.33333333333333337,0.6190476190476191,0.00015760197129566222,0.029411764705882353,6000,
007,l2sp,startaphonecall,28,20,8,1.125,76,1,1.0,18,0.375,0.625,0.33333333333333337,0.6190476190476191,0.007053579203784466,0.027777777777777776,6000,
007,l2sp,startaphonecall,28,20,8,1.125,76,1,1.0,19,0.25,0.75,0.3846153846153846,0.6666666666666667,0.0006299514207057655,0.02631578947368421,6000,
007,l2sp,startaphonecall,28,20,8,1.125,76,1,1.0,20,0.25,0.75,0.3846153846153846,0.6666666666666667,3.1968679650162812e-06,0.025,6000,
007,lookup,startaphonecall,28,20,8,1.125,-1,-1,,1,0.375,0.625,,,0.0,0.0,0,1.0
007,lookup,startaphonecall,28,20,8,1.125,-1,-1,,2,0.375,0.625,,,0.0,0.0,0,1.0
007,lookup,startaphonecall,28,20,8,1.125,-1,-1,,3,0.375,0.625,,,0.0,0.0,0,1.0
007,lookup,startaphonecall,28,20,8,1.125,-1,-1,,4,0.375,0.625,,,0.0,0.0,0,1.0
007,lookup,startaphonecall,28,20,8,1.125,-1,-1,,5,0.375,0.625,,,0.0,0.0,0,1.0
007,lookup,startaphonecall,28,20,8,1.125,-1,-1,,6,0.375,0.625,,,0.0,0.0,0,1.0
007,lookup,startaphonecall,28,20,8,1.125,-1,-1,,7,0.375,0.625,,,0.0,0.0,0,1.0
007,lookup,startaphonecall,28,20,8,1.125,-1,-1,,8,0.375,0.625,,,0.0,0.0,0,1.0
007,lookup,startaphonecall,28,20,8,1.125,-1,-1,,9,0.375,0.625,,,0.0,0.0,0,1.0
007,lookup,startaphonecall,28,20,8,1.125,-1,-1,,10,0.375,0.625,,,0.0,0.0,0,1.0
007,lookup,startaphonecall,28,20,8,1.125,-1,-1,,11,0.375,0.625,,,0.0,0.0,0,1.0
007,lookup,startaphonecall,28,20,8,1.125,-1,-1,,12,0.625,0.375,,,0.0,0.0,0,0.0
007,lookup,startaphonecall,28,20,8,1.125,-1,-1,,13,0.625,0.375,,,0.0,0.0,0,0.0
007,lookup,startaphonecall,28,20,8,1.125,-1,-1,,14,0.625,0.375,,,0.0,0.0,0,0.0
007,lookup,startaphonecall,28,20,8,1.125,-1,-1,,15,0.375,0.625,,,0.0,0.0,0,1.0
007,lookup,startaphonecall,28,20,8,1.125,-1,-1,,16,0.375,0.625,,,0.0,0.0,0,1.0
007,lookup,startaphonecall,28,20,8,1.125,-1,-1,,17,0.375,0.625,,,0.0,0.0,0,1.0
007,lookup,startaphonecall,28,20,8,1.125,-1,-1,,18,0.375,0.625,,,0.0,0.0,0,1.0
007,lookup,startaphonecall,28,20,8,1.125,-1,-1,,19,0.375,0.625,,,0.0,0.0,0,1.0
007,lookup,startaphonecall,28,20,8,1.125,-1,-1,,20,0.375,0.625,,,0.0,0.0,0,1.0
008,anil,startaphonecall,28,20,8,0.375,76,1,1.0,0,0.375,0.625,0.625,0.7142857142857143,0.0,0.0,0,
008,anil,startaphonecall,28,20,8,0.375,76,1,1.0,1,1.375,0.125,0.050000000000000044,0.08333333333333333,0.00085180759197101,0.5,6000,
008,anil,startaphonecall,28,20,8,0.375,76,1,1.0,2,1.375,0.125,0.050000000000000044,0.08333333333333333,0.00016357297135982662,0.25,6000,
008,anil,startaphonecall,28,20,8,0.375,76,1,1.0,3,1.5,0.125,0.0,0.07407407407407407,0.0002457560913171619,0.16666666666666666,6000,
008,anil,startaphonecall,28,20,8,0.375,76,1,1.0,4,1.5,0.125,0.0,0.07407407407407407,1.806074578780681e-05,0.125,6000,
008,anil,startaphonecall,28,20,8,0.375,76,1,1.0,5,1.5,0.125,0.0,0.07407407407407407,2.7242565920460038e-05,0.1,6000,
008,anil,startaphonecall,28,20,8,0.375,76,1,1.0,6,1.125,0.25,0.0625,0.24444444444444446,2.7277372282696888e-05,0.08333333333333333,6000,
008,anil,startaphonecall,28,20,8,0.375,76,1,1.0,7,1.125,0.25,0.0625,0.24444444444444446,3.184421075275168e-06,0.07142857142857142,6000,
008,anil,startaphonecall,28,20,8,0.375,76,1,1.0,8,1.375,0.125,0.050000000000000044,0.08333333333333333,5.98715414525941e-05,0.0625,6000,
008,anil,startaphonecall,28,20,8,0.375,76,1,1.0,9,1.125,0.25,0.0625,0.24444444444444446,9.730636520544067e-05,0.05555555555555555,6000,
008,anil,startaphonecall,28,20,8,0.375,76,1,1.0,10,1.25,0.25,0.0,0.2619047619047619,5.136032541486202e-06,0.05,6000,
008,anil,startaphonecall,28,20,8,0.375,76,1,1.0,11,1.375,0.25,-0.050000000000000044,0.3055555555555555,9.676083209342323e-06,0.045454545454545456,6000,
008,anil,startaphonecall,28,20,8,0.375,76,1,1.0,12,1.375,0.25,-0.050000000000000044,0.3055555555555555,0.0077279298566281796,0.041666666666666664,6000,
008,anil,startaphonecall,28,20,8,0.375,76,1,1.0,13,1.25,0.25,0.0,0.2619047619047619,0.001300813746638596,0.038461538461538464,6000,
008,anil,startaphonecall,28,20,8,0.375,76,1,1.0,14,1.25,0.25,0.0,0.2619047619047619,0.0018677450716495514,0.03571428571428571,6000,
008,anil,startaphonecall,28,20,8,0.375,76,1,1.0,15,0.75,0.5,0.2857142857142857,0.4904761904761905,0.00021611018746625632,0.03333333333333333,6000,
008,anil,startaphonecall,28,20,8,0.375,76,1,1.0,16,0.875,0.375,0.2142857142857143,0.37777777777777777,1.605186412234616e-06,0.03125,6000,
008,anil,startaphonecall,28,20,8,0.375,76,1,1.0,17,0.875,0.375,0.2142857142857143,0.37777777777777777,0.008082358166575432,0.029411764705882353,6000,
008,anil,startaphonecall,28,20,8,0.375,76,1,1.0,18,0.875,0.375,0.2142857142857143,0.37777777777777777,2.2245848185775685e-07,0.027777777777777776,6000,
008,anil,startaphonecall,28,20,8,0.375,76,1,1.0,19,0.875,0.375,0.2142857142857143,0.37777777777777777,1.3922200196248014e-05,0.02631578947368421,6000,
008,anil,startaphonecall,28,20,8,0.375,76,1,1.0,20,0.875,0.375,0.2142857142857143,0.37777777777777777,7.760815492474649e-07,0.025,6000,
008,l2sp,startaphonecall,28,20,8,1.375,76,1,1.0,0,1.375,0.125,0.050000000000000044,0.08333333333333333,0.0,0.0,0,
008,l2sp,startaphonecall,28,20,8,1.375,76,1,1.0,1,1.375,0.125,0.050000000000000044,0.08333333333333333,0.0004568196600303054,0.5,6000,
008,l2sp,startaphonecall,28,20,8,1.375,76,1,1.0,2,1.375,0.125,0.050000000000000044,0.08333333333333333,0.00030676746973767877,0.25,6000,
008,l2sp,startaphonecall,28,20,8,1.375,76,1,1.0,3,1.5,0.125,0.0,0.07407407407407407,0.00025221449322998524,0.16666666666666666,6000,
008,l2sp,startaphonecall,28,20,8,1.375,76,1,1.0,4,1.5,0.125,0.0,0.07407407407407407,0.00015418333350680768,0.125,6000,
008,l2sp,startaphonecall,28,20,8,1.375,76,1,1.0,5,1.5,0.125,0.0,0.07407407407407407,2.514248262741603e-05,0.1,6000,
008,l2sp,startaphonecall,28,20,8,1.375,76,1,1.0,6,1.375,0.125,0.050000000000000044,0.08333333333333333,5.200712985242717e-05,0.08333333333333333,6000,
008,l2sp,startaphonecall,28,20,8,1.375,76,1,1.0,7,1.375,0.125,0.050000000000000044,0.08333333333333333,0.00020820990903303027,0.07142857142857142,6000,
008,l2sp,startaphonecall,28,20,8,1.375,76,1,1.0,8,1.375,0.125,0.050000000000000044,0.08333333333333333,0.005967147648334503,0.0625,6000,
008,l2sp,startaphonecall,28,20,8,1.375,76,1,1.0,9,1.375,0.125,0.050000000000000044,0.08333333333333333,0.005706664174795151,0.05555555555555555,6000,
008,l2sp,startaphonecall,28,20,8,1.375,76,1,1.0,10,1.25,0.25,0.0,0.2619047619047619,1.0889966688409913e-05,0.05,6000,
008,l2sp,startaphonecall,28,20,8,1.375,76,1,1.0,11,1.375,0.25,-0.050000000000000044,0.3055555555555555,2.7229343686485663e-05,0.045454545454545456,6000,
008,l2sp,startaphonecall,28,20,8,1.375,76,1,1.0,12,1.25,0.25,0.0,0.2619047619047619,6.058312010281952e-06,0.041666666666666664,6000,
008,l2sp,startaphonecall,28,20,8,1.375,76,1,1.0,13,1.375,0.125,0.050000000000000044,0.08333333333333333,0.001418738393113017,0.038461538461538464,6000,
008,l2sp,startaphonecall,28,20,8,1.375,76,1,1.0,14,1.375,0.125,0.050000000000000044,0.08333333333333333,2.1844729417352937e-05,0.03571428571428571,6000,
008,l2sp,startaphonecall,28,20,8,1.375,76,1,1.0,15,1.125,0.25,0.16666666666666663,0.20634920634920637,8.470186730846763e-05,0.03333333333333333,6000,
008,l2sp,startaphonecall,28,20,8,1.375,76,1,1.0,16,1.125,0.25,0.16666666666666663,0.20634920634920637,0.000370703695807606,0.03125,6000,
008,l2sp,startaphonecall,28,20,8,1.375,76,1,1.0,17,1.0,0.375,0.125,0.38888888888888884,0.0010283931624144316,0.029411764705882353,6000,
008,l2sp,startaphonecall,28,20,8,1.375,76,1,1.0,18,1.0,0.375,0.125,0.38888888888888884,0.001487160101532936,0.027777777777777776,6000,
008,l2sp,startaphonecall,28,20,8,1.375,76,1,1.0,19,1.0,0.375,0.125,0.38888888888888884,0.0056754485704004765,0.02631578947368421,6000,
008,l2sp,startaphonecall,28,20,8,1.375,76,1,1.0,20,0.75,0.5,0.2857142857142857,0.4904761904761905,0.0002619768201839179,0.025,6000,
008,lookup,startaphonecall,28,20,8,1.375,-1,-1,,1,1.5,0.125,,,0.0,0.0,0,2.0
008,lookup,startaphonecall,28,20,8,1.375,-1,-1,,2,1.5,0.125,,,0.0,0.0,0,2.0
008,lookup,startaphonecall,28,20,8,1.375,-1,-1,,3,1.5,0.125,,,0.0,0.0,0,2.0
008,lookup,startaphonecall,28,20,8,1.375,-1,-1,,4,1.5,0.125,,,0.0,0.0,0,2.0
008,lookup,startaphonecall,28,20,8,1.375,-1,-1,,5,1.5,0.125,,,0.0,0.0,0,2.0
008,lookup,startaphonecall,28,20,8,1.375,-1,-1,,6,1.5,0.125,,,0.0,0.0,0,2.0
008,lookup,startaphonecall,28,20,8,1.375,-1,-1,,7,1.5,0.125,,,0.0,0.0,0,2.0
008,lookup,startaphonecall,28,20,8,1.375,-1,-1,,8,1.5,0.125,,,0.0,0.0,0,2.0
008,lookup,startaphonecall,28,20,8,1.375,-1,-1,,9,1.5,0.125,,,0.0,0.0,0,2.0
008,lookup,startaphonecall,28,20,8,1.375,-1,-1,,10,1.5,0.125,,,0.0,0.0,0,2.0
008,lookup,startaphonecall,28,20,8,1.375,-1,-1,,11,1.5,0.125,,,0.0,0.0,0,2.0
008,lookup,startaphonecall,28,20,8,1.375,-1,-1,,12,1.5,0.125,,,0.0,0.0,0,2.0
008,lookup,startaphonecall,28,20,8,1.375,-1,-1,,13,1.5,0.125,,,0.0,0.0,0,2.0
008,lookup,startaphonecall,28,20,8,1.375,-1,-1,,14,1.5,0.125,,,0.0,0.0,0,2.0
008,lookup,startaphonecall,28,20,8,1.375,-1,-1,,15,1.5,0.125,,,0.0,0.0,0,2.0
008,lookup,startaphonecall,28,20,8,1.375,-1,-1,,16,1.5,0.125,,,0.0,0.0,0,2.0
008,lookup,startaphonecall,28,20,8,1.375,-1,-1,,17,1.5,0.125,,,0.0,0.0,0,2.0
008,lookup,startaphonecall,28,20,8,1.375,-1,-1,,18,1.5,0.125,,,0.0,0.0,0,2.0
008,lookup,startaphonecall,28,20,8,1.375,-1,-1,,19,1.5,0.125,,,0.0,0.0,0,2.0
008,lookup,startaphonecall,28,20,8,1.375,-1,-1,,20,1.5,0.125,,,0.0,0.0,0,2.0
009,anil,startaphonecall,25,17,8,1.0,76,1,1.0,0,1.0,0.25,-0.19999999999999996,0.16666666666666666,0.0,0.0,0,
009,anil,startaphonecall,25,17,8,1.0,76,1,1.0,1,0.75,0.5,-0.25,0.26666666666666666,2.1131199900992215e-05,0.5,6000,
009,anil,startaphonecall,25,17,8,1.0,76,1,1.0,2,0.5,0.625,-0.19999999999999996,0.2777777777777778,0.0007271125796250999,0.25,6000,
009,anil,startaphonecall,25,17,8,1.0,76,1,1.0,3,0.5,0.625,-0.19999999999999996,0.2777777777777778,5.186338398743828e-07,0.16666666666666666,6000,
009,anil,startaphonecall,25,17,8,1.0,76,1,1.0,4,0.375,0.625,0.25,0.6190476190476191,1.665902709646616e-05,0.125,6000,
009,anil,startaphonecall,25,17,8,1.0,76,1,1.0,5,0.375,0.625,0.1428571428571429,0.5636363636363637,5.281556150293909e-05,0.1,6000,
009,anil,startaphonecall,25,17,8,1.0,76,1,1.0,6,0.375,0.625,0.1428571428571429,0.5636363636363637,5.537700872082496e-06,0.08333333333333333,6000,
009,anil,startaphonecall,25,17,8,1.0,76,1,1.0,7,0.375,0.625,0.1428571428571429,0.5636363636363637,0.0041452632285654545,0.07142857142857142,6000,
009,anil,startaphonecall,25,17,8,1.0,76,1,1.0,8,0.375,0.625,0.1428571428571429,0.5636363636363637,8.119538688333705e-05,0.0625,6000,
009,anil,startaphonecall,25,17,8,1.0,76,1,1.0,9,0.375,0.625,0.1428571428571429,0.5636363636363637,0.0016687046736478806,0.05555555555555555,6000,
009,anil,startaphonecall,25,17,8,1.0,76,1,1.0,10,0.25,0.75,0.0,0.42857142857142855,0.00010593682964099571,0.05,6000,
009,anil,startaphonecall,25,17,8,1.0,76,1,1.0,11,0.375,0.625,0.1428571428571429,0.5636363636363637,0.0011610642541199923,0.045454545454545456,6000,
009,anil,startaphonecall,25,17,8,1.0,76,1,1.0,12,0.375,0.625,-0.19999999999999996,0.38461538461538464,6.293435944826342e-06,0.041666666666666664,6000,
009,anil,startaphonecall,25,17,8,1.0,76,1,1.0,13,0.375,0.625,0.1428571428571429,0.5636363636363637,0.003945641685277224,0.038461538461538464,6000,
009,anil,startaphonecall,25,17,8,1.0,76,1,1.0,14,0.25,0.75,0.0,0.42857142857142855,0.001970286713913083,0.03571428571428571,6000,
009,anil,startaphonecall,25,17,8,1.0,76,1,1.0,15,0.375,0.625,0.1428571428571429,0.5636363636363637,0.0023049400188028812,0.03333333333333333,6000,
009,anil,startaphonecall,25,17,8,1.0,76,1,1.0,16,0.375,0.625,-0.19999999999999996,0.38461538461538464,0.00015751307364553213,0.03125,6000,
009,anil,startaphonecall,25,17,8,1.0,76,1,1.0,17,0.375,0.625,-0.19999999999999996,0.38461538461538464,0.0010317832930013537,0.029411764705882353,6000,
009,l2sp,startaphonecall,25,17,8,0.625,76,1,1.0,0,0.625,0.625,-0.46666666666666656,0.2777777777777778,0.0,0.0,0,
009,l2sp,startaphonecall,25,17,8,0.625,76,1,1.0,1,0.25,0.75,0.0,0.42857142857142855,2.5618555810069665e-05,0.5,6000,
009,l2sp,startaphonecall,25,17,8,0.625,76,1,1.0,2,0.25,0.75,0.0,0.42857142857142855,9.89597465377301e-05,0.25,6000,
009,l2sp,startaphonecall,25,17,8,0.625,76,1,1.0,3,0.375,0.625,-0.19999999999999996,0.38461538461538464,7.282626756932586e-05,0.16666666666666666,6000,
009,l2sp,startaphonecall,25,17,8,0.625,76,1,1.0,4,0.375,0.625,-0.19999999999999996,0.38461538461538464,1.9602966858656146e-05,0.125,6000,
009,l2sp,startaphonecall,25,17,8,0.625,76,1,1.0,5,0.375,0.625,0.1428571428571429,0.5636363636363637,1.8821383491740562e-05,0.1,6000,
009,l2sp,startaphonecall,25,17,8,0.625,76,1,1.0,6,0.375,0.625,-0.19999999999999996,0.38461538461538464,0.005708795040845871,0.08333333333333333,6000,
009,l2sp,startaphonecall,25,17,8,0.625,76,1,1.0,7,0.375,0.625,-0.19999999999999996,0.38461538461538464,0.0002450657484587282,0.07142857142857142,6000,
009,l2sp,startaphonecall,25,17,8,0.625,76,1,1.0,8,0.375,0.625,-0.19999999999999996,0.38461538461538464,6.3233728724299e-06,0.0625,6000,
009,l2sp,startaphonecall,25,17,8,0.625,76,1,1.0,9,0.375,0.625,-0.19999999999999996,0.38461538461538464,1.1305637599434704e-05,0.05555555555555555,6000,
009,l2sp,startaphonecall,25,17,8,0.625,76,1,1.0,10,0.375,0.625,-0.19999999999999996,0.38461538461538464,1.2949994015798438e-05,0.05,6000,
009,l2sp,startaphonecall,25,17,8,0.625,76,1,1.0,11,0.375,0.625,-0.19999999999999996,0.38461538461538464,0.011811765842139721,0.045454545454545456,6000,
009,l2sp,startaphonecall,25,17,8,0.625,76,1,1.0,12,0.375,0.625,-0.19999999999999996,0.38461538461538464,0.00011604293104028329,0.041666666666666664,6000,
009,l2sp,startaphonecall,25,17,8,0.625,76,1,1.0,13,0.375,0.625,-0.19999999999999996,0.38461538461538464,9.357345902571979e-07,0.038461538461538464,6000,
009,l2sp,startaphonecall,25,17,8,0.625,76,1,1.0,14,0.375,0.625,-0.19999999999999996,0.38461538461538464,0.0007894005393609405,0.03571428571428571,6000,
009,l2sp,startaphonecall,25,17,8,0.625,76,1,1.0,15,0.375,0.625,-0.19999999999999996,0.38461538461538464,8.390832954319194e-05,0.03333333333333333,6000,
009,l2sp,startaphonecall,25,17,8,0.625,76,1,1.0,16,0.375,0.625,-0.19999999999999996,0.38461538461538464,6.522384410345694e-06,0.03125,6000,
009,l2sp,startaphonecall,25,17,8,0.625,76,1,1.0,17,0.375,0.625,-0.19999999999999996,0.38461538461538464,0.0006363603170029819,0.029411764705882353,6000,
009,lookup,startaphonecall,25,17,8,0.625,-1,-1,,1,0.25,0.75,,,0.0,0.0,0,1.0
009,lookup,startaphonecall,25,17,8,0.625,-1,-1,,2,0.25,0.75,,,0.0,0.0,0,1.0
009,lookup,startaphonecall,25,17,8,0.625,-1,-1,,3,0.25,0.75,,,0.0,0.0,0,1.0
009,lookup,startaphonecall,25,17,8,0.625,-1,-1,,4,0.25,0.75,,,0.0,0.0,0,1.0
009,lookup,startaphonecall,25,17,8,0.625,-1,-1,,5,0.25,0.75,,,0.0,0.0,0,1.0
009,lookup,startaphonecall,25,17,8,0.625,-1,-1,,6,0.25,0.75,,,0.0,0.0,0,1.0
009,lookup,startaphonecall,25,17,8,0.625,-1,-1,,7,0.25,0.75,,,0.0,0.0,0,1.0
009,lookup,startaphonecall,25,17,8,0.625,-1,-1,,8,0.25,0.75,,,0.0,0.0,0,1.0
009,lookup,startaphonecall,25,17,8,0.625,-1,-1,,9,0.25,0.75,,,0.0,0.0,0,1.0
009,lookup,startaphonecall,25,17,8,0.625,-1,-1,,10,0.25,0.75,,,0.0,0.0,0,1.0
009,lookup,startaphonecall,25,17,8,0.625,-1,-1,,11,0.25,0.75,,,0.0,0.0,0,1.0
009,lookup,startaphonecall,25,17,8,0.625,-1,-1,,12,0.25,0.75,,,0.0,0.0,0,1.0
009,lookup,startaphonecall,25,17,8,0.625,-1,-1,,13,0.25,0.75,,,0.0,0.0,0,1.0
009,lookup,startaphonecall,25,17,8,0.625,-1,-1,,14,0.25,0.75,,,0.0,0.0,0,1.0
009,lookup,startaphonecall,25,17,8,0.625,-1,-1,,15,0.25,0.75,,,0.0,0.0,0,1.0
009,lookup,startaphonecall,25,17,8,0.625,-1,-1,,16,0.25,0.75,,,0.0,0.0,0,1.0
009,lookup,startaphonecall,25,17,8,0.625,-1,-1,,17,0.25,0.75,,,0.0,0.0,0,1.0
010,anil,startaphonecall,24,17,7,0.5714285714285714,76,1,1.0,0,0.5714285714285714,0.42857142857142855,0.0,0.3,0.0,0.0,0,
010,anil,startaphonecall,24,17,7,0.5714285714285714,76,1,1.0,1,0.2857142857142857,0.7142857142857143,0.0,0.4166666666666667,0.0012300254311412573,0.5,6000,
010,anil,startaphonecall,24,17,7,0.5714285714285714,76,1,1.0,2,0.14285714285714285,0.8571428571428571,0.0,0.46153846153846156,0.0014067579759284854,0.25,6000,
010,anil,startaphonecall,24,17,7,0.5714285714285714,76,1,1.0,3,0.14285714285714285,0.8571428571428571,0.0,0.46153846153846156,6.58735225442797e-05,0.16666666666666666,6000,
010,anil,startaphonecall,24,17,7,0.5714285714285714,76,1,1.0,4,0.14285714285714285,0.8571428571428571,0.0,0.46153846153846156,5.0741349696181715e-05,0.125,6000,
010,anil,startaphonecall,24,17,7,0.5714285714285714,76,1,1.0,5,0.14285714285714285,0.8571428571428571,0.0,0.46153846153846156,8.251224062405527e-05,0.1,6000,
010,anil,startaphonecall,24,17,7,0.5714285714285714,76,1,1.0,6,0.14285714285714285,0.8571428571428571,0.0,0.46153846153846156,0.0001227584871230647,0.08333333333333333,6000,
010,anil,startaphonecall,24,17,7,0.5714285714285714,76,1,1.0,7,0.14285714285714285,0.8571428571428571,0.0,0.46153846153846156,8.091732297543786e-07,0.07142857142857142,6000,
010,anil,startaphonecall,24,17,7,0.5714285714285714,76,1,1.0,8,0.0,1.0,1.0,1.0,0.00011695121793309227,0.0625,6000,
010,anil,startaphonecall,24,17,7,0.5714285714285714,76,1,1.0,9,0.0,1.0,1.0,1.0,3.092944567129052e-08,0.05555555555555555,6000,
010,anil,startaphonecall,24,17,7,0.5714285714285714,76,1,1.0,10,0.0,1.0,1.0,1.0,6.073346270341062e-08,0.05,6000,
010,anil,startaphonecall,24,17,7,0.5714285714285714,76,1,1.0,11,0.0,1.0,1.0,1.0,2.6171974809585663e-07,0.045454545454545456,6000,
010,anil,startaphonecall,24,17,7,0.5714285714285714,76,1,1.0,12,0.0,1.0,1.0,1.0,1.4606452168663964e-05,0.041666666666666664,6000,
010,anil,startaphonecall,24,17,7,0.5714285714285714,76,1,1.0,13,0.0,1.0,1.0,1.0,2.7585235429228305e-08,0.038461538461538464,6000,
010,anil,startaphonecall,24,17,7,0.5714285714285714,76,1,1.0,14,0.0,1.0,1.0,1.0,3.2398979499248526e-08,0.03571428571428571,6000,
010,anil,startaphonecall,24,17,7,0.5714285714285714,76,1,1.0,15,0.0,1.0,1.0,1.0,3.0427287356360466e-08,0.03333333333333333,6000,
010,anil,startaphonecall,24,17,7,0.5714285714285714,76,1,1.0,16,0.0,1.0,1.0,1.0,2.135160912075662e-06,0.03125,6000,
010,anil,startaphonecall,24,17,7,0.5714285714285714,76,1,1.0,17,0.0,1.0,1.0,1.0,9.826511160326845e-08,0.029411764705882353,6000,
010,l2sp,startaphonecall,24,17,7,0.2857142857142857,76,1,1.0,0,0.2857142857142857,0.7142857142857143,0.0,0.4166666666666667,0.0,0.0,0,
010,l2sp,startaphonecall,24,17,7,0.2857142857142857,76,1,1.0,1,0.14285714285714285,0.8571428571428571,0.0,0.46153846153846156,3.225455657229759e-05,0.5,6000,
010,l2sp,startaphonecall,24,17,7,0.2857142857142857,76,1,1.0,2,0.14285714285714285,0.8571428571428571,0.0,0.46153846153846156,0.0015831292839720845,0.25,6000,
010,l2sp,startaphonecall,24,17,7,0.2857142857142857,76,1,1.0,3,0.14285714285714285,0.8571428571428571,0.0,0.46153846153846156,0.001252933288924396,0.16666666666666666,6000,
010,l2sp,startaphonecall,24,17,7,0.2857142857142857,76,1,1.0,4,0.14285714285714285,0.8571428571428571,0.0,0.46153846153846156,0.0004279949644114822,0.125,6000,
010,l2sp,startaphonecall,24,17,7,0.2857142857142857,76,1,1.0,5,0.0,1.0,1.0,1.0,0.00011596552940318361,0.1,6000,
010,l2sp,startaphonecall,24,17,7,0.2857142857142857,76,1,1.0,6,0.0,1.0,1.0,1.0,3.8498978938150685e-07,0.08333333333333333,6000,
010,l2sp,startaphonecall,24,17,7,0.2857142857142857,76,1,1.0,7,0.0,1.0,1.0,1.0,0.00011732010170817375,0.07142857142857142,6000,
010,l2sp,startaphonecall,24,17,7,0.2857142857142857,76,1,1.0,8,0.0,1.0,1.0,1.0,6.387875328073278e-05,0.0625,6000,
010,l2sp,startaphonecall,24,17,7,0.2857142857142857,76,1,1.0,9,0.0,1.0,1.0,1.0,2.1085288608446717e-05,0.05555555555555555,6000,
010,l2sp,startaphonecall,24,17,7,0.2857142857142857,76,1,1.0,10,0.0,1.0,1.0,1.0,2.341259808247287e-08,0.05,6000,
010,l2sp,startaphonecall,24,17,7,0.2857142857142857,76,1,1.0,11,0.0,1.0,1.0,1.0,2.2932267640385362e-08,0.045454545454545456,6000,
010,l2sp,startaphonecall,24,17,7,0.2857142857142857,76,1,1.0,12,0.0,1.0,1.0,1.0,2.761955109065184e-08,0.041666666666666664,6000,
010,l2sp,startaphonecall,24,17,7,0.2857142857142857,76,1,1.0,13,0.0,1.0,1.0,1.0,8.89919320457011e-08,0.038461538461538464,6000,
010,l2sp,startaphonecall,24,17,7,0.2857142857142857,76,1,1.0,14,0.0,1.0,1.0,1.0,2.6673429687207317e-08,0.03571428571428571,6000,
010,l2sp,startaphonecall,24,17,7,0.2857142857142857,76,1,1.0,15,0.0,1.0,1.0,1.0,2.2824266920906666e-08,0.03333333333333333,6000,
010,l2sp,startaphonecall,24,17,7,0.2857142857142857,76,1,1.0,16,0.0,1.0,1.0,1.0,4.4237248175704735e-07,0.03125,6000,
010,l2sp,startaphonecall,24,17,7,0.2857142857142857,76,1,1.0,17,0.0,1.0,1.0,1.0,2.8039659810019657e-05,0.029411764705882353,6000,
010,lookup,startaphonecall,24,17,7,0.2857142857142857,-1,-1,,1,0.0,1.0,,,0.0,0.0,0,2.0
010,lookup,startaphonecall,24,17,7,0.2857142857142857,-1,-1,,2,0.0,1.0,,,0.0,0.0,0,2.0
010,lookup,startaphonecall,24,17,7,0.2857142857142857,-1,-1,,3,0.0,1.0,,,0.0,0.0,0,2.0
010,lookup,startaphonecall,24,17,7,0.2857142857142857,-1,-1,,4,0.0,1.0,,,0.0,0.0,0,2.0
010,lookup,startaphonecall,24,17,7,0.2857142857142857,-1,-1,,5,0.0,1.0,,,0.0,0.0,0,2.0
010,lookup,startaphonecall,24,17,7,0.2857142857142857,-1,-1,,6,0.0,1.0,,,0.0,0.0,0,2.0
010,lookup,startaphonecall,24,17,7,0.2857142857142857,-1,-1,,7,0.0,1.0,,,0.0,0.0,0,2.0
010,lookup,startaphonecall,24,17,7,0.2857142857142857,-1,-1,,8,0.0,1.0,,,0.0,0.0,0,2.0
010,lookup,startaphonecall,24,17,7,0.2857142857142857,-1,-1,,9,0.0,1.0,,,0.0,0.0,0,2.0
010,lookup,startaphonecall,24,17,7,0.2857142857142857,-1,-1,,10,0.0,1.0,,,0.0,0.0,0,2.0
010,lookup,startaphonecall,24,17,7,0.2857142857142857,-1,-1,,11,0.0,1.0,,,0.0,0.0,0,2.0
010,lookup,startaphonecall,24,17,7,0.2857142857142857,-1,-1,,12,0.0,1.0,,,0.0,0.0,0,2.0
010,lookup,startaphonecall,24,17,7,0.2857142857142857,-1,-1,,13,0.0,1.0,,,0.0,0.0,0,2.0
010,lookup,startaphonecall,24,17,7,0.2857142857142857,-1,-1,,14,0.0,1.0,,,0.0,0.0,0,2.0
010,lookup,startaphonecall,24,17,7,0.2857142857142857,-1,-1,,15,0.0,1.0,,,0.0,0.0,0,2.0
010,lookup,startaphonecall,24,17,7,0.2857142857142857,-1,-1,,16,0.0,1.0,,,0.0,0.0,0,2.0
010,lookup,startaphonecall,24,17,7,0.2857142857142857,-1,-1,,17,0.0,1.0,,,0.0,0.0,0,2.0
011,anil,startaphonecall,32,22,10,2.1,76,1,1.0,0,2.1,0.0,0.06844106463878319,0.0,0.0,0.0,0,
011,anil,startaphonecall,32,22,10,2.1,76,1,1.0,1,1.3,0.2,0.17218543046357615,0.08888888888888888,0.0009198618936352432,0.5,6000,
011,anil,startaphonecall,32,22,10,2.1,76,1,1.0,2,1.2,0.3,0.12408759124087587,0.146031746031746,0.00017290681716986,0.25,6000,
011,anil,startaphonecall,32,22,10,2.1,76,1,1.0,3,1.2,0.3,0.12408759124087587,0.146031746031746,0.0005065050791017711,0.16666666666666666,6000,
011,anil,startaphonecall,32,22,10,2.1,76,1,1.0,4,1.0,0.3,0.19191919191919182,0.1388888888888889,3.482044849079102e-05,0.125,6000,
011,anil,startaphonecall,32,22,10,2.1,76,1,1.0,5,1.0,0.3,0.2660550458715596,0.12,0.00011142101720906794,0.1,6000,
011,anil,startaphonecall,32,22,10,2.1,76,1,1.0,6,0.8,0.4,0.2592592592592592,0.2125,2.7039861379307695e-05,0.08333333333333333,6000,
011,anil,startaphonecall,32,22,10,2.1,76,1,1.0,7,0.8,0.4,0.2592592592592592,0.2125,1.2511677596194204e-05,0.07142857142857142,6000,
011,anil,startaphonecall,32,22,10,2.1,76,1,1.0,8,0.8,0.4,0.2592592592592592,0.2125,2.546872224229446e-07,0.0625,6000,
011,anil,startaphonecall,32,22,10,2.1,76,1,1.0,9,0.8,0.4,0.2592592592592592,0.2125,8.656625141156837e-07,0.05555555555555555,6000,
011,anil,startaphonecall,32,22,10,2.1,76,1,1.0,10,0.9,0.3,0.23529411764705888,0.16666666666666666,1.5550995158264413e-07,0.05,6000,
011,anil,startaphonecall,32,22,10,2.1,76,1,1.0,11,0.8,0.4,0.2592592592592592,0.2125,6.36810142395916e-08,0.045454545454545456,6000,
011,anil,startaphonecall,32,22,10,2.1,76,1,1.0,12,0.8,0.4,0.2592592592592592,0.2125,2.9426626497297548e-05,0.041666666666666664,6000,
011,anil,startaphonecall,32,22,10,2.1,76,1,1.0,13,0.8,0.4,0.2592592592592592,0.2125,3.073814980325551e-08,0.038461538461538464,6000,
011,anil,startaphonecall,32,22,10,2.1,76,1,1.0,14,0.7,0.5,0.2857142857142857,0.2532467532467533,6.11228131219832e-07,0.03571428571428571,6000,
011,anil,startaphonecall,32,22,10,2.1,76,1,1.0,15,0.7,0.5,0.2857142857142857,0.2532467532467533,8.691077937328373e-07,0.03333333333333333,6000,
011,anil,startaphonecall,32,22,10,2.1,76,1,1.0,16,0.5,0.7,0.34782608695652173,0.3307692307692308,8.037163206608966e-05,0.03125,6000,
011,anil,startaphonecall,32,22,10,2.1,76,1,1.0,17,0.5,0.7,0.34782608695652173,0.3307692307692308,3.072613097288013e-08,0.029411764705882353,6000,
011,anil,startaphonecall,32,22,10,2.1,76,1,1.0,18,0.5,0.7,0.34782608695652173,0.3307692307692308,3.775859980237328e-08,0.027777777777777776,6000,
011,anil,startaphonecall,32,22,10,2.1,76,1,1.0,19,0.4,0.7,0.33333333333333337,0.3307692307692308,3.369885348547541e-08,0.02631578947368421,6000,
011,anil,startaphonecall,32,22,10,2.1,76,1,1.0,20,0.4,0.7,0.1428571428571429,0.4682539682539682,3.7811727082726065e-08,0.025,6000,
011,anil,startaphonecall,32,22,10,2.1,76,1,1.0,21,0.1,0.9,0.782608695652174,0.6444444444444445,4.2381806508728914e-08,0.023809523809523808,6000,
011,anil,startaphonecall,32,22,10,2.1,76,1,1.0,22,0.1,0.9,0.782608695652174,0.6444444444444445,3.3325441961551405e-08,0.022727272727272728,6000,
011,l2sp,startaphonecall,32,22,10,2.1,76,1,1.0,0,2.1,0.1,-0.08058608058608074,0.08,0.0,0.0,0,
011,l2sp,startaphonecall,32,22,10,2.1,76,1,1.0,1,1.3,0.2,-0.03053435114503822,0.10714285714285714,0.0007634843932464719,0.5,6000,
011,l2sp,startaphonecall,32,22,10,2.1,76,1,1.0,2,1.2,0.3,-0.023622047244094446,0.15555555555555553,0.0005291400593705475,0.25,6000,
011,l2sp,startaphonecall,32,22,10,2.1,76,1,1.0,3,1.2,0.3,-0.023622047244094446,0.15555555555555553,0.00014277147420216352,0.16666666666666666,6000,
011,l2sp,startaphonecall,32,22,10,2.1,76,1,1.0,4,1.2,0.4,-0.021897810218978186,0.22000000000000003,0.00018458100385032594,0.125,6000,
011,l2sp,startaphonecall,32,22,10,2.1,76,1,1.0,5,0.8,0.5,0.012345679012345623,0.28181818181818186,0.00011198971333215013,0.1,6000,
011,l2sp,startaphonecall,32,22,10,2.1,76,1,1.0,6,0.6,0.5,0.24528301886792458,0.2532467532467533,4.506817276705988e-06,0.08333333333333333,6000,
011,l2sp,startaphonecall,32,22,10,2.1,76,1,1.0,7,0.7,0.4,0.21052631578947367,0.2125,2.321373131053406e-06,0.07142857142857142,6000,
011,l2sp,startaphonecall,32,22,10,2.1,76,1,1.0,8,0.7,0.4,0.21052631578947367,0.2125,2.3125330699258484e-06,0.0625,6000,
011,l2sp,startaphonecall,32,22,10,2.1,76,1,1.0,9,0.7,0.4,0.21052631578947367,0.2125,2.807466216836474e-06,0.05555555555555555,6000,
011,l2sp,startaphonecall,32,22,10,2.1,76,1,1.0,10,0.8,0.3,0.180327868852459,0.16666666666666666,1.224459964532798e-07,0.05,6000,
011,l2sp,startaphonecall,32,22,10,2.1,76,1,1.0,11,0.8,0.3,0.180327868852459,0.16666666666666666,1.203636475111125e-05,0.045454545454545456,6000,
011,l2sp,startaphonecall,32,22,10,2.1,76,1,1.0,12,0.8,0.3,0.180327868852459,0.16666666666666666,2.2759505213798548e-07,0.041666666666666664,6000,
011,l2sp,startaphonecall,32,22,10,2.1,76,1,1.0,13,0.7,0.4,0.21052631578947367,0.2125,2.265464445372345e-06,0.038461538461538464,6000,
011,l2sp,startaphonecall,32,22,10,2.1,76,1,1.0,14,0.5,0.6,0.2857142857142856,0.2916666666666667,5.51199173060013e-06,0.03571428571428571,6000,
011,l2sp,startaphonecall,32,22,10,2.1,76,1,1.0,15,0.5,0.6,0.2857142857142856,0.2916666666666667,2.490057511295163e-07,0.03333333333333333,6000,
011,l2sp,startaphonecall,32,22,10,2.1,76,1,1.0,16,0.3,0.8,0.19354838709677424,0.5299145299145299,1.9154299479851034e-06,0.03125,6000,
011,l2sp,startaphonecall,32,22,10,2.1,76,1,1.0,17,0.4,0.7,-0.11111111111111116,0.41904761904761906,2.8178966715586284e-08,0.029411764705882353,6000,
011,l2sp,startaphonecall,32,22,10,2.1,76,1,1.0,18,0.4,0.7,-0.11111111111111116,0.41904761904761906,3.554541549988244e-08,0.027777777777777776,6000,
011,l2sp,startaphonecall,32,22,10,2.1,76,1,1.0,19,0.5,0.6,-0.5217391304347825,0.26666666666666666,5.336316988291401e-08,0.02631578947368421,6000,
011,l2sp,startaphonecall,32,22,10,2.1,76,1,1.0,20,0.5,0.6,-0.12903225806451601,0.36752136752136755,4.7205976017039575e-08,0.025,6000,
011,l2sp,startaphonecall,32,22,10,2.1,76,1,1.0,21,0.3,0.7,0.0,0.2745098039215686,3.096199918672937e-08,0.023809523809523808,6000,
011,l2sp,startaphonecall,32,22,10,2.1,76,1,1.0,22,0.3,0.7,0.0,0.2745098039215686,4.230439643038153e-08,0.022727272727272728,6000,
011,lookup,startaphonecall,32,22,10,2.1,-1,-1,,1,0.3,0.7,,,0.0,0.0,0,3.0
011,lookup,startaphonecall,32,22,10,2.1,-1,-1,,2,0.3,0.7,,,0.0,0.0,0,3.0
011,lookup,startaphonecall,32,22,10,2.1,-1,-1,,3,0.3,0.7,,,0.0,0.0,0,3.0
011,lookup,startaphonecall,32,22,10,2.1,-1,-1,,4,0.3,0.7,,,0.0,0.0,0,3.0
011,lookup,startaphonecall,32,22,10,2.1,-1,-1,,5,0.3,0.7,,,0.0,0.0,0,3.0
011,lookup,startaphonecall,32,22,10,2.1,-1,-1,,6,0.3,0.7,,,0.0,0.0,0,3.0
011,lookup,startaphonecall,32,22,10,2.1,-1,-1,,7,0.3,0.7,,,0.0,0.0,0,3.0
011,lookup,startaphonecall,32,22,10,2.1,-1,-1,,8,0.3,0.7,,,0.0,0.0,0,3.0
011,lookup,startaphonecall,32,22,10,2.1,-1,-1,,9,0.3,0.7,,,0.0,0.0,0,3.0
011,lookup,startaphonecall,32,22,10,2.1,-1,-1,,10,0.3,0.7,,,0.0,0.0,0,3.0
011,lookup,startaphonecall,32,22,10,2.1,-1,-1,,11,0.3,0.7,,,0.0,0.0,0,3.0
011,lookup,startaphonecall,32,22,10,2.1,-1,-1,,12,0.3,0.7,,,0.0,0.0,0,3.0
011,lookup,startaphonecall,32,22,10,2.1,-1,-1,,13,0.3,0.7,,,0.0,0.0,0,3.0
011,lookup,startaphonecall,32,22,10,2.1,-1,-1,,14,0.3,0.7,,,0.0,0.0,0,3.0
011,lookup,startaphonecall,32,22,10,2.1,-1,-1,,15,0.3,0.7,,,0.0,0.0,0,3.0
011,lookup,startaphonecall,32,22,10,2.1,-1,-1,,16,0.3,0.7,,,0.0,0.0,0,3.0
011,lookup,startaphonecall,32,22,10,2.1,-1,-1,,17,0.3,0.7,,,0.0,0.0,0,3.0
011,lookup,startaphonecall,32,22,10,2.1,-1,-1,,18,0.3,0.7,,,0.0,0.0,0,3.0
011,lookup,startaphonecall,32,22,10,2.1,-1,-1,,19,0.3,0.7,,,0.0,0.0,0,3.0
011,lookup,startaphonecall,32,22,10,2.1,-1,-1,,20,0.3,0.7,,,0.0,0.0,0,3.0
011,lookup,startaphonecall,32,22,10,2.1,-1,-1,,21,0.3,0.7,,,0.0,0.0,0,3.0
011,lookup,startaphonecall,32,22,10,2.1,-1,-1,,22,0.3,0.7,,,0.0,0.0,0,3.0
012,anil,startaphonecall,19,13,6,0.0,76,1,1.0,0,0.0,1.0,1.0,1.0,0.0,0.0,0,
012,anil,startaphonecall,19,13,6,0.0,76,1,1.0,1,1.0,0.0,0.0,0.0,0.0004243192670401186,0.5,6000,
012,anil,startaphonecall,19,13,6,0.0,76,1,1.0,2,1.0,0.0,0.0,0.0,0.0003278498479630798,0.25,6000,
012,anil,startaphonecall,19,13,6,0.0,76,1,1.0,3,1.0,0.0,0.0,0.0,0.0010235096560791135,0.16666666666666666,6000,
012,anil,startaphonecall,19,13,6,0.0,76,1,1.0,4,0.3333333333333333,0.6666666666666666,0.0,0.4,0.0005358304479159415,0.125,6000,
012,anil,startaphonecall,19,13,6,0.0,76,1,1.0,5,0.3333333333333333,0.6666666666666666,0.0,0.4,6.376973760779947e-05,0.1,6000,
012,anil,startaphonecall,19,13,6,0.0,76,1,1.0,6,0.3333333333333333,0.6666666666666666,0.0,0.4,2.2009779058862478e-05,0.08333333333333333,6000,
012,anil,startaphonecall,19,13,6,0.0,76,1,1.0,7,0.0,1.0,1.0,1.0,0.0002615184639580548,0.07142857142857142,6000,
012,anil,startaphonecall,19,13,6,0.0,76,1,1.0,8,0.0,1.0,1.0,1.0,6.927134381840006e-05,0.0625,6000,
012,anil,startaphonecall,19,13,6,0.0,76,1,1.0,9,0.0,1.0,1.0,1.0,5.6226774177048355e-05,0.05555555555555555,6000,
012,anil,startaphonecall,19,13,6,0.0,76,1,1.0,10,0.5,0.5,0.0,0.3333333333333333,9.22873368836008e-05,0.05,6000,
012,anil,startaphonecall,19,13,6,0.0,76,1,1.0,11,0.5,0.5,0.0,0.3333333333333333,0.0042107379995286465,0.045454545454545456,6000,
012,anil,startaphonecall,19,13,6,0.0,76,1,1.0,12,0.5,0.5,0.0,0.3333333333333333,1.3103857554597198e-06,0.041666666666666664,6000,
012,anil,startaphonecall,19,13,6,0.0,76,1,1.0,13,0.0,1.0,1.0,1.0,0.0003301174729131162,0.038461538461538464,6000,
012,l2sp,startaphonecall,19,13,6,0.0,76,1,1.0,0,0.0,1.0,1.0,1.0,0.0,0.0,0,
012,l2sp,startaphonecall,19,13,6,0.0,76,1,1.0,1,1.0,0.0,0.0,0.0,6.345905489979486e-07,0.5,6000,
012,l2sp,startaphonecall,19,13,6,0.0,76,1,1.0,2,1.0,0.0,0.0,0.0,9.433439117856324e-05,0.25,6000,
012,l2sp,startaphonecall,19,13,6,0.0,76,1,1.0,3,1.0,0.0,0.0,0.0,0.00015087085193954408,0.16666666666666666,6000,
012,l2sp,startaphonecall,19,13,6,0.0,76,1,1.0,4,0.3333333333333333,0.6666666666666666,0.0,0.4,0.00012314060586504638,0.125,6000,
012,l2sp,startaphonecall,19,13,6,0.0,76,1,1.0,5,0.16666666666666666,0.8333333333333334,0.0,0.45454545454545453,9.845413296716288e-05,0.1,6000,
012,l2sp,startaphonecall,19,13,6,0.0,76,1,1.0,6,0.3333333333333333,0.6666666666666666,0.0,0.4,3.362791903782636e-05,0.08333333333333333,6000,
012,l2sp,startaphonecall,19,13,6,0.0,76,1,1.0,7,0.0,1.0,1.0,1.0,0.010757914744317532,0.07142857142857142,6000,
012,l2sp,startaphonecall,19,13,6,0.0,76,1,1.0,8,0.0,1.0,1.0,1.0,0.0007174646016210318,0.0625,6000,
012,l2sp,startaphonecall,19,13,6,0.0,76,1,1.0,9,0.0,1.0,1.0,1.0,6.552096692757914e-06,0.05555555555555555,6000,
012,l2sp,startaphonecall,19,13,6,0.0,76,1,1.0,10,0.0,1.0,1.0,1.0,0.001022880431264639,0.05,6000,
012,l2sp,startaphonecall,19,13,6,0.0,76,1,1.0,11,0.0,1.0,1.0,1.0,2.128253436239902e-05,0.045454545454545456,6000,
012,l2sp,startaphonecall,19,13,6,0.0,76,1,1.0,12,0.0,1.0,1.0,1.0,0.0007391665712930262,0.041666666666666664,6000,
012,l2sp,startaphonecall,19,13,6,0.0,76,1,1.0,13,0.0,1.0,1.0,1.0,0.0008675086428411305,0.038461538461538464,6000,
012,lookup,startaphonecall,19,13,6,0.0,-1,-1,,1,1.0,0.0,,,0.0,0.0,0,1.0
012,lookup,startaphonecall,19,13,6,0.0,-1,-1,,2,2.0,0.0,,,0.0,0.0,0,0.0
012,lookup,startaphonecall,19,13,6,0.0,-1,-1,,3,1.0,0.0,,,0.0,0.0,0,1.0
012,lookup,startaphonecall,19,13,6,0.0,-1,-1,,4,1.0,0.0,,,0.0,0.0,0,1.0
012,lookup,startaphonecall,19,13,6,0.0,-1,-1,,5,1.0,0.0,,,0.0,0.0,0,1.0
012,lookup,startaphonecall,19,13,6,0.0,-1,-1,,6,1.0,0.0,,,0.0,0.0,0,1.0
012,lookup,startaphonecall,19,13,6,0.0,-1,-1,,7,0.0,1.0,,,0.0,0.0,0,2.0
012,lookup,startaphonecall,19,13,6,0.0,-1,-1,,8,0.0,1.0,,,0.0,0.0,0,2.0
012,lookup,startaphonecall,19,13,6,0.0,-1,-1,,9,0.0,1.0,,,0.0,0.0,0,2.0
012,lookup,startaphonecall,19,13,6,0.0,-1,-1,,10,0.0,1.0,,,0.0,0.0,0,2.0
012,lookup,startaphonecall,19,13,6,0.0,-1,-1,,11,0.0,1.0,,,0.0,0.0,0,2.0
012,lookup,startaphonecall,19,13,6,0.0,-1,-1,,12,0.0,1.0,,,0.0,0.0,0,2.0
012,lookup,startaphonecall,19,13,6,0.0,-1,-1,,13,0.0,1.0,,,0.0,0.0,0,2.0
