dropout,lr,window_seconds,loss,fold,val_pids,seed,best_set_mae,smoothed_best_set_mae,best_epoch_smoothed,best_epoch_1se,metrics_epoch,epochs_run,set_acc_at_best,qwk_at_best,val_n,mae_argmax,acc_argmax,mae_median,acc_median,pred_loa0,pred_loa1,pred_loa2,pred_loa3,pred_loa4,const_set_mae,const_loa_mae,const_set_acc,const_loa_acc,lbl_loa0,lbl_loa1,lbl_loa2,lbl_loa3,lbl_loa4,trn_loa0,trn_loa1,trn_loa2,trn_loa3,trn_loa4,adapt_at_best,best_adapt_mae,smoothed_best_adapt_mae,best_epoch_smoothed_adapt,best_epoch_1se_adapt,adapt_acc_at_best_adapt,adapt_n_drivers,init_adapt_set_mae,init_adapt_set_acc,adapt_mae_tail,adapt_acc_tail,adapt_mae_argmax,adapt_acc_argmax,adapt_mae_median,adapt_acc_median,embed_fcd,adapt_mae_k5,adapt_acc_k5,adapt_mae_k10,adapt_acc_k10,adapt_mae_k20,adapt_acc_k20,adapt_mae_k30,adapt_acc_k30,adapt_mae_k40,adapt_acc_k40,adapt_mae_k50,adapt_acc_k50,adapt_mae_k60,adapt_acc_k60
0.2,0.002,20.0,corn,0,001|005,0,1.4508196721311475,1.601639344262295,6,6,6,24,0.2827868852459016,0.06374330333552825,244,1.540983606557377,0.3360655737704918,1.4508196721311475,0.2827868852459016,36.0,62.0,82.0,31.0,33.0,1.209016393442623,3,0.3770491803278688,4,49,17,48,59,92,463,302,177,119,227,1.244145700910774,1.0700849574958302,1.146884361763203,5,5,0.43971627048953477,2.0,1.2965231917669588,0.31768585231329227,1.2595238095238093,0.40714285714285714,1.184447717467357,0.4613539029049943,1.1521925586838957,0.43971627048953477,1,1.418925831202046,0.32053343076360974,1.3330940988835724,0.3616427432216906,1.0809615384615383,0.45769230769230773,1.1869976359338061,0.4419621749408984,1.137202380952381,0.46071428571428574,1.0586872586872587,0.4677606177606178,0.8494791666666667,0.5677083333333333
0.2,0.002,20.0,corn,1,002|006,0,1.1666666666666667,1.519047619047619,3,3,3,24,0.2904761904761905,-0.13468451580177754,210,1.7571428571428571,0.30952380952380953,1.5904761904761904,0.2904761904761905,57.0,49.0,40.0,17.0,47.0,1.1238095238095238,1,0.46190476190476193,0,97,35,53,57,7,415,284,172,121,312,1.056816155342267,1.056816155342267,1.1875087987695712,16,3,0.4049899310891334,2.0,1.2264727224425598,0.4040721990667625,1.4047619047619047,0.3904761904761905,1.3207135832845065,0.4215410616168871,1.2508553803284208,0.4049899310891334,1,1.4790464621925294,0.31501164085433747,1.4505840071877807,0.31042228212039535,1.3817567567567568,0.3818975225225225,1.3470203488372094,0.3831758720930233,1.1998050682261208,0.3930311890838207,0.9886363636363635,0.5151515151515151,0.9091386554621849,0.5362394957983193
0.2,0.002,20.0,corn,0,001|005,1,1.4057377049180328,1.5827868852459015,10,7,10,24,0.32786885245901637,0.030054575130062156,244,1.6598360655737705,0.3401639344262295,1.6270491803278688,0.32786885245901637,102.0,28.0,91.0,12.0,11.0,1.209016393442623,3,0.3770491803278688,4,49,17,48,59,92,463,302,177,119,227,1.2621549611012466,1.1344255356547768,1.2016127662406504,3,3,0.43514142091016955,2.0,1.2761556590298802,0.35474347403423767,1.2571428571428571,0.4261904761904761,1.1134436281812028,0.48786693084601407,1.1344255356547768,0.43514142091016955,1,1.2486298867373036,0.3329923273657289,1.2749601275917066,0.3877990430622009,1.1565384615384615,0.4517307692307692,1.2367612293144208,0.4091016548463357,1.19375,0.4363095238095238,1.0944015444015445,0.46138996138996136,0.7359375,0.5666666666666667
0.2,0.002,20.0,corn,1,002|006,1,1.1238095238095238,1.684761904761905,4,3,4,29,0.23333333333333334,-0.15280966164287846,210,1.7523809523809524,0.2857142857142857,1.6666666666666667,0.23333333333333334,23.0,71.0,41.0,22.0,53.0,1.1238095238095238,1,0.46190476190476193,0,97,35,53,57,7,415,284,172,121,312,1.1607050959373795,1.095591013624674,1.1288633232896719,7,6,0.45636067201189046,2.0,1.2131520028008835,0.39689442338536374,1.3714285714285714,0.42142857142857143,1.2433629567679823,0.47300774832894976,1.1892058042548492,0.45636067201189046,1,1.5220670108310559,0.38354084421500156,1.533805031446541,0.35455974842767296,1.5636261261261262,0.31264076576576577,1.2123909883720931,0.4296875,1.0243664717348928,0.45760233918128657,0.7575757575757576,0.6136363636363636,0.710609243697479,0.6428571428571428
0.2,0.002,20.0,corn,3,004|008,0,0.9875,1.434722222222222,25,7,25,26,0.30416666666666664,0.015423621381787433,240,1.4541666666666666,0.2916666666666667,1.4333333333333333,0.30416666666666664,73.0,43.0,48.0,25.0,51.0,0.5375,1,0.4708333333333333,0,113,111,42,1,0,399,208,183,177,319,0.588454631537539,0.47501612706865914,0.5161435114709217,3,3,0.5226843569168625,2.0,0.5963572112834098,0.46679697028273426,0.5547619047619048,0.5071428571428571,0.5419210213780085,0.5291929225782246,0.5427625056074669,0.5226843569168625,1,0.6677155205095155,0.39790734703161723,0.618368700265252,0.439157824933687,0.5051184263348053,0.5615214773183461,0.5238095238095237,0.5461309523809523,0.4849151477058454,0.5790383406662476,0.48930921052631576,0.5921052631578947,0.5101010101010102,0.5429292929292929
0.2,0.002,20.0,corn,2,003|007,1,1.4147286821705427,1.5325581395348837,8,6,8,27,0.29844961240310075,0.29848471100626073,258,1.4147286821705427,0.32170542635658916,1.4147286821705427,0.29844961240310075,42.0,56.0,42.0,48.0,70.0,1.4224806201550388,1,0.32170542635658916,4,74,72,14,15,83,438,247,211,163,236,0.7378289987156598,0.6456655273519434,0.7241084007210755,4,4,0.49975778430503615,2.0,1.0913908603446145,0.3849597330378356,0.8333333333333334,0.5119047619047619,0.8601698204171478,0.5018525602457103,0.8230265263205905,0.49975778430503615,1,0.9693351601748548,0.5150388203823318,1.0376984126984128,0.45287698412698413,0.9466700473292766,0.43610547667342797,0.716160787530763,0.5203035274815422,0.6529471544715447,0.5303607723577235,0.7333656330749354,0.5151808785529716,0.7050084889643464,0.5284380305602716
0.2,0.002,20.0,corn,2,003|007,0,1.4844961240310077,1.5939922480620154,29,7,29,31,0.21705426356589147,0.16199857354897174,258,1.5193798449612403,0.22093023255813954,1.5232558139534884,0.21705426356589147,72.0,38.0,70.0,42.0,36.0,1.4224806201550388,1,0.32170542635658916,4,74,72,14,15,83,438,247,211,163,236,1.1314709522088167,0.6590593296813725,0.7176605451320139,8,8,0.5443728462170699,2.0,1.2289408783395106,0.35591885776915155,0.5857142857142857,0.5619047619047619,0.6658164061404337,0.5657474222673334,0.6660819936391733,0.5443728462170699,1,0.9977490702681543,0.4472499510667449,0.7797619047619047,0.5188492063492064,0.6810344827586207,0.5368492224475997,0.550143560295324,0.5920836751435603,0.582444105691057,0.5669461382113821,0.6232235142118863,0.5382751937984496,0.44821731748726656,0.6103565365025467
0.2,0.002,20.0,corn,3,004|008,1,1.2083333333333333,1.3358333333333334,36,33,36,44,0.22916666666666666,0.03708348262271599,240,1.6333333333333333,0.2375,1.6375,0.22916666666666666,31.0,45.0,73.0,26.0,65.0,0.5375,1,0.4708333333333333,0,113,111,42,1,0,399,208,183,177,319,0.6161698113488592,0.5375453632896715,0.5558667486369935,11,3,0.5139510771847174,2.0,0.6046574994455696,0.4616512188676509,0.5785714285714285,0.5071428571428571,0.5759522842772014,0.5147760132242353,0.5533431181625548,0.5139510771847174,1,0.5879141708999924,0.4763439229661081,0.5935013262599469,0.460709549071618,0.5883179446005621,0.49779205138498595,0.5245535714285714,0.5535714285714286,0.5053425518541798,0.5586109365179133,0.5485197368421053,0.5304276315789473,0.5252525252525253,0.5202020202020202
0.2,0.002,20.0,corn,4,009|011,0,1.0,1.1136,8,6,8,29,0.476,0.5577344441039931,250,1.048,0.528,1.0,0.476,68.0,84.0,18.0,11.0,69.0,1.468,3,0.368,4,79,43,11,45,92,433,276,214,133,227,0.8035569918114379,0.8035569918114379,0.8411225376414126,9,7,0.5809420124761293,2.0,1.5916794378834358,0.34392734575334144,0.9095238095238094,0.55,0.8767140532243063,0.594719187604324,0.8417814569663655,0.5809420124761293,1,1.108317619945527,0.5059710873664363,1.025030432136336,0.5050213024954352,0.7741228070175439,0.6099232456140351,0.8101520572450805,0.5908989266547406,0.7497200447928332,0.6041433370660694,0.7516233766233766,0.5974025974025974,0.673503861003861,0.6532335907335908
0.2,0.002,20.0,corn,5,010|012,0,1.3934426229508197,1.6926229508196724,9,8,9,25,0.2786885245901639,-0.2893034384969868,244,1.8360655737704918,0.3360655737704918,1.848360655737705,0.2786885245901639,92.0,36.0,50.0,17.0,49.0,1.2049180327868851,1,0.4098360655737705,0,100,41,57,1,45,412,278,168,177,274,1.1002857068352596,0.9907323933148071,1.06553821134416,4,3,0.519418375637502,2.0,1.203331079578862,0.43073950278056444,1.0857142857142859,0.49523809523809526,1.011994725507428,0.5244691922024859,0.9907323933148071,0.519418375637502,1,1.031861129422105,0.46253570643814546,1.0387751838823154,0.4951231212024304,1.0173611111111112,0.5028935185185185,0.9794731846226863,0.5548172757475083,0.9697966507177034,0.5460526315789473,0.9283216783216783,0.5524475524475525,0.9695378151260504,0.5220588235294117
0.2,0.002,20.0,corn,4,009|011,1,1.072,1.2048,9,5,9,29,0.42,0.435345161079138,250,1.264,0.44,1.164,0.42,68.0,77.0,28.0,20.0,57.0,1.468,3,0.368,4,79,43,11,45,92,433,276,214,133,227,0.9742350992426232,0.867367350474733,0.9099934120672308,9,9,0.526420305585837,2.0,1.5217152862174712,0.41890759843904685,1.073809523809524,0.47380952380952385,1.0018089549476024,0.5391439774302272,0.9742350992426232,0.526420305585837,1,1.087785459878483,0.47307772889168237,1.261412051125989,0.45252586731588557,1.1082785087719298,0.48519736842105265,0.9637745974955276,0.5385733452593918,0.8979563269876819,0.5436730123180291,0.8165584415584415,0.5741341991341992,0.6838803088803089,0.6177606177606177
0.2,0.002,20.0,corn,5,010|012,1,1.5,1.667213114754098,14,5,14,27,0.29098360655737704,-0.24500132855055146,244,1.680327868852459,0.29098360655737704,1.6434426229508197,0.29098360655737704,119.0,65.0,23.0,10.0,27.0,1.2049180327868851,1,0.4098360655737705,0,100,41,57,1,45,412,278,168,177,274,1.0664643538075644,0.9466153393521484,1.0039775941747089,6,4,0.5178443965447215,2.0,1.1317066279582053,0.4453452421333162,1.0119047619047619,0.4904761904761905,0.9627353221308946,0.5399006457318639,0.9466153393521484,0.5178443965447215,1,1.2801582069874753,0.43045484508899146,1.0751519027822194,0.47345698752798204,1.0173611111111112,0.44502314814814814,0.97140484100617,0.5046274323682962,0.756877990430622,0.5723684210526316,0.7727272727272727,0.5949883449883451,0.7526260504201681,0.6039915966386554
0.2,0.003,20.0,corn,1,002|006,0,1.2,1.537142857142857,13,11,13,24,0.34285714285714286,-0.07916128542125667,210,1.5523809523809524,0.3619047619047619,1.5285714285714285,0.34285714285714286,60.0,46.0,32.0,27.0,45.0,1.1238095238095238,1,0.46190476190476193,0,97,35,53,57,7,415,284,172,121,312,1.2386452858560069,0.955684306036191,1.1027195514622963,3,3,0.4801449970935058,2.0,1.2264727224425598,0.4040721990667625,1.0357142857142856,0.44285714285714284,0.9705547781697674,0.5406799361190671,0.955684306036191,0.4801449970935058,1,1.0404899281303777,0.4477679927118129,1.4522686433063792,0.3108715184186882,1.4894425675675675,0.30166103603603606,0.9153343023255813,0.4669331395348837,0.8026315789473684,0.5158382066276803,0.5757575757575757,0.6136363636363636,0.41386554621848737,0.7043067226890756
0.2,0.003,20.0,corn,0,001|005,0,1.4508196721311475,1.6,16,5,16,28,0.3114754098360656,0.05378726833199021,244,1.6434426229508197,0.3360655737704918,1.6557377049180328,0.3114754098360656,94.0,42.0,54.0,24.0,30.0,1.209016393442623,3,0.3770491803278688,4,49,17,48,59,92,463,302,177,119,227,1.3390591510016177,1.114370985692489,1.1651657035578051,7,5,0.45368481832871366,2.0,1.2965231917669588,0.31768585231329227,1.1452380952380954,0.43333333333333335,1.1071679732009967,0.4974798648507527,1.114370985692489,0.45368481832871366,1,1.234453781512605,0.3712458896602119,1.238755980861244,0.41507177033492826,1.1228846153846155,0.46576923076923077,1.1618203309692672,0.44680851063829785,1.2270833333333333,0.4285714285714286,0.9911196911196911,0.48166023166023164,0.8244791666666667,0.5666666666666667
0.2,0.003,20.0,corn,0,001|005,1,1.540983606557377,1.633606557377049,22,17,22,33,0.3073770491803279,0.059788294464335645,244,1.6557377049180328,0.3237704918032787,1.639344262295082,0.3073770491803279,90.0,49.0,56.0,36.0,13.0,1.209016393442623,3,0.3770491803278688,4,49,17,48,59,92,463,302,177,119,227,1.338919275196503,1.106834951886058,1.1657003839206337,10,5,0.44011751575066665,2.0,1.2761556590298802,0.35474347403423767,1.2023809523809523,0.4285714285714286,1.1398003272940846,0.46829087225177923,1.1389950931785051,0.44011751575066665,1,1.3008037997807818,0.32546583850931676,1.2680223285486445,0.362280701754386,1.1942307692307692,0.4175,1.221276595744681,0.4400709219858156,1.1657738095238095,0.4708333333333333,0.9994208494208494,0.5146718146718147,0.8234375,0.55
0.2,0.003,20.0,corn,2,003|007,0,1.3294573643410852,1.5930232558139532,3,3,3,29,0.21705426356589147,0.17253897970746856,258,1.558139534883721,0.28294573643410853,1.4689922480620154,0.21705426356589147,44.0,88.0,62.0,34.0,30.0,1.4224806201550388,1,0.32170542635658916,4,74,72,14,15,83,438,247,211,163,236,0.7629929899354346,0.668384433613433,0.7156453434620464,13,5,0.5348510490194718,2.0,1.2289408783395106,0.35591885776915155,0.669047619047619,0.5428571428571428,0.6876193064282345,0.5613915809073675,0.6890807591760424,0.5348510490194718,1,1.161544985972467,0.4153454687805833,0.8685515873015873,0.46478174603174605,0.6201825557809331,0.5144523326572008,0.6881665299425759,0.5490155865463494,0.4715447154471545,0.613694105691057,0.48110465116279066,0.6151485788113695,0.5324702886247878,0.5715195246179966
0.2,0.003,20.0,corn,2,003|007,1,1.251937984496124,1.4379844961240311,20,7,20,28,0.3062015503875969,0.21140276089756382,258,1.437984496124031,0.3062015503875969,1.437984496124031,0.3062015503875969,78.0,50.0,49.0,32.0,49.0,1.4224806201550388,1,0.32170542635658916,4,74,72,14,15,83,438,247,211,163,236,0.7924442616088159,0.5712710870036404,0.6194296413684566,7,5,0.5676757306808875,2.0,1.0913908603446145,0.3849597330378356,0.5523809523809524,0.5761904761904763,0.5687425479479999,0.5737448769562874,0.5712710870036404,0.5676757306808875,1,0.6797481568473935,0.533046258237098,0.7028769841269842,0.5168650793650794,0.625422582826234,0.5431034482758621,0.5663453650533223,0.6019278096800655,0.44359756097560976,0.633765243902439,0.48578811369509045,0.5896317829457364,0.4951188455008489,0.5553904923599321
0.2,0.003,20.0,corn,1,002|006,1,0.9238095238095239,1.5304761904761905,3,3,3,41,0.21428571428571427,-0.20692741430233608,210,1.7380952380952381,0.32857142857142857,1.6142857142857143,0.21428571428571427,8.0,95.0,47.0,17.0,43.0,1.1238095238095238,1,0.46190476190476193,0,97,35,53,57,7,415,284,172,121,312,1.2867805559059002,1.0050883815383123,1.1618211387867003,3,3,0.3759987608181954,2.0,1.2131520028008835,0.39689442338536374,1.4404761904761907,0.34285714285714286,1.352056433054838,0.4344816227061623,1.2867805559059002,0.3759987608181954,1,1.5332523534770726,0.2272497216317441,1.6164645103324349,0.21585804132973946,1.8091216216216215,0.23564189189189189,1.3913517441860463,0.3831758720930233,1.0886939571150098,0.4405458089668616,0.8674242424242424,0.5643939393939394,0.7011554621848739,0.5651260504201681
0.2,0.003,20.0,corn,3,004|008,0,1.1875,1.384375,27,23,27,29,0.2916666666666667,0.05830559433050575,240,1.4166666666666667,0.2875,1.3875,0.2916666666666667,41.0,76.0,46.0,27.0,50.0,0.5375,1,0.4708333333333333,0,113,111,42,1,0,399,208,183,177,319,0.6094178525355172,0.48363449634280997,0.534902186224312,8,6,0.5635902038651827,2.0,0.5963572112834098,0.46679697028273426,0.5904761904761905,0.4976190476190476,0.48749876795680314,0.5684168852845347,0.48363449634280997,0.5635902038651827,1,0.5544013951019789,0.48874061718098416,0.48822944297082227,0.5419429708222812,0.46798474508229626,0.574468085106383,0.4650297619047619,0.5766369047619048,0.461659333752357,0.5906662476429918,0.4683388157894737,0.5842927631578947,0.4797979797979798,0.5883838383838383
0.2,0.003,20.0,corn,3,004|008,1,1.3958333333333333,1.5083333333333333,18,17,18,27,0.29583333333333334,0.0687361419068735,240,1.5708333333333333,0.30833333333333335,1.5208333333333333,0.29583333333333334,52.0,48.0,48.0,26.0,66.0,0.5375,1,0.4708333333333333,0,113,111,42,1,0,399,208,183,177,319,0.5652222766812361,0.4790758333337134,0.4939323476677092,8,8,0.5355256371419221,2.0,0.6046574994455696,0.4616512188676509,0.5404761904761904,0.519047619047619,0.5028301911771615,0.5375955799902198,0.5048706462014472,0.5355256371419221,1,0.7003184471908408,0.4006368943816817,0.5046419098143236,0.5169098143236074,0.5274989963869932,0.533821758329988,0.41592261904761907,0.6049107142857143,0.47815839094908863,0.5509113764927718,0.45805921052631576,0.5682565789473684,0.4494949494949495,0.5732323232323232
0.2,0.003,20.0,corn,5,010|012,0,1.3729508196721312,1.7401639344262296,6,5,6,25,0.19672131147540983,-0.2834028929163568,244,2.0450819672131146,0.22540983606557377,1.9262295081967213,0.19672131147540983,68.0,35.0,40.0,53.0,48.0,1.2049180327868851,1,0.4098360655737705,0,100,41,57,1,45,412,278,168,177,274,1.0423927620237077,0.9658248761284141,1.0309028368075792,24,3,0.4853263337135036,2.0,1.203331079578862,0.43073950278056444,1.0571428571428572,0.4571428571428572,0.9927327533214052,0.5107288776566101,0.9817617799192724,0.4853263337135036,1,1.4273785981103053,0.37947703801362337,1.0027982091461465,0.4795330988167573,0.9519675925925926,0.4832175925925926,1.0462743236829617,0.4806597057427622,0.8600478468899522,0.49611244019138756,0.828088578088578,0.5215617715617715,0.7557773109243697,0.5567226890756303
0.2,0.003,20.0,corn,4,009|011,0,1.056,1.1543999999999999,11,6,11,34,0.448,0.454066967785285,250,1.252,0.476,1.18,0.448,103.0,49.0,17.0,23.0,58.0,1.468,3,0.368,4,79,43,11,45,92,433,276,214,133,227,0.8718814730644462,0.8153669903332234,0.9289839979591188,12,9,0.5394110060947224,2.0,1.5916794378834358,0.34392734575334144,1.1095238095238096,0.5285714285714286,0.9998914462875315,0.5724449366246859,1.016358655836251,0.5394110060947224,1,1.256861512675466,0.4620783574271946,1.616555082166768,0.3670876445526476,1.2425986842105263,0.474780701754386,1.0200134168157424,0.5309704830053668,0.734602463605823,0.6251399776035834,0.6152597402597403,0.6423160173160173,0.6286196911196911,0.6735038610038611
0.2,0.003,20.0,corn,4,009|011,1,1.064,1.1328,15,14,15,36,0.504,0.49031461116333985,250,1.092,0.508,1.064,0.504,88.0,34.0,22.0,28.0,78.0,1.468,3,0.368,4,79,43,11,45,92,433,276,214,133,227,0.8637800660155337,0.8637800660155337,0.912918455797873,14,13,0.5319354518952858,2.0,1.5217152862174712,0.41890759843904685,0.9785714285714285,0.49523809523809526,0.9557374966077223,0.5619317451823346,0.9527069445142164,0.5319354518952858,1,0.9846008799497172,0.5212654514980096,1.1460742544126599,0.48082775410833845,1.0200109649122806,0.5219298245614035,0.9388416815742398,0.561046511627907,0.8218085106382979,0.5750279955207167,0.836038961038961,0.54004329004329,0.9215733590733591,0.5234073359073359
0.2,0.003,20.0,corn,5,010|012,1,1.5573770491803278,1.6530054644808745,28,26,28,29,0.3114754098360656,-0.13265734491555503,244,1.569672131147541,0.3237704918032787,1.5573770491803278,0.3114754098360656,106.0,55.0,33.0,19.0,31.0,1.2049180327868851,1,0.4098360655737705,0,100,41,57,1,45,412,278,168,177,274,1.0477698197903997,0.9158640005422067,0.9668459960429739,9,8,0.5343725507668498,2.0,1.1317066279582053,0.4453452421333162,0.9452380952380952,0.5309523809523808,0.923031123745478,0.5626399194441579,0.92686947777438,0.5343725507668498,1,0.999340804218853,0.483739837398374,1.0308602494403583,0.47249760153501763,1.0219907407407407,0.4565972222222222,1.0217133364973896,0.5183910773611771,0.8770933014354066,0.5514354066985645,0.7692307692307693,0.6177156177156178,0.7678571428571428,0.6402310924369747
0.25,0.002,20.0,corn,0,001|005,0,1.2950819672131149,1.4795081967213113,8,6,8,27,0.28688524590163933,0.07847941910392742,244,1.569672131147541,0.3073770491803279,1.5163934426229508,0.28688524590163933,65.0,53.0,108.0,14.0,4.0,1.209016393442623,3,0.3770491803278688,4,49,17,48,59,92,463,302,177,119,227,1.3794469287533901,1.2291856318365446,1.2907852482928721,4,4,0.3887709422688624,2.0,1.2965231917669588,0.31768585231329227,1.2880952380952382,0.37857142857142856,1.2804952045822415,0.4177457030121132,1.263727415841362,0.3887709422688624,1,1.3705516989404458,0.27676287906466934,1.3359649122807018,0.356140350877193,1.2665384615384616,0.4021153846153846,1.3490543735224585,0.3854609929078014,1.412797619047619,0.35416666666666663,1.1455598455598457,0.4384169884169884,0.965625,0.5083333333333333
0.25,0.002,20.0,corn,0,001|005,1,1.5,1.5991803278688526,8,8,8,26,0.3114754098360656,-0.004603572966631386,244,1.6885245901639345,0.3237704918032787,1.569672131147541,0.3114754098360656,59.0,49.0,92.0,17.0,27.0,1.209016393442623,3,0.3770491803278688,4,49,17,48,59,92,463,302,177,119,227,1.2498893371145063,1.1199048818685309,1.1631033631420054,6,5,0.4083176700306824,2.0,1.2761556590298802,0.35474347403423767,1.2642857142857145,0.4023809523809524,1.1519519062942216,0.4590713277415893,1.1680833085344229,0.4083176700306824,1,1.3605407380343442,0.3319693094629156,1.2905103668261564,0.35159489633173846,1.125576923076923,0.43673076923076926,1.2732860520094562,0.37624113475177307,1.1681547619047619,0.44226190476190474,1.1345559845559845,0.42567567567567566,0.8239583333333333,0.49375
0.25,0.002,20.0,corn,1,002|006,0,1.1666666666666667,1.500952380952381,13,13,13,24,0.30952380952380953,-0.11652443754848729,210,1.661904761904762,0.30952380952380953,1.6476190476190475,0.30952380952380953,69.0,28.0,42.0,19.0,52.0,1.1238095238095238,1,0.46190476190476193,0,97,35,53,57,7,415,284,172,121,312,1.2230934873390251,1.073155786621753,1.1372986052488048,3,3,0.4858907315308613,2.0,1.2264727224425598,0.4040721990667625,1.1857142857142857,0.45238095238095233,1.1009273221538716,0.5150646470139114,1.073155786621753,0.4858907315308613,1,1.2838343961939467,0.43187569592063974,1.334681042228212,0.3820754716981132,1.4743806306306306,0.3240427927927928,1.2134811046511627,0.43023255813953487,0.9578460038986355,0.5146198830409356,0.731060606060606,0.6287878787878788,0.5168067226890757,0.6896008403361344
0.25,0.002,20.0,corn,1,002|006,1,1.1333333333333333,1.6752380952380954,4,3,4,25,0.28095238095238095,-0.22425307557117735,210,1.8904761904761904,0.3,1.776190476190476,0.28095238095238095,34.0,53.0,43.0,14.0,66.0,1.1238095238095238,1,0.46190476190476193,0,97,35,53,57,7,415,284,172,121,312,1.0181292263325052,1.0181292263325052,1.1008088608606392,15,13,0.4687902155901695,2.0,1.2131520028008835,0.39689442338536374,1.0333333333333332,0.49285714285714277,1.0860410296969318,0.49074929192890915,1.0517000236664455,0.4687902155901695,1,1.5345176637311468,0.3318149610284442,1.3279424977538183,0.35927672955974843,1.3762668918918919,0.36570945945945943,1.0009084302325582,0.4571220930232558,0.8979044834307992,0.4892787524366472,0.6818181818181819,0.6060606060606061,0.5425420168067226,0.6722689075630253
0.25,0.002,20.0,corn,2,003|007,1,1.4883720930232558,1.6434108527131783,5,3,5,25,0.16279069767441862,0.10169902377751816,258,1.6627906976744187,0.2441860465116279,1.5891472868217054,0.16279069767441862,22.0,65.0,83.0,56.0,32.0,1.4224806201550388,1,0.32170542635658916,4,74,72,14,15,83,438,247,211,163,236,0.6915131704792268,0.6569510473537414,0.7270066656856948,5,3,0.5563136465754182,2.0,1.0913908603446145,0.3849597330378356,0.6571428571428573,0.5952380952380952,0.6932011262850243,0.5764016830362613,0.6915131704792268,0.5563136465754182,1,0.9062765055131468,0.5242056501598487,0.7326388888888888,0.5709325396825398,0.7114604462474645,0.5037187288708587,0.7055988515176375,0.5195857260049221,0.5757113821138211,0.6016260162601625,0.6193475452196382,0.5733204134366925,0.5895585738539898,0.6008064516129032
0.25,0.002,20.0,corn,2,003|007,0,1.2751937984496124,1.5395348837209302,11,3,11,27,0.1744186046511628,-0.10354794281391233,258,1.821705426356589,0.2054263565891473,1.8333333333333333,0.1744186046511628,80.0,69.0,54.0,27.0,28.0,1.4224806201550388,1,0.32170542635658916,4,74,72,14,15,83,438,247,211,163,236,0.8949064228161492,0.7326406970631651,0.7622991569073856,7,4,0.452135133392096,2.0,1.2289408783395106,0.35591885776915155,0.9095238095238095,0.4285714285714286,0.8528076440507575,0.4861673776807813,0.8565293889555122,0.452135133392096,1,1.1734520780322306,0.3868010700071769,0.9593253968253967,0.4305555555555556,0.816260987153482,0.3990872210953347,0.7793273174733388,0.46554552912223135,0.7917936991869918,0.4825965447154471,0.8312338501291989,0.46979974160206717,0.6443123938879457,0.5305602716468591
0.25,0.002,20.0,corn,3,004|008,0,1.0708333333333333,1.52,14,11,14,29,0.25833333333333336,0.0213402201984505,240,1.5166666666666666,0.275,1.5,0.25833333333333336,39.0,38.0,92.0,18.0,53.0,0.5375,1,0.4708333333333333,0,113,111,42,1,0,399,208,183,177,319,0.6727285769441661,0.5004648969711555,0.5304251624420893,6,3,0.4963356448750257,2.0,0.5963572112834098,0.46679697028273426,0.6,0.4642857142857142,0.5806196299554647,0.5015657752696916,0.557635503300785,0.4963356448750257,1,0.7227993024490105,0.3602623398286451,0.6203580901856764,0.4419761273209549,0.6331794460056203,0.4470092332396628,0.49627976190476186,0.5401785714285714,0.48790069138906345,0.5702388434946575,0.47491776315789475,0.5448190789473684,0.468013468013468,0.5698653198653199
0.25,0.002,20.0,corn,3,004|008,1,1.225,1.4466666666666668,9,5,9,27,0.2833333333333333,0.013062908215881741,240,1.5,0.2916666666666667,1.4625,0.2833333333333333,36.0,60.0,72.0,17.0,55.0,0.5375,1,0.4708333333333333,0,113,111,42,1,0,399,208,183,177,319,0.6281849745702596,0.5482181519081624,0.5985107628310266,3,3,0.48916244796496844,2.0,0.6046574994455696,0.4616512188676509,0.6642857142857143,0.4666666666666666,0.6018360222703256,0.4874059858436601,0.5824278480390447,0.48916244796496844,1,0.682879672454318,0.40522405034498443,0.588527851458886,0.46850132625994695,0.690887193898033,0.45122440786832596,0.5639880952380952,0.4992559523809524,0.5430546825895664,0.5150848522941547,0.514391447368421,0.5250822368421053,0.4932659932659933,0.5597643097643097
0.25,0.002,20.0,corn,4,009|011,0,1.112,1.2304,6,6,6,34,0.392,0.46900772804357316,250,1.224,0.448,1.22,0.392,99.0,63.0,31.0,12.0,45.0,1.468,3,0.368,4,79,43,11,45,92,433,276,214,133,227,1.1138087083390922,0.8878660971488603,0.9676260159797565,9,7,0.5319419303251325,2.0,1.5916794378834358,0.34392734575334144,0.85,0.5428571428571429,0.9958543386073051,0.5516046415054717,0.9837999727047455,0.5319419303251325,1,1.2532998114393463,0.45191703331238214,1.231208155812538,0.4672854534388314,0.8911732456140351,0.5537280701754386,0.8772361359570662,0.5664132379248659,0.831047032474804,0.5743281075027996,0.9199134199134199,0.5524891774891775,0.8827220077220078,0.5574324324324325
0.25,0.002,20.0,corn,5,010|012,0,1.3770491803278688,1.6901639344262296,7,7,7,30,0.3401639344262295,-0.16152007493782095,244,1.5491803278688525,0.39344262295081966,1.5614754098360655,0.3401639344262295,100.0,42.0,55.0,13.0,34.0,1.2049180327868851,1,0.4098360655737705,0,100,41,57,1,45,412,278,168,177,274,1.116159697424,0.9469970107294643,1.0085790405266233,10,4,0.4603100626042104,2.0,1.203331079578862,0.43073950278056444,1.088095238095238,0.42619047619047623,1.0746593236136501,0.4863227369675771,1.0561873463525493,0.4603100626042104,1,1.5076906174467148,0.3271808393759613,1.0960185481291973,0.42300927406459865,1.0208333333333333,0.4288194444444444,1.0920740389178927,0.46891314665401046,0.9593301435406698,0.47129186602870815,1.00990675990676,0.48951048951048953,0.7074579831932774,0.6134453781512605
0.25,0.002,20.0,corn,5,010|012,1,1.5122950819672132,1.6844262295081969,8,4,8,32,0.319672131147541,-0.2093139876972454,244,1.6065573770491803,0.36065573770491804,1.5737704918032787,0.319672131147541,107.0,59.0,40.0,9.0,29.0,1.2049180327868851,1,0.4098360655737705,0,100,41,57,1,45,412,278,168,177,274,0.9591897958244233,0.8721531396825011,0.9672336845468786,13,4,0.4674513576146043,2.0,1.1317066279582053,0.4453452421333162,0.9666666666666666,0.4357142857142858,1.0373494472035933,0.4766581913687691,0.9833834272204474,0.4674513576146043,1,1.1988573939793452,0.4080421885299934,1.333946274384394,0.3513751199232491,0.9403935185185186,0.4525462962962963,0.958827717133365,0.4377076411960133,0.8549641148325359,0.5254186602870814,0.793123543123543,0.5256410256410257,0.8035714285714286,0.5714285714285714
0.25,0.003,20.0,corn,0,001|005,0,1.2336065573770492,1.539344262295082,6,4,6,27,0.3401639344262295,0.2751451373006861,244,1.2459016393442623,0.4385245901639344,1.2336065573770492,0.3401639344262295,46.0,61.0,84.0,38.0,15.0,1.209016393442623,3,0.3770491803278688,4,49,17,48,59,92,463,302,177,119,227,1.0297804216351576,1.0297804216351576,1.1495495329733174,6,4,0.4934277030948363,2.0,1.2965231917669588,0.31768585231329227,1.1952380952380952,0.4523809523809524,1.0277390700537676,0.5078175128965333,1.0297804216351576,0.4934277030948363,1,1.3253196930946292,0.3841432225063939,1.075438596491228,0.4694577352472089,0.9913461538461539,0.5117307692307692,1.0490543735224587,0.4968085106382979,1.1083333333333334,0.49047619047619045,0.9511583011583011,0.5102316602316602,0.7078125,0.5911458333333333
0.25,0.002,20.0,corn,4,009|011,1,0.92,1.1663999999999999,7,5,7,63,0.492,0.5180847756244171,250,1.204,0.516,1.088,0.492,114.0,36.0,18.0,20.0,62.0,1.468,3,0.368,4,79,43,11,45,92,433,276,214,133,227,0.9022137406173693,0.8614185051364591,0.9447230766939247,20,18,0.5557026574144577,2.0,1.5217152862174712,0.41890759843904685,0.9857142857142857,0.5261904761904761,0.9567849266465993,0.5743185269580747,0.9591335659309457,0.5557026574144577,1,1.2834695160276557,0.5,1.2034388314059647,0.48082775410833845,0.9004934210526316,0.5674342105263158,0.95270572450805,0.5309704830053668,0.856942889137738,0.5727883538633818,0.7521645021645021,0.6179653679653679,0.7647200772200773,0.6199324324324325
0.25,0.003,20.0,corn,0,001|005,1,1.5737704918032787,1.6352459016393444,7,7,7,26,0.21311475409836064,0.09111354755278178,244,1.75,0.25,1.639344262295082,0.21311475409836064,69.0,76.0,82.0,12.0,5.0,1.209016393442623,3,0.3770491803278688,4,49,17,48,59,92,463,302,177,119,227,1.1993884143517421,1.0538324892411697,1.1172092183869355,5,4,0.45877184710703955,2.0,1.2761556590298802,0.35474347403423767,1.2571428571428571,0.3761904761904762,1.058919269212344,0.4941401782937139,1.0538324892411697,0.45877184710703955,1,1.0850200949945195,0.40559006211180126,1.0610047846889952,0.44250398724082934,1.031153846153846,0.48173076923076924,1.1208037825059103,0.4526004728132388,1.1071428571428572,0.47916666666666663,1.1258687258687259,0.45501930501930504,0.8458333333333333,0.4947916666666667
0.25,0.003,20.0,corn,1,002|006,0,1.2095238095238094,1.6,3,3,3,24,0.3142857142857143,-0.1785702125727775,210,1.7333333333333334,0.34285714285714286,1.6238095238095238,0.3142857142857143,66.0,49.0,31.0,26.0,38.0,1.1238095238095238,1,0.46190476190476193,0,97,35,53,57,7,415,284,172,121,312,1.044357422309767,1.044357422309767,1.098718690266333,5,4,0.4148041972200933,2.0,1.2264727224425598,0.4040721990667625,1.2904761904761903,0.3857142857142857,1.1813457301866408,0.4707625681932337,1.1831703723658267,0.4148041972200933,1,1.4848162769511084,0.29137564530822957,1.6271338724168913,0.3131176999101527,1.6905968468468469,0.25957207207207206,1.262718023255814,0.34047965116279066,1.0660331384015596,0.4354288499025341,0.5946969696969697,0.625,0.5561974789915967,0.6386554621848739
0.25,0.003,20.0,corn,1,002|006,1,1.1476190476190475,1.6276190476190475,17,8,17,28,0.22857142857142856,-0.0835308883000978,210,1.7857142857142858,0.2619047619047619,1.7714285714285714,0.22857142857142856,63.0,29.0,22.0,32.0,64.0,1.1238095238095238,1,0.46190476190476193,0,97,35,53,57,7,415,284,172,121,312,1.3602970939461674,1.0634034412718023,1.1416974361684527,6,4,0.4271401156929501,2.0,1.2131520028008835,0.39689442338536374,1.3523809523809525,0.3761904761904762,1.1995112835824384,0.467873642102292,1.1675442095278583,0.4271401156929501,1,1.5590646826601882,0.3555015689847151,1.5196540880503147,0.3106469002695418,1.515765765765766,0.29912725225225223,1.1602470930232558,0.39480377906976744,0.9305555555555556,0.5038986354775828,0.8257575757575757,0.5340909090909092,0.6617647058823529,0.5919117647058824
0.25,0.003,20.0,corn,2,003|007,1,1.565891472868217,1.683720930232558,7,6,7,30,0.26356589147286824,0.082019709128338,258,1.6356589147286822,0.2596899224806202,1.5891472868217054,0.26356589147286824,93.0,68.0,54.0,17.0,26.0,1.4224806201550388,1,0.32170542635658916,4,74,72,14,15,83,438,247,211,163,236,0.715129411398983,0.6108164302539301,0.6526308828967331,8,7,0.5719866171698393,2.0,1.0913908603446145,0.3849597330378356,0.5857142857142856,0.5785714285714285,0.6177036109963474,0.5939220996392218,0.6251822609701754,0.5719866171698393,1,0.6803353559078751,0.5570235532067593,0.6448412698412699,0.5575396825396826,0.6450304259634889,0.5595841784989858,0.6251025430680885,0.5917760459392944,0.7111280487804879,0.5486534552845528,0.6114341085271318,0.5789728682170543,0.45840407470288624,0.6103565365025467
0.25,0.003,20.0,corn,2,003|007,0,1.4883720930232558,1.6992248062015503,4,3,4,30,0.2441860465116279,-0.15176364646600105,258,1.7635658914728682,0.2751937984496124,1.7751937984496124,0.2441860465116279,108.0,118.0,9.0,17.0,6.0,1.4224806201550388,1,0.32170542635658916,4,74,72,14,15,83,438,247,211,163,236,0.7590666886017579,0.6848949998597548,0.7693401028559093,7,4,0.5067654868493866,2.0,1.2289408783395106,0.35591885776915155,0.7190476190476189,0.5190476190476191,0.6726493822726132,0.5494531517962433,0.717267555469013,0.5067654868493866,1,0.7800287075096235,0.5006850655705617,0.8095238095238095,0.4697420634920635,0.8373056118999325,0.43610547667342797,0.7378999179655455,0.5398892534864643,0.6182672764227642,0.5546239837398375,0.6542312661498708,0.5106589147286822,0.583616298811545,0.5356536502546689
0.25,0.003,20.0,corn,3,004|008,0,1.2916666666666667,1.53125,23,12,23,25,0.29583333333333334,0.016820805660728744,240,1.675,0.3,1.6666666666666667,0.29583333333333334,48.0,44.0,42.0,33.0,73.0,0.5375,1,0.4708333333333333,0,113,111,42,1,0,399,208,183,177,319,0.5420065994781295,0.483159349388275,0.5114750497874394,4,3,0.5643967080680099,2.0,0.5963572112834098,0.46679697028273426,0.5142857142857142,0.5595238095238095,0.5009266868843772,0.5563855728575928,0.483159349388275,0.5643967080680099,1,0.5397300780953825,0.49514747137766324,0.40815649867374004,0.6177055702917772,0.5015054195102369,0.5739662786029707,0.48660714285714285,0.5654761904761905,0.4907291011942175,0.5557825267127593,0.5,0.5526315789473684,0.45538720538720534,0.5900673400673401
0.25,0.003,20.0,corn,3,004|008,1,1.4041666666666666,1.6725,9,5,9,30,0.3125,0.005608524957935956,240,1.6958333333333333,0.3,1.6333333333333333,0.3125,27.0,82.0,37.0,12.0,82.0,0.5375,1,0.4708333333333333,0,113,111,42,1,0,399,208,183,177,319,0.5266442385090381,0.5266442385090381,0.5423730685922848,7,6,0.5133641516667319,2.0,0.6046574994455696,0.4616512188676509,0.6095238095238095,0.4690476190476191,0.5604705429430921,0.5164491751721385,0.5379563744245329,0.5133641516667319,1,0.6324588672378497,0.4336568352414891,0.6455570291777188,0.4234084880636605,0.6378964271376957,0.4517262143717382,0.4598214285714286,0.5766369047619048,0.47045883092394725,0.5644248900062854,0.4868421052631579,0.5460526315789473,0.43265993265993263,0.5976430976430976
0.25,0.003,20.0,corn,4,009|011,0,0.992,1.1784,6,5,6,31,0.388,0.40551441815664324,250,1.408,0.436,1.324,0.388,104.0,85.0,21.0,10.0,30.0,1.468,3,0.368,4,79,43,11,45,92,433,276,214,133,227,1.2096988060313312,0.7741932826932355,0.8560420989939537,11,9,0.5751366791985492,2.0,1.5916794378834358,0.34392734575334144,0.9309523809523809,0.5428571428571428,0.900957684611613,0.6052410378338453,0.8929321901288395,0.5751366791985492,1,0.9220615964802011,0.5601298973391997,1.2778454047474133,0.4685788192331102,0.9029605263157895,0.5814144736842105,0.8274821109123435,0.5995080500894454,0.7604983202687571,0.6241601343784995,0.7997835497835498,0.6011904761904762,0.7598938223938224,0.5909749034749034
0.25,0.003,20.0,corn,4,009|011,1,1.0,1.2112,25,5,25,38,0.416,0.39562257077487106,250,1.272,0.424,1.268,0.416,104.0,42.0,30.0,30.0,44.0,1.468,3,0.368,4,79,43,11,45,92,433,276,214,133,227,1.2857342502547147,0.9292479702216799,0.9829348676904488,17,5,0.5458836668255159,2.0,1.5217152862174712,0.41890759843904685,0.9928571428571429,0.5214285714285715,0.9484200353513029,0.5585356625542123,0.9292479702216799,0.5458836668255159,1,1.0319505552063692,0.4852294154619736,0.993837492391966,0.5044887401095557,0.8248355263157895,0.5838815789473684,0.8611359570661896,0.5802772808586762,0.8554031354983203,0.5765677491601344,1.031926406926407,0.5156926406926408,0.9056467181467182,0.5750482625482626
0.25,0.003,20.0,corn,5,010|012,1,1.5614754098360655,1.7390710382513663,27,4,27,28,0.22950819672131148,-0.3445901244963012,244,1.8975409836065573,0.2336065573770492,1.901639344262295,0.22950819672131148,88.0,51.0,34.0,27.0,44.0,1.2049180327868851,1,0.4098360655737705,0,100,41,57,1,45,412,278,168,177,274,1.1927798359681543,0.9075744728512282,0.9547898200856629,9,6,0.4916252376708333,2.0,1.1317066279582053,0.4453452421333162,0.9380952380952381,0.4880952380952381,0.9735740557407864,0.49998832540259036,0.9471776860900356,0.4916252376708333,1,1.0633926609536366,0.4567128103713469,1.021026543012472,0.4479533098816757,0.9733796296296295,0.48263888888888884,1.0053393450403416,0.44945420028476507,0.9363038277511961,0.5047846889952153,0.8991841491841492,0.511072261072261,0.7316176470588236,0.5887605042016807
0.25,0.003,20.0,corn,5,010|012,0,1.319672131147541,1.6762295081967213,7,6,7,49,0.3155737704918033,-0.17924802323705036,244,1.6270491803278688,0.3360655737704918,1.5819672131147542,0.3155737704918033,99.0,52.0,42.0,18.0,33.0,1.2049180327868851,1,0.4098360655737705,0,100,41,57,1,45,412,278,168,177,274,1.0158795248107997,1.0067319414865024,1.039608626147864,6,4,0.506679815981804,2.0,1.203331079578862,0.43073950278056444,1.038095238095238,0.5261904761904762,1.084038089915642,0.5092962075638283,1.0479307717519368,0.506679815981804,1,1.009668204790156,0.5036255767963085,1.1463063639270867,0.4291653341861209,1.0833333333333333,0.46412037037037035,1.171452301850973,0.4653535832937826,1.098684210526316,0.4949162679425837,0.9353146853146852,0.5582750582750583,0.8907563025210083,0.6313025210084033
0.3,0.002,20.0,corn,0,001|005,0,1.3975409836065573,1.562295081967213,15,6,15,34,0.3114754098360656,0.08180221905537455,244,1.639344262295082,0.3237704918032787,1.6188524590163935,0.3114754098360656,94.0,56.0,58.0,26.0,10.0,1.209016393442623,3,0.3770491803278688,4,49,17,48,59,92,463,302,177,119,227,1.1976020268626486,1.1645594330924998,1.2265848786296836,4,3,0.43611812451810295,2.0,1.2965231917669588,0.31768585231329227,1.2738095238095237,0.43333333333333335,1.2053558672250255,0.471107715184388,1.2087025786138992,0.43611812451810295,1,1.2547314578005115,0.3629886737303617,1.223684210526316,0.4066188197767145,1.185576923076923,0.4473076923076923,1.2601654846335697,0.41926713947990546,1.2699404761904762,0.4291666666666667,1.298069498069498,0.4463320463320463,0.96875,0.5411458333333333
0.3,0.002,20.0,corn,0,001|005,1,1.5122950819672132,1.5942622950819672,23,20,23,30,0.3155737704918033,0.08415674526821815,244,1.6762295081967213,0.3237704918032787,1.680327868852459,0.3155737704918033,109.0,50.0,50.0,13.0,22.0,1.209016393442623,3,0.3770491803278688,4,49,17,48,59,92,463,302,177,119,227,1.2870507881579916,1.1892676742472972,1.2185767690701432,3,3,0.4167126752335131,2.0,1.2761556590298802,0.35474347403423767,1.361904761904762,0.4,1.1999830107420528,0.44726399826680224,1.2134547331473764,0.4167126752335131,1,1.4890756302521009,0.3235659481183778,1.348006379585327,0.3736842105263158,1.1759615384615385,0.43153846153846154,1.2268321513002365,0.4074468085106383,1.2574404761904763,0.40982142857142856,1.0895752895752895,0.45270270270270274,0.9072916666666666,0.5182291666666667
0.3,0.002,20.0,corn,1,002|006,1,1.138095238095238,1.6676190476190473,8,4,8,25,0.2571428571428571,-0.2317847244986142,210,1.880952380952381,0.2523809523809524,1.8238095238095238,0.2571428571428571,25.0,34.0,62.0,21.0,68.0,1.1238095238095238,1,0.46190476190476193,0,97,35,53,57,7,415,284,172,121,312,1.2404733756438797,1.1267383549113212,1.1892316986023121,4,3,0.41776893331897613,2.0,1.2131520028008835,0.39689442338536374,1.3595238095238096,0.3309523809523809,1.1091445979961612,0.4743676280974811,1.1267383549113212,0.41776893331897613,1,1.1976414616864055,0.41188379390626584,1.6345462713387242,0.25730008984725966,1.618384009009009,0.2881475225225225,1.200763081395349,0.3929869186046512,0.9975633528265108,0.4485867446393762,0.7083333333333333,0.5340909090909091,0.529936974789916,0.5913865546218487
0.3,0.002,20.0,corn,1,002|006,0,1.2333333333333334,1.5838095238095238,3,3,3,37,0.3238095238095238,-0.08028545941123988,210,1.619047619047619,0.3476190476190476,1.480952380952381,0.3238095238095238,45.0,48.0,53.0,26.0,38.0,1.1238095238095238,1,0.46190476190476193,0,97,35,53,57,7,415,284,172,121,312,1.1166722666236462,1.069574777894843,1.1170060813892548,9,3,0.4479756835852711,2.0,1.2264727224425598,0.4040721990667625,1.1595238095238094,0.4214285714285714,1.1643578693792622,0.4425347312237281,1.0715701020828114,0.4479756835852711,1,1.0873064075311267,0.38257920842190507,1.337151841868823,0.36455525606469,1.3047578828828827,0.3980855855855856,1.1315406976744187,0.41042877906976744,1.0190058479532165,0.45906432748538006,0.8181818181818182,0.5643939393939394,0.803046218487395,0.5567226890756303
0.3,0.002,20.0,corn,2,003|007,0,1.3488372093023255,1.489922480620155,17,14,17,27,0.32170542635658916,0.2614934262847086,258,1.426356589147287,0.32558139534883723,1.430232558139535,0.32170542635658916,119.0,42.0,35.0,18.0,44.0,1.4224806201550388,1,0.32170542635658916,4,74,72,14,15,83,438,247,211,163,236,0.9851097201998122,0.7074889400210855,0.7769326525333675,6,4,0.526996779138206,2.0,1.2289408783395106,0.35591885776915155,0.5238095238095237,0.5976190476190477,0.7194791996350283,0.5399404959697558,0.7074889400210855,0.526996779138206,1,0.8766881972988844,0.48877797351079794,0.8506944444444444,0.5,0.7406186612576064,0.5017748478701826,0.6559680065627563,0.5377358490566038,0.6164888211382114,0.5485264227642277,0.6474483204134367,0.544250645994832,0.564516129032258,0.5679117147707979
0.3,0.002,20.0,corn,2,003|007,1,1.3953488372093024,1.5852713178294573,4,3,4,28,0.20155038759689922,-0.04566974046962646,258,1.937984496124031,0.1821705426356589,1.7713178294573644,0.20155038759689922,63.0,36.0,69.0,44.0,46.0,1.4224806201550388,1,0.32170542635658916,4,74,72,14,15,83,438,247,211,163,236,0.7896505147794863,0.6570470091508102,0.6947034066552058,7,4,0.5517613712469157,2.0,1.0913908603446145,0.3849597330378356,0.5904761904761905,0.569047619047619,0.6407924796026463,0.5775464402605242,0.6570470091508102,0.5517613712469157,1,0.9560253148039408,0.47413061916878707,0.7718253968253967,0.4965277777777778,0.6003211629479378,0.563894523326572,0.7956316652994257,0.5195857260049221,0.5278201219512195,0.591209349593496,0.5637919896640826,0.5686369509043928,0.38391341256366723,0.6483446519524618
0.3,0.002,20.0,corn,3,004|008,0,1.0833333333333333,1.5608333333333333,23,10,23,26,0.25416666666666665,0.03911980440097795,240,1.6958333333333333,0.2625,1.6958333333333333,0.25416666666666665,44.0,43.0,45.0,34.0,74.0,0.5375,1,0.4708333333333333,0,113,111,42,1,0,399,208,183,177,319,0.6575282725902952,0.5056674976272838,0.5532140314664706,5,3,0.5483048112637903,2.0,0.5963572112834098,0.46679697028273426,0.4714285714285715,0.5904761904761904,0.5211960130775816,0.5395284180604081,0.5056674976272838,0.5483048112637903,1,0.6012586246114187,0.45795738873303515,0.5036472148541113,0.5437665782493368,0.6088920112404657,0.5143516659975913,0.46279761904761907,0.5870535714285714,0.45207416719044624,0.5828095537397863,0.47245065789473684,0.5604440789473684,0.4385521885521885,0.5917508417508418
0.3,0.002,20.0,corn,3,004|008,1,1.2916666666666667,1.4575,19,15,19,24,0.3,0.01577349853211929,240,1.5208333333333333,0.2916666666666667,1.4958333333333333,0.3,38.0,53.0,69.0,25.0,55.0,0.5375,1,0.4708333333333333,0,113,111,42,1,0,399,208,183,177,319,0.6510004267537958,0.5330567673613041,0.5972320888290857,3,3,0.4901053300129646,2.0,0.6046574994455696,0.4616512188676509,0.6238095238095238,0.4523809523809524,0.5999603056593339,0.4738402247938591,0.5644290433142537,0.4901053300129646,1,0.6682462658275836,0.41621806050496624,0.648209549071618,0.4078249336870027,0.5034122842232035,0.5437575270975512,0.5282738095238095,0.5133928571428571,0.5303268384663734,0.5219987429289755,0.5296052631578947,0.5098684210526316,0.5429292929292929,0.5176767676767677
0.3,0.002,20.0,corn,4,009|011,0,1.016,1.1248,8,6,8,29,0.48,0.5304600785155478,250,1.004,0.52,1.028,0.48,73.0,74.0,18.0,11.0,74.0,1.468,3,0.368,4,79,43,11,45,92,433,276,214,133,227,0.8547971792662363,0.8547971792662363,0.9051675935823159,10,8,0.5409409258592948,2.0,1.5916794378834358,0.34392734575334144,0.9404761904761904,0.488095238095238,0.9091131176103667,0.5724794462782812,0.9215142459510127,0.5409409258592948,1,1.1414204902576996,0.5091137649277184,1.1664637857577602,0.4605903834449178,0.8728070175438596,0.5699013157894737,0.9804338103756709,0.5433810375670841,0.8240481522956327,0.5646696528555432,0.7516233766233766,0.573051948051948,0.7138030888030888,0.5658783783783784
0.3,0.002,20.0,corn,4,009|011,1,1.084,1.1960000000000002,5,5,5,37,0.368,0.4129481969530301,250,1.4,0.448,1.312,0.368,88.0,90.0,20.0,17.0,35.0,1.468,3,0.368,4,79,43,11,45,92,433,276,214,133,227,0.9643582371985382,0.8587384046444194,0.9173508473784855,16,9,0.5527922111606363,2.0,1.5217152862174712,0.41890759843904685,0.7833333333333333,0.569047619047619,0.8574957331324333,0.5809730785783396,0.8587384046444194,0.5527922111606363,1,1.0650534255185418,0.5149800963754452,1.168670115642118,0.47740413877054166,0.8355263157894737,0.5638706140350878,0.8194320214669053,0.5656305903398926,0.676511758118701,0.5925251959686451,0.7413419913419914,0.5622294372294372,0.7046332046332047,0.5929054054054055
0.3,0.002,20.0,corn,5,010|012,0,1.3852459016393444,1.7565573770491802,7,6,7,27,0.27049180327868855,-0.2606125657616256,244,1.819672131147541,0.3073770491803279,1.7745901639344261,0.27049180327868855,92.0,54.0,34.0,19.0,45.0,1.2049180327868851,1,0.4098360655737705,0,100,41,57,1,45,412,278,168,177,274,0.9462460426911763,0.8791123041375091,0.951791993417997,7,5,0.5044267134019089,2.0,1.203331079578862,0.43073950278056444,0.9333333333333333,0.4738095238095238,0.9805089879977882,0.5114967135035396,0.9462460426911763,0.5044267134019089,1,1.1187651065699846,0.4567128103713469,1.087943716021746,0.4668212344099776,0.9189814814814814,0.48263888888888884,1.0083056478405317,0.48433792121499764,0.819677033492823,0.5376794258373205,0.8764568764568765,0.5198135198135199,0.79359243697479,0.582983193277311
0.3,0.003,20.0,corn,0,001|005,0,1.360655737704918,1.5090163934426228,6,5,6,25,0.29918032786885246,0.02691017517704064,244,1.3524590163934427,0.36475409836065575,1.360655737704918,0.29918032786885246,21.0,33.0,73.0,81.0,36.0,1.209016393442623,3,0.3770491803278688,4,49,17,48,59,92,463,302,177,119,227,1.1755898132643015,1.1450951818134505,1.1921264138730596,9,4,0.3998079180403126,2.0,1.2965231917669588,0.31768585231329227,1.357142857142857,0.36428571428571427,1.2261269715736298,0.43724858796024124,1.213442476352419,0.3998079180403126,1,1.5866276945560833,0.29327731092436976,1.4483253588516747,0.30207336523125994,1.1475,0.42673076923076925,1.1400709219858156,0.4243498817966903,1.1901785714285715,0.4107142857142857,1.0376447876447876,0.4467181467181467,0.94375,0.4947916666666667
0.3,0.002,20.0,corn,5,010|012,1,1.4918032786885247,1.6180327868852458,8,6,8,32,0.36475409836065575,-0.169741385146571,244,1.5901639344262295,0.3729508196721312,1.4959016393442623,0.36475409836065575,90.0,57.0,51.0,18.0,28.0,1.2049180327868851,1,0.4098360655737705,0,100,41,57,1,45,412,278,168,177,274,1.209024495811769,0.9762880743420983,1.0651373136278914,4,3,0.4766094262002252,2.0,1.1317066279582053,0.4453452421333162,1.130952380952381,0.4476190476190477,1.1124079006145469,0.48881303991315234,1.0717355230123748,0.4766094262002252,1,1.0431773236651285,0.442649967040211,1.067157019507515,0.4668212344099776,1.1689814814814814,0.4484953703703704,1.1845040341718083,0.4428096820123398,1.0245215311004785,0.49043062200956944,0.9749417249417249,0.5361305361305362,1.0388655462184875,0.5089285714285714
0.3,0.003,20.0,corn,0,001|005,1,1.5778688524590163,1.6975409836065574,21,6,21,27,0.29508196721311475,0.021041219244394505,244,1.6270491803278688,0.3114754098360656,1.6229508196721312,0.29508196721311475,73.0,63.0,77.0,16.0,15.0,1.209016393442623,3,0.3770491803278688,4,49,17,48,59,92,463,302,177,119,227,1.2177049171887662,1.0482910132637504,1.1419084816926883,5,4,0.43533395240765077,2.0,1.2761556590298802,0.35474347403423767,1.2404761904761905,0.3952380952380953,1.164746727365519,0.4798725965146218,1.1922680006165356,0.43533395240765077,1,1.63109243697479,0.25604676653270003,1.3296650717703349,0.3882775119617225,1.1459615384615385,0.46192307692307694,1.2430260047281325,0.441725768321513,1.213690476190476,0.4541666666666666,1.042857142857143,0.47644787644787645,0.7395833333333334,0.56875
0.3,0.003,20.0,corn,1,002|006,0,1.1666666666666667,1.58,12,9,12,28,0.34285714285714286,-0.04390217912515304,210,1.4952380952380953,0.3619047619047619,1.5,0.34285714285714286,67.0,35.0,46.0,10.0,52.0,1.1238095238095238,1,0.46190476190476193,0,97,35,53,57,7,415,284,172,121,312,1.1325081535136423,1.0167248170117698,1.1074438109803517,12,8,0.451077274170794,2.0,1.2264727224425598,0.4040721990667625,1.2857142857142856,0.4166666666666667,1.2005619495334376,0.46470769149616964,1.1325081535136423,0.451077274170794,1,1.4688227553396094,0.3701791679319769,1.4344115004492364,0.33647798742138363,1.5073198198198199,0.3085585585585585,1.236736918604651,0.40025436046511625,0.9651559454191033,0.5194931773879142,0.678030303030303,0.6212121212121212,0.6370798319327731,0.6013655462184874
0.3,0.003,20.0,corn,1,002|006,1,1.2047619047619047,1.5180952380952382,3,3,3,25,0.24285714285714285,-0.10055635689264375,210,1.8333333333333333,0.2714285714285714,1.4523809523809523,0.24285714285714285,9.0,100.0,45.0,24.0,32.0,1.1238095238095238,1,0.46190476190476193,0,97,35,53,57,7,415,284,172,121,312,1.2701391677895164,1.059632639150358,1.1215723463771339,6,6,0.4747297030772708,2.0,1.2131520028008835,0.39689442338536374,1.2690476190476192,0.44523809523809516,1.1849065033587114,0.4785762919871578,1.149595449524337,0.4747297030772708,1,1.4902318048385466,0.36567466342747246,1.4796720575022462,0.36848607367475295,1.4636824324324325,0.34234234234234234,1.1364462209302326,0.46875,0.9751461988304093,0.560672514619883,0.7462121212121212,0.5984848484848485,0.7557773109243697,0.6186974789915967
0.3,0.003,20.0,corn,2,003|007,0,1.441860465116279,1.6426356589147286,3,3,3,27,0.26356589147286824,0.170013815749955,258,1.5348837209302326,0.32945736434108525,1.441860465116279,0.26356589147286824,73.0,108.0,28.0,31.0,18.0,1.4224806201550388,1,0.32170542635658916,4,74,72,14,15,83,438,247,211,163,236,0.9093250282600964,0.7079061115636085,0.7557271238592346,6,4,0.5527469838896706,2.0,1.2289408783395106,0.35591885776915155,0.6619047619047619,0.5761904761904761,0.706190953737468,0.5643719916368595,0.7079061115636085,0.5527469838896706,1,0.9711946238663796,0.5130488680107,0.9047619047619049,0.49702380952380953,0.8219235970250169,0.5066768086544963,0.5446062346185399,0.6026456111566858,0.5731707317073171,0.5815548780487805,0.5985142118863049,0.5872093023255813,0.5411714770797962,0.5810696095076401
0.3,0.003,20.0,corn,2,003|007,1,1.554263565891473,1.7472868217054263,11,3,11,26,0.1937984496124031,0.12993075246417052,258,1.5891472868217054,0.25193798449612403,1.5775193798449612,0.1937984496124031,65.0,53.0,60.0,41.0,39.0,1.4224806201550388,1,0.32170542635658916,4,74,72,14,15,83,438,247,211,163,236,0.712761419457729,0.5585664700929088,0.6895899865299029,6,4,0.48781673591027686,2.0,1.0913908603446145,0.3849597330378356,0.8666666666666667,0.4714285714285714,0.7791794161664324,0.5264003846732761,0.8117762474709851,0.48781673591027686,1,1.1012592157630325,0.43961636328048537,0.8179563492063493,0.49702380952380953,0.908553076402975,0.4384719405003381,0.6574036095159967,0.5297374897456932,0.7623221544715447,0.49822154471544716,0.874031007751938,0.44670542635658916,0.5609083191850595,0.5649405772495756
0.3,0.003,20.0,corn,3,004|008,1,1.3375,1.4633333333333334,10,6,10,29,0.37916666666666665,0.010750352915625871,240,1.3791666666666667,0.39166666666666666,1.3375,0.37916666666666665,38.0,95.0,36.0,14.0,57.0,0.5375,1,0.4708333333333333,0,113,111,42,1,0,399,208,183,177,319,0.5929636454512929,0.5241225486400125,0.5558390871035674,3,3,0.5186582822419538,2.0,0.6046574994455696,0.4616512188676509,0.6142857142857143,0.46904761904761905,0.5511441934524389,0.5314441634285278,0.5431215362029456,0.5186582822419538,1,0.7182500568655699,0.3850178178785352,0.5625,0.5021551724137931,0.5493777599357688,0.5166599759132878,0.48363095238095244,0.5528273809523809,0.5207416719044626,0.5432118164676305,0.510279605263158,0.5423519736842105,0.45707070707070707,0.5883838383838383
0.3,0.003,20.0,corn,3,004|008,0,1.1291666666666667,1.4525000000000001,11,8,11,44,0.29583333333333334,0.010342950462711054,240,1.6916666666666667,0.30833333333333335,1.6833333333333333,0.29583333333333334,25.0,75.0,42.0,13.0,85.0,0.5375,1,0.4708333333333333,0,113,111,42,1,0,399,208,183,177,319,0.5670088320411694,0.5053355941186999,0.548576666817803,23,4,0.5559821929548246,2.0,0.5963572112834098,0.46679697028273426,0.4547619047619048,0.5976190476190476,0.5071162513140338,0.5623100925872204,0.5053355941186999,0.5559821929548246,1,0.6622564258093866,0.44468875578133293,0.5500663129973475,0.5059681697612732,0.5588117221999197,0.5072260136491369,0.46205357142857145,0.5855654761904762,0.42017598994343186,0.6330923947203018,0.45805921052631576,0.5958059210526316,0.42592592592592593,0.6195286195286195
0.3,0.003,20.0,corn,4,009|011,1,1.052,1.2312,7,4,7,29,0.384,0.36577617965630593,250,1.36,0.416,1.328,0.384,97.0,79.0,22.0,9.0,43.0,1.468,3,0.368,4,79,43,11,45,92,433,276,214,133,227,0.9633285527021815,0.8104894216655303,0.9081448692941546,15,6,0.5782082726655187,2.0,1.5217152862174712,0.41890759843904685,1.0523809523809526,0.5285714285714286,0.9145113844531673,0.5832145181186711,0.8895600027023509,0.5782082726655187,1,1.1122983448564845,0.5116279069767442,1.0551582471089471,0.5205416920267802,0.9073464912280702,0.584703947368421,0.9099955277280858,0.5638416815742398,0.7466405375139977,0.6385778275475924,0.7662337662337663,0.6060606060606061,0.7292471042471043,0.622104247104247
0.3,0.003,20.0,corn,4,009|011,0,0.888,1.072,6,5,6,44,0.392,0.3837868698568848,250,1.316,0.444,1.328,0.392,104.0,67.0,27.0,16.0,36.0,1.468,3,0.368,4,79,43,11,45,92,433,276,214,133,227,1.2289069672691335,0.7794566185716539,0.8556726054167264,10,9,0.5640438756536811,2.0,1.5916794378834358,0.34392734575334144,1.05,0.5142857142857142,0.9112534408720423,0.5777716196838745,0.888339443973753,0.5640438756536811,1,0.992771841609051,0.5013618269432223,1.0498326232501523,0.49832623250152164,0.9377741228070176,0.5646929824561404,0.9544946332737031,0.568649373881932,0.7466405375139977,0.5922452407614781,0.803030303030303,0.6076839826839826,0.7338320463320462,0.6153474903474904
0.3,0.003,20.0,corn,5,010|012,0,1.3688524590163935,1.619672131147541,23,22,23,27,0.3114754098360656,-0.15515692082404242,244,1.5491803278688525,0.3319672131147541,1.5655737704918034,0.3114754098360656,106.0,38.0,52.0,24.0,24.0,1.2049180327868851,1,0.4098360655737705,0,100,41,57,1,45,412,278,168,177,274,1.09450469066969,0.9180317017375537,0.9704900292673416,7,4,0.5339524464557477,2.0,1.203331079578862,0.43073950278056444,0.8809523809523809,0.5595238095238095,0.9941379792570255,0.545094358936125,0.9776480860383201,0.5339524464557477,1,1.2767523621182157,0.41023950780048346,1.0498081228014071,0.49648225135913016,0.9322916666666667,0.5104166666666666,0.9267916468913147,0.5228998576174656,0.9742822966507176,0.5113636363636364,0.9020979020979021,0.6066433566433567,0.7815126050420168,0.6796218487394958
0.3,0.003,20.0,corn,5,010|012,1,1.4836065573770492,1.7352459016393442,10,9,10,29,0.28688524590163933,-0.2881212767849204,244,1.7991803278688525,0.30327868852459017,1.790983606557377,0.28688524590163933,103.0,49.0,32.0,12.0,48.0,1.2049180327868851,1,0.4098360655737705,0,100,41,57,1,45,412,278,168,177,274,1.0121975825827514,0.9196854879304414,0.9716186019384654,6,5,0.49463931808643924,2.0,1.1317066279582053,0.4453452421333162,0.9333333333333333,0.488095238095238,0.9977825332490808,0.5147274825561619,0.9815029180389938,0.49463931808643924,1,1.1978686003076247,0.43188310261480994,1.1435081547809403,0.4093380236648545,0.9537037037037037,0.47916666666666663,0.969031798766018,0.488609397247271,0.9180622009569378,0.5299043062200957,0.8543123543123543,0.5600233100233101,0.8340336134453782,0.5635504201680672
0.2,0.005,20.0,corn,0,001|005,1,1.651639344262295,1.7860655737704918,8,6,8,29,0.30327868852459017,0.08331126398837208,244,1.6926229508196722,0.3524590163934426,1.6557377049180328,0.30327868852459017,104.0,45.0,58.0,22.0,15.0,1.209016393442623,3,0.3770491803278688,4,49,17,48,59,92,463,302,177,119,227,1.065691756950755,1.065691756950755,1.1526552082250412,8,4,0.46843015734809434,2.0,1.2761556590298802,0.35474347403423767,1.1595238095238096,0.4380952380952381,1.0502482873010381,0.5162237273443491,1.065691756950755,0.46843015734809434,1,1.1202411399342345,0.43993423456339054,1.1342105263157896,0.43779904306220097,1.0963461538461539,0.45153846153846156,1.098581560283688,0.441725768321513,1.1339285714285714,0.4529761904761905,1.0635135135135134,0.5034749034749035,0.8130208333333333,0.5515625
0.2,0.005,20.0,corn,1,002|006,1,1.2523809523809524,1.5746031746031746,33,4,33,34,0.29523809523809524,-0.08787280290408361,210,1.6095238095238096,0.2857142857142857,1.5476190476190477,0.29523809523809524,60.0,43.0,45.0,13.0,49.0,1.1238095238095238,1,0.46190476190476193,0,97,35,53,57,7,415,284,172,121,312,1.2048065322813937,1.0614654523674927,1.143089866639782,3,3,0.42680509661650773,2.0,1.2131520028008835,0.39689442338536374,1.3952380952380954,0.36666666666666664,1.2500759142475144,0.4762682929654505,1.1749255959108504,0.42680509661650773,1,1.3723048891588219,0.36906569490839153,1.5993935309973044,0.2528077268643306,1.6151463963963963,0.24239864864864866,1.2240188953488373,0.41624273255813954,0.97270955165692,0.5053606237816765,0.7765151515151515,0.6098484848484849,0.664390756302521,0.5919117647058824
0.2,0.005,20.0,corn,0,001|005,0,1.5614754098360655,1.7114754098360656,6,5,6,37,0.26229508196721313,0.04180849346035842,244,1.7622950819672132,0.3483606557377049,1.721311475409836,0.26229508196721313,79.0,91.0,51.0,8.0,15.0,1.209016393442623,3,0.3770491803278688,4,49,17,48,59,92,463,302,177,119,227,1.2022863819388463,1.0753608866312805,1.1050215364647256,17,6,0.4359680178014186,2.0,1.2965231917669588,0.31768585231329227,1.2333333333333334,0.3761904761904762,1.0732106543375612,0.48122033589396607,1.0870038655642578,0.4359680178014186,1,1.429229082937523,0.2890756302521008,1.3205741626794258,0.32902711323763956,1.1271153846153845,0.4407692307692308,1.066193853427896,0.46323877068557917,1.0708333333333333,0.4726190476190476,0.9252895752895753,0.48204633204633207,0.6697916666666667,0.575
0.2,0.005,20.0,corn,1,002|006,0,1.2142857142857142,1.5533333333333335,16,3,16,38,0.24761904761904763,-0.10090109694457916,210,1.7333333333333334,0.24761904761904763,1.7047619047619047,0.24761904761904763,59.0,40.0,34.0,15.0,62.0,1.1238095238095238,1,0.46190476190476193,0,97,35,53,57,7,415,284,172,121,312,1.187358029925784,1.0491132611630332,1.1234492058523808,17,16,0.4338469188022783,2.0,1.2264727224425598,0.4040721990667625,1.0523809523809524,0.40476190476190477,1.097501459945969,0.46083697133220425,1.0491132611630332,0.4338469188022783,1,1.2407126227350946,0.3229071768397611,1.391846361185984,0.3208670260557053,1.5104166666666665,0.30180180180180183,1.0396075581395348,0.4511264534883721,0.9883040935672515,0.42348927875243664,0.6287878787878788,0.5833333333333333,0.5441176470588236,0.6334033613445378
0.2,0.005,20.0,corn,2,003|007,1,1.306201550387597,1.5224806201550387,8,7,8,28,0.2248062015503876,0.056189640035118504,258,1.682170542635659,0.24806201550387597,1.6627906976744187,0.2248062015503876,74.0,69.0,47.0,25.0,43.0,1.4224806201550388,1,0.32170542635658916,4,74,72,14,15,83,438,247,211,163,236,0.7263523902299228,0.6122064530745548,0.6632729291233899,5,5,0.5758905781368293,2.0,1.0913908603446145,0.3849597330378356,0.588095238095238,0.5928571428571429,0.6108698027405854,0.5874057720998864,0.6156439567293491,0.5758905781368293,1,0.6899588960657663,0.5507600965616233,0.621031746031746,0.5610119047619048,0.7468728870858689,0.5386240703177823,0.6915504511894996,0.5696267432321576,0.5757113821138211,0.5989583333333333,0.4949935400516796,0.6012596899224806,0.4893887945670628,0.6109932088285229
0.2,0.005,20.0,corn,2,003|007,0,1.054263565891473,1.5356589147286823,17,17,17,36,0.2441860465116279,0.05882461960449992,258,1.6162790697674418,0.2868217054263566,1.6627906976744187,0.2441860465116279,69.0,67.0,45.0,29.0,48.0,1.4224806201550388,1,0.32170542635658916,4,74,72,14,15,83,438,247,211,163,236,0.7320338426558292,0.580505765121637,0.7015337209394086,17,4,0.5299118468078287,2.0,1.2289408783395106,0.35591885776915155,0.6714285714285715,0.569047619047619,0.7340868121006198,0.5547946398815867,0.7320338426558292,0.5299118468078287,1,0.9590917987864552,0.47413061916878707,1.1111111111111112,0.4171626984126984,0.7250676132521974,0.5234956051386072,0.6341263330598852,0.5794708777686628,0.6061991869918699,0.5650406504065041,0.5650839793281653,0.5836563307493541,0.5235568760611206,0.5664261460101867
0.2,0.005,20.0,corn,3,004|008,1,0.6041666666666666,0.6041666666666666,26,26,26,36,0.4708333333333333,0.0,240,0.6041666666666666,0.4708333333333333,0.6041666666666666,0.4708333333333333,240.0,0.0,0.0,0.0,0.0,0.5375,1,0.4708333333333333,0,113,111,42,1,0,399,208,183,177,319,0.5394490660205343,0.4808206601121393,0.5127343531009625,8,6,0.5438317493628181,2.0,0.6046574994455696,0.4616512188676509,0.619047619047619,0.4714285714285714,0.5036458701585145,0.5526200909618361,0.5065578051660345,0.5438317493628181,1,0.6792402759875653,0.42493744787322774,0.51657824933687,0.5222148541114058,0.49096748293857884,0.5615214773183461,0.43824404761904767,0.5982142857142857,0.4607165304839724,0.5741671904462602,0.4761513157894737,0.5567434210526316,0.484006734006734,0.569023569023569
0.2,0.005,20.0,corn,3,004|008,0,0.6041666666666666,0.6041666666666666,32,32,32,42,0.4708333333333333,0.0,240,0.6041666666666666,0.4708333333333333,0.6041666666666666,0.4708333333333333,240.0,0.0,0.0,0.0,0.0,0.5375,1,0.4708333333333333,0,113,111,42,1,0,399,208,183,177,319,0.5394490660205343,0.4793091698081227,0.5063893625998708,11,6,0.5588836279391648,2.0,0.5963572112834098,0.46679697028273426,0.5333333333333333,0.5380952380952381,0.500570503667634,0.5587735665774383,0.4929157602114651,0.5588836279391648,1,0.5892789445750246,0.4589051482295853,0.5213859416445623,0.5130968169761273,0.5369329586511442,0.5291047771979125,0.48958333333333337,0.5625,0.43368950345694535,0.6244500314267756,0.45024671052631576,0.6155427631578947,0.4292929292929293,0.6085858585858586
0.2,0.005,20.0,corn,4,009|011,1,1.096,1.2328,11,5,11,31,0.416,0.4148322921414591,250,1.236,0.512,1.252,0.416,98.0,27.0,29.0,24.0,72.0,1.468,3,0.368,4,79,43,11,45,92,433,276,214,133,227,0.8383361902300417,0.823843961149094,0.8711850269011736,9,8,0.5517052985402477,2.0,1.5217152862174712,0.41890759843904685,1.023809523809524,0.5095238095238095,0.9598327312411956,0.5590327528989002,0.9248703095945886,0.5517052985402477,1,1.246281164885816,0.41829038340666247,1.2560103469263542,0.45990566037735847,0.9196820175438596,0.549890350877193,0.8424642218246869,0.5784883720930233,0.7929731243001119,0.5762877939529675,0.6801948051948052,0.6439393939393939,0.7364864864864865,0.6351351351351351
0.2,0.005,20.0,corn,4,009|011,0,1.04,1.1784000000000003,7,5,7,35,0.428,0.33611950828748216,250,1.452,0.472,1.424,0.428,154.0,24.0,19.0,21.0,32.0,1.468,3,0.368,4,79,43,11,45,92,433,276,214,133,227,1.1085720144709015,0.7730141269775593,0.8315269609668613,13,10,0.5704671566190991,2.0,1.5916794378834358,0.34392734575334144,0.9642857142857142,0.5142857142857142,0.8436408685751761,0.5924483964058282,0.8299350928042908,0.5704671566190991,1,1.168028493609889,0.48156295830714435,1.0023584905660377,0.5325623858794888,0.6902412280701754,0.6121162280701754,0.7352415026833632,0.6043157423971377,0.6787513997760358,0.6097424412094065,0.7694805194805194,0.5957792207792207,0.7654440154440154,0.5571911196911197
0.2,0.005,20.0,corn,5,010|012,1,1.3852459016393444,1.3852459016393444,20,20,20,28,0.4098360655737705,0.0,244,1.3852459016393444,0.4098360655737705,1.3852459016393444,0.4098360655737705,244.0,0.0,0.0,0.0,0.0,1.2049180327868851,1,0.4098360655737705,0,100,41,57,1,45,412,278,168,177,274,1.4871954313374847,0.8586282383590278,0.9254478394116618,9,6,0.515780377712815,2.0,1.1317066279582053,0.4453452421333162,1.0,0.4833333333333333,0.9815157017000753,0.5391857185993915,0.96495130807543,0.515780377712815,1,1.2177543397055592,0.4074928587123709,1.1981931563799169,0.4389990406140071,1.0457175925925926,0.4652777777777778,0.9967963929757949,0.47994779307071667,0.8693181818181819,0.5319976076555024,0.7913752913752914,0.5955710955710956,0.6355042016806723,0.6911764705882353
0.2,0.005,20.0,corn,5,010|012,0,1.348360655737705,1.3852459016393444,24,24,24,37,0.4098360655737705,0.0,244,1.3852459016393444,0.4098360655737705,1.3852459016393444,0.4098360655737705,244.0,0.0,0.0,0.0,0.0,1.2049180327868851,1,0.4098360655737705,0,100,41,57,1,45,412,278,168,177,274,1.4871954313374847,0.9116173188852101,0.9769128614295516,17,8,0.48894807718343813,2.0,1.203331079578862,0.43073950278056444,1.1357142857142857,0.4642857142857143,1.102524586559148,0.48642916177828377,1.0455228639411052,0.48894807718343813,1,1.3327840035157108,0.41705119753900244,1.1076910777102653,0.48472977294531494,1.0324074074074074,0.4745370370370371,1.1212624584717608,0.46025154247745603,0.9324162679425837,0.5146531100478469,0.8997668997668997,0.5104895104895105,0.8923319327731092,0.5609243697478992
0.2,0.01,20.0,corn,0,001|005,0,1.6229508196721312,1.9409836065573771,3,3,3,24,0.2827868852459016,0.009445317121932306,244,2.0901639344262297,0.27049180327868855,1.9754098360655739,0.2827868852459016,162.0,32.0,48.0,2.0,0.0,1.209016393442623,3,0.3770491803278688,4,49,17,48,59,92,463,302,177,119,227,1.1669626696818183,1.1631110401961724,1.4242174363863003,3,3,0.4243392673177025,2.0,1.2965231917669588,0.31768585231329227,1.3380952380952382,0.3761904761904762,1.137792939810335,0.4932690868932043,1.1669626696818183,0.4243392673177025,1,1.2626963829009865,0.29327731092436976,1.2520733652312601,0.3150717703349282,1.1403846153846153,0.4623076923076923,1.277304964539007,0.44633569739952716,1.1517857142857144,0.46577380952380953,1.0787644787644788,0.49073359073359074,1.0057291666666668,0.496875
0.2,0.01,20.0,corn,0,001|005,1,1.7049180327868851,1.8221311475409834,4,3,4,25,0.26229508196721313,-0.03489677133087987,244,1.7622950819672132,0.319672131147541,1.7459016393442623,0.26229508196721313,92.0,60.0,90.0,2.0,0.0,1.209016393442623,3,0.3770491803278688,4,49,17,48,59,92,463,302,177,119,227,1.0220777957134861,1.0220777957134861,1.1101759439580765,3,3,0.4296572132943528,2.0,1.2761556590298802,0.35474347403423767,1.3333333333333335,0.3761904761904762,1.0825027714677455,0.5159975298047146,1.1409434888432204,0.4296572132943528,1,1.241687979539642,0.2970405553525758,1.3111642743221692,0.3373205741626794,1.105576923076923,0.4863461538461539,1.2048463356973995,0.4460992907801419,1.1577380952380953,0.4532738095238095,1.0306949806949808,0.4760617760617761,0.9348958333333334,0.5114583333333333
0.2,0.01,20.0,corn,1,002|006,0,1.2619047619047619,1.2619047619047619,7,7,7,25,0.46190476190476193,0.0,210,1.2619047619047619,0.46190476190476193,1.2619047619047619,0.46190476190476193,210.0,0.0,0.0,0.0,0.0,1.1238095238095238,1,0.46190476190476193,0,97,35,53,57,7,415,284,172,121,312,1.1882371299341723,1.006262090736828,1.0581993319139815,3,3,0.4814049642438787,2.0,1.2264727224425598,0.4040721990667625,1.1952380952380952,0.41428571428571426,1.106300424759903,0.521063898179464,1.0337386424433161,0.4814049642438787,1,0.9693288794412389,0.4670007085737423,1.3052560646900269,0.3920709793351303,1.586570945945946,0.2996903153153153,1.0515988372093024,0.4375,0.9597953216374269,0.5299707602339181,0.7916666666666666,0.5681818181818181,0.571953781512605,0.6754201680672269
0.2,0.01,20.0,corn,1,002|006,1,1.2285714285714286,1.2619047619047619,9,9,9,26,0.46190476190476193,0.0,210,1.2619047619047619,0.46190476190476193,1.2619047619047619,0.46190476190476193,210.0,0.0,0.0,0.0,0.0,1.1238095238095238,1,0.46190476190476193,0,97,35,53,57,7,415,284,172,121,312,1.1882371299341723,0.858114974741168,0.9871613302318138,4,3,0.44441943595174255,2.0,1.2131520028008835,0.39689442338536374,1.15,0.4095238095238095,1.0482220454653304,0.5364145255511474,1.023582032762811,0.44441943595174255,1,1.2101427269966596,0.35545095657455206,1.474056603773585,0.3227762803234501,1.501829954954955,0.33811936936936937,0.907703488372093,0.4649345930232558,0.8486842105263157,0.5263157894736843,0.6060606060606061,0.5492424242424243,0.6165966386554622,0.5540966386554622
0.2,0.01,20.0,corn,2,003|007,0,1.248062015503876,1.5992248062015504,4,3,4,25,0.2364341085271318,-0.22257394023760035,258,1.9108527131782946,0.24806201550387597,1.8565891472868217,0.2364341085271318,126.0,110.0,22.0,0.0,0.0,1.4224806201550388,1,0.32170542635658916,4,74,72,14,15,83,438,247,211,163,236,0.6227409694243772,0.6227409694243772,0.7598216337804538,3,3,0.5429442109591536,2.0,1.2289408783395106,0.35591885776915155,0.6452380952380952,0.5619047619047619,0.6663015791885024,0.5761291289060029,0.668996672220479,0.5429442109591536,1,0.952078032230704,0.5008481764206956,0.9776785714285714,0.45783730158730157,0.7516058147396889,0.4637423935091278,0.5979286300246103,0.5634741591468417,0.4566819105691057,0.6197916666666667,0.4673772609819121,0.60578165374677,0.47962648556876064,0.5891341256366723
0.2,0.01,20.0,corn,2,003|007,1,1.441860465116279,1.6209302325581398,7,6,7,25,0.2364341085271318,0.048270964432959196,258,1.7131782945736433,0.25193798449612403,1.6356589147286822,0.2364341085271318,60.0,70.0,57.0,35.0,36.0,1.4224806201550388,1,0.32170542635658916,4,74,72,14,15,83,438,247,211,163,236,0.6375589021665241,0.548857635882207,0.6000621867795697,5,4,0.5757828997033667,2.0,1.0913908603446145,0.3849597330378356,0.6452380952380952,0.5738095238095238,0.6597234581564722,0.5900983781668555,0.6416057742161909,0.5757828997033667,1,0.8368239055261957,0.539309714882234,0.7395833333333333,0.5729166666666667,0.6877112914131169,0.5560344827586207,0.6189499589827727,0.5558859721082855,0.5053353658536586,0.6258892276422765,0.500968992248062,0.6140180878552972,0.6018675721561969,0.5664261460101867
0.2,0.01,20.0,corn,3,004|008,0,0.6041666666666666,0.6041666666666666,8,8,8,26,0.4708333333333333,0.0,240,0.6041666666666666,0.4708333333333333,0.6041666666666666,0.4708333333333333,240.0,0.0,0.0,0.0,0.0,0.5375,1,0.4708333333333333,0,113,111,42,1,0,399,208,183,177,319,0.5394490660205343,0.48128102423041186,0.504236907502343,3,3,0.5127206277168906,2.0,0.5963572112834098,0.46679697028273426,0.5714285714285714,0.4833333333333334,0.542014085242462,0.5210039284787273,0.5243051205569607,0.5127206277168906,1,0.6907271210857533,0.38638259155356736,0.5008289124668435,0.5121021220159151,0.5376354877559213,0.5142513046969088,0.49925595238095244,0.5424107142857143,0.4723444374607165,0.5683532369578881,0.49712171052631576,0.5226151315789473,0.4722222222222222,0.5429292929292929
0.2,0.01,20.0,corn,3,004|008,1,0.6041666666666666,0.6041666666666666,9,9,9,24,0.4708333333333333,0.0,240,0.6041666666666666,0.4708333333333333,0.6041666666666666,0.4708333333333333,240.0,0.0,0.0,0.0,0.0,0.5375,1,0.4708333333333333,0,113,111,42,1,0,399,208,183,177,319,0.5394490660205343,0.5078232037533756,0.5365180340746317,4,3,0.5231031778213125,2.0,0.6046574994455696,0.4616512188676509,0.5333333333333333,0.5214285714285715,0.524741714381229,0.5371150033246295,0.5172118104011786,0.5231031778213125,1,0.6425430282811433,0.45936007278792934,0.4815981432360743,0.5313328912466844,0.5830991569650743,0.4699919710959454,0.5267857142857143,0.5252976190476191,0.48302954116907604,0.5518541797611565,0.47245065789473684,0.5472861842105263,0.43097643097643096,0.5765993265993266
0.2,0.01,20.0,corn,4,009|011,0,1.116,1.8128000000000004,3,3,3,24,0.316,0.0,250,2.188,0.316,2.188,0.316,250.0,0.0,0.0,0.0,0.0,1.468,3,0.368,4,79,43,11,45,92,433,276,214,133,227,2.236349893507909,0.9458682820126252,1.7981963849960856,3,3,0.3008081025956509,2.0,1.5916794378834358,0.34392734575334144,2.3,0.2833333333333334,2.236349893507909,0.3008081025956509,2.236349893507909,0.3008081025956509,1,2.2608422375864237,0.29949717159019484,2.240261716372489,0.30325623858794887,2.209155701754386,0.3072916666666667,2.208855098389982,0.3071332737030411,2.2110862262038076,0.30137178051511754,2.2510822510822512,0.2878787878787879,2.273166023166023,0.2992277992277992
0.2,0.01,20.0,corn,4,009|011,1,1.24,1.4448,4,4,4,26,0.356,0.3264631401238043,250,1.296,0.416,1.24,0.356,21.0,101.0,54.0,15.0,59.0,1.468,3,0.368,4,79,43,11,45,92,433,276,214,133,227,1.0784029083372382,0.7884190218711451,0.9529649231226955,4,3,0.5153356293644307,2.0,1.5217152862174712,0.41890759843904685,1.1214285714285714,0.4976190476190476,1.142201363894798,0.5219893574529125,1.0784029083372382,0.5153356293644307,1,1.4532788602556044,0.4022627278441232,1.3024193548387097,0.4363207547169811,1.0778508771929824,0.528234649122807,1.0483005366726297,0.5203488372093024,0.9041153415453528,0.5712486002239642,0.8555194805194806,0.5762987012987013,0.9073359073359073,0.5726351351351351
0.2,0.01,20.0,corn,5,010|012,0,1.3852459016393444,1.3852459016393444,9,9,9,27,0.4098360655737705,0.0,244,1.3852459016393444,0.4098360655737705,1.3852459016393444,0.4098360655737705,244.0,0.0,0.0,0.0,0.0,1.2049180327868851,1,0.4098360655737705,0,100,41,57,1,45,412,278,168,177,274,1.4871954313374847,0.9250180597882915,0.9613823880884039,4,3,0.5026710128283454,2.0,1.203331079578862,0.43073950278056444,0.9023809523809524,0.5333333333333333,1.0246589195156794,0.5024478119533996,0.9594364226643193,0.5026710128283454,1,0.9289167215996484,0.499121072291804,1.0693955868244325,0.4649824112567956,1.0891203703703702,0.44502314814814814,1.0410536307546274,0.4792358803986711,0.8744019138755981,0.5140550239234449,0.8822843822843823,0.5180652680652681,0.8308823529411764,0.5982142857142857
0.2,0.01,20.0,corn,5,010|012,1,1.3852459016393444,1.3852459016393444,9,9,9,25,0.4098360655737705,0.0,244,1.3852459016393444,0.4098360655737705,1.3852459016393444,0.4098360655737705,244.0,0.0,0.0,0.0,0.0,1.2049180327868851,1,0.4098360655737705,0,100,41,57,1,45,412,278,168,177,274,1.4871954313374847,0.8919910127794576,0.9373201477934039,4,3,0.4906242844514538,2.0,1.1317066279582053,0.4453452421333162,0.942857142857143,0.44761904761904764,0.888457138483655,0.5228521843278751,0.8919910127794576,0.4906242844514538,1,0.9533069655020875,0.47066578773895845,0.9790534058202751,0.46258394627438437,0.9091435185185186,0.4774305555555556,1.0598006644518272,0.4210963455149502,0.8803827751196173,0.4691985645933014,0.7453379953379953,0.5477855477855478,0.7169117647058824,0.585609243697479
