pid,arm,function,support_scope,n_seg,n_eval_seg,n_pool,n_val,base_set_mae,base_set_acc,head_in,embed_fcd,tau,k,set_mae,set_acc,set_qwk,set_macro_f1,grad_norm,l2sp,adapt_steps,n_support_eval_fn,constant
001,anil,startaphonecall,all,124,24,85,7,0.4285714285714285,0.5714285714285714,76,1,1.0,0,0.4285714285714285,0.5714285714285714,0.0,0.2424242424242424,0.0,0.0,0,0,
001,anil,startaphonecall,all,124,24,85,7,0.4285714285714285,0.5714285714285714,76,1,1.0,1,0.4285714285714285,0.5714285714285714,0.0,0.2424242424242424,0.0006300124223344,0.5,6000,0,
001,anil,startaphonecall,all,124,24,85,7,0.4285714285714285,0.5714285714285714,76,1,1.0,2,0.2857142857142857,0.7142857142857143,0.0,0.2777777777777778,0.0005456702201627,0.25,6000,0,
001,anil,startaphonecall,all,124,24,85,7,0.4285714285714285,0.5714285714285714,76,1,1.0,3,0.2857142857142857,0.7142857142857143,0.0,0.2777777777777778,0.0002256429288536,0.1666666666666666,6000,0,
001,anil,startaphonecall,all,124,24,85,7,0.4285714285714285,0.5714285714285714,76,1,1.0,4,0.2857142857142857,0.7142857142857143,0.0,0.2777777777777778,0.0003021806769538,0.125,6000,0,
001,anil,startaphonecall,all,124,24,85,7,0.4285714285714285,0.5714285714285714,76,1,1.0,5,0.8571428571428571,0.2857142857142857,0.0,0.2063492063492063,1.2970562238479031e-05,0.1,6000,1,
001,anil,startaphonecall,all,124,24,85,7,0.4285714285714285,0.5714285714285714,76,1,1.0,6,0.8571428571428571,0.2857142857142857,0.0,0.2063492063492063,0.0002619099977891,0.0833333333333333,6000,1,
001,anil,startaphonecall,all,124,24,85,7,0.4285714285714285,0.5714285714285714,76,1,1.0,8,0.8571428571428571,0.2857142857142857,0.0,0.2063492063492063,1.5697085586907633e-07,0.0625,6000,2,
001,anil,startaphonecall,all,124,24,85,7,0.4285714285714285,0.5714285714285714,76,1,1.0,10,0.8571428571428571,0.2857142857142857,0.0,0.2063492063492063,4.3868349166587e-05,0.05,6000,2,
001,anil,startaphonecall,all,124,24,85,7,0.4285714285714285,0.5714285714285714,76,1,1.0,12,0.8571428571428571,0.2857142857142857,0.0,0.2063492063492063,3.899461262335535e-06,0.0416666666666666,6000,2,
001,anil,startaphonecall,all,124,24,85,7,0.4285714285714285,0.5714285714285714,76,1,1.0,14,0.8571428571428571,0.2857142857142857,0.0,0.2063492063492063,0.0007339518051594,0.0357142857142857,6000,3,
001,anil,startaphonecall,all,124,24,85,7,0.4285714285714285,0.5714285714285714,76,1,1.0,16,0.8571428571428571,0.2857142857142857,0.0,0.2063492063492063,0.0001075850159395,0.03125,6000,4,
001,anil,startaphonecall,all,124,24,85,7,0.4285714285714285,0.5714285714285714,76,1,1.0,20,0.4285714285714285,0.5714285714285714,0.0,0.2424242424242424,1.2871670151071156e-05,0.025,6000,5,
001,anil,startaphonecall,all,124,24,85,7,0.4285714285714285,0.5714285714285714,76,1,1.0,25,0.2857142857142857,0.7142857142857143,0.5,0.4888888888888889,1.5921915519356844e-07,0.02,6000,7,
001,anil,startaphonecall,all,124,24,85,7,0.4285714285714285,0.5714285714285714,76,1,1.0,30,0.5714285714285714,0.5714285714285714,0.0,0.3833333333333333,4.24200770794414e-05,0.0166666666666666,6000,9,
001,anil,startaphonecall,all,124,24,85,7,0.4285714285714285,0.5714285714285714,76,1,1.0,40,0.5714285714285714,0.5714285714285714,0.0,0.3833333333333333,8.958837725003832e-07,0.0125,6000,11,
001,anil,startaphonecall,all,124,24,85,7,0.4285714285714285,0.5714285714285714,76,1,1.0,50,0.5714285714285714,0.5714285714285714,0.0,0.3833333333333333,1.4270516146552836e-07,0.01,6000,13,
001,anil,startaphonecall,all,124,24,85,7,0.4285714285714285,0.5714285714285714,76,1,1.0,60,0.4285714285714285,0.5714285714285714,0.0,0.2424242424242424,0.0018237899057567,0.0083333333333333,6000,14,
001,l2sp,startaphonecall,all,124,24,85,7,0.4285714285714285,0.5714285714285714,76,1,1.0,0,0.4285714285714285,0.5714285714285714,0.0,0.2424242424242424,0.0,0.0,0,0,
001,l2sp,startaphonecall,all,124,24,85,7,0.4285714285714285,0.5714285714285714,76,1,1.0,1,0.4285714285714285,0.5714285714285714,0.0,0.2424242424242424,0.0014290274120867,0.5,6000,0,
001,l2sp,startaphonecall,all,124,24,85,7,0.4285714285714285,0.5714285714285714,76,1,1.0,2,0.2857142857142857,0.7142857142857143,0.0,0.2777777777777778,0.0005757998442277,0.25,6000,0,
001,l2sp,startaphonecall,all,124,24,85,7,0.4285714285714285,0.5714285714285714,76,1,1.0,3,0.2857142857142857,0.7142857142857143,0.0,0.2777777777777778,0.0002468937891535,0.1666666666666666,6000,0,
001,l2sp,startaphonecall,all,124,24,85,7,0.4285714285714285,0.5714285714285714,76,1,1.0,4,0.2857142857142857,0.7142857142857143,0.0,0.2777777777777778,2.825024125741038e-07,0.125,6000,0,
001,l2sp,startaphonecall,all,124,24,85,7,0.4285714285714285,0.5714285714285714,76,1,1.0,5,0.7142857142857143,0.4285714285714285,0.0,0.3015873015873015,9.45291048992658e-07,0.1,6000,1,
001,l2sp,startaphonecall,all,124,24,85,7,0.4285714285714285,0.5714285714285714,76,1,1.0,6,0.7142857142857143,0.4285714285714285,0.0,0.3015873015873015,0.0012624777154996,0.0833333333333333,6000,1,
001,l2sp,startaphonecall,all,124,24,85,7,0.4285714285714285,0.5714285714285714,76,1,1.0,8,0.8571428571428571,0.2857142857142857,0.0,0.2063492063492063,1.6260447637250763e-06,0.0625,6000,2,
001,l2sp,startaphonecall,all,124,24,85,7,0.4285714285714285,0.5714285714285714,76,1,1.0,10,0.8571428571428571,0.2857142857142857,0.0,0.2063492063492063,6.996326646913076e-06,0.05,6000,2,
001,l2sp,startaphonecall,all,124,24,85,7,0.4285714285714285,0.5714285714285714,76,1,1.0,12,0.8571428571428571,0.2857142857142857,0.0,0.2063492063492063,3.47725763276685e-05,0.0416666666666666,6000,2,
001,l2sp,startaphonecall,all,124,24,85,7,0.4285714285714285,0.5714285714285714,76,1,1.0,14,0.8571428571428571,0.2857142857142857,0.0,0.2063492063492063,0.0064619821496307,0.0357142857142857,6000,3,
001,l2sp,startaphonecall,all,124,24,85,7,0.4285714285714285,0.5714285714285714,76,1,1.0,16,0.8571428571428571,0.2857142857142857,0.0,0.2063492063492063,1.8534983610152267e-05,0.03125,6000,4,
001,l2sp,startaphonecall,all,124,24,85,7,0.4285714285714285,0.5714285714285714,76,1,1.0,20,0.8571428571428571,0.2857142857142857,0.0,0.2063492063492063,0.0003604338853619,0.025,6000,5,
001,l2sp,startaphonecall,all,124,24,85,7,0.4285714285714285,0.5714285714285714,76,1,1.0,25,0.5714285714285714,0.4285714285714285,0.3333333333333333,0.3,4.07121260650456e-05,0.02,6000,7,
001,l2sp,startaphonecall,all,124,24,85,7,0.4285714285714285,0.5714285714285714,76,1,1.0,30,0.7142857142857143,0.2857142857142857,-2.220446049250313e-16,0.1481481481481481,0.0005044338759034,0.0166666666666666,6000,9,
001,l2sp,startaphonecall,all,124,24,85,7,0.4285714285714285,0.5714285714285714,76,1,1.0,40,0.5714285714285714,0.5714285714285714,0.0,0.3833333333333333,1.685416282271035e-05,0.0125,6000,11,
001,l2sp,startaphonecall,all,124,24,85,7,0.4285714285714285,0.5714285714285714,76,1,1.0,50,0.5714285714285714,0.4285714285714285,0.0,0.1999999999999999,0.0003724534763023,0.01,6000,13,
001,l2sp,startaphonecall,all,124,24,85,7,0.4285714285714285,0.5714285714285714,76,1,1.0,60,0.4285714285714285,0.5714285714285714,0.0,0.2424242424242424,3.871790977427736e-05,0.0083333333333333,6000,14,
001,lookup,startaphonecall,all,124,24,85,7,0.4285714285714285,0.5714285714285714,-1,-1,,1,2.0,0.0,,,0.0,0.0,0,0,4.0
001,lookup,startaphonecall,all,124,24,85,7,0.4285714285714285,0.5714285714285714,-1,-1,,2,0.2857142857142857,0.7142857142857143,,,0.0,0.0,0,0,2.0
001,lookup,startaphonecall,all,124,24,85,7,0.4285714285714285,0.5714285714285714,-1,-1,,3,0.2857142857142857,0.7142857142857143,,,0.0,0.0,0,0,2.0
001,lookup,startaphonecall,all,124,24,85,7,0.4285714285714285,0.5714285714285714,-1,-1,,4,0.2857142857142857,0.7142857142857143,,,0.0,0.0,0,0,2.0
001,lookup,startaphonecall,all,124,24,85,7,0.4285714285714285,0.5714285714285714,-1,-1,,5,1.0,0.1428571428571428,,,0.0,0.0,0,1,3.0
001,lookup,startaphonecall,all,124,24,85,7,0.4285714285714285,0.5714285714285714,-1,-1,,6,1.0,0.1428571428571428,,,0.0,0.0,0,1,3.0
001,lookup,startaphonecall,all,124,24,85,7,0.4285714285714285,0.5714285714285714,-1,-1,,8,1.0,0.1428571428571428,,,0.0,0.0,0,2,3.0
001,lookup,startaphonecall,all,124,24,85,7,0.4285714285714285,0.5714285714285714,-1,-1,,10,1.0,0.1428571428571428,,,0.0,0.0,0,2,3.0
001,lookup,startaphonecall,all,124,24,85,7,0.4285714285714285,0.5714285714285714,-1,-1,,12,1.0,0.1428571428571428,,,0.0,0.0,0,2,3.0
001,lookup,startaphonecall,all,124,24,85,7,0.4285714285714285,0.5714285714285714,-1,-1,,14,1.0,0.1428571428571428,,,0.0,0.0,0,3,3.0
001,lookup,startaphonecall,all,124,24,85,7,0.4285714285714285,0.5714285714285714,-1,-1,,16,1.0,0.1428571428571428,,,0.0,0.0,0,4,3.0
001,lookup,startaphonecall,all,124,24,85,7,0.4285714285714285,0.5714285714285714,-1,-1,,20,1.0,0.1428571428571428,,,0.0,0.0,0,5,3.0
001,lookup,startaphonecall,all,124,24,85,7,0.4285714285714285,0.5714285714285714,-1,-1,,25,1.0,0.1428571428571428,,,0.0,0.0,0,7,3.0
001,lookup,startaphonecall,all,124,24,85,7,0.4285714285714285,0.5714285714285714,-1,-1,,30,1.0,0.1428571428571428,,,0.0,0.0,0,9,3.0
001,lookup,startaphonecall,all,124,24,85,7,0.4285714285714285,0.5714285714285714,-1,-1,,40,1.0,0.1428571428571428,,,0.0,0.0,0,11,3.0
001,lookup,startaphonecall,all,124,24,85,7,0.4285714285714285,0.5714285714285714,-1,-1,,50,1.0,0.1428571428571428,,,0.0,0.0,0,13,3.0
001,lookup,startaphonecall,all,124,24,85,7,0.4285714285714285,0.5714285714285714,-1,-1,,60,1.0,0.1428571428571428,,,0.0,0.0,0,14,3.0
002,anil,startaphonecall,all,94,18,75,5,1.2,0.0,76,1,1.0,0,1.2,0.0,0.0,0.0,0.0,0.0,0,0,
002,anil,startaphonecall,all,94,18,75,5,1.2,0.0,76,1,1.0,1,2.0,0.0,0.0,0.0,6.414756626327289e-06,0.5,6000,0,
002,anil,startaphonecall,all,94,18,75,5,1.2,0.0,76,1,1.0,2,3.0,0.0,0.0,0.0,0.000649074150715,0.25,6000,0,
002,anil,startaphonecall,all,94,18,75,5,1.2,0.0,76,1,1.0,3,1.0,0.0,0.0,0.0,0.0001724906614981,0.1666666666666666,6000,1,
002,anil,startaphonecall,all,94,18,75,5,1.2,0.0,76,1,1.0,4,1.0,0.0,0.0,0.0,0.0001244849991053,0.125,6000,1,
002,anil,startaphonecall,all,94,18,75,5,1.2,0.0,76,1,1.0,5,1.0,0.0,0.0,0.0,0.0002347674017073,0.1,6000,1,
002,anil,startaphonecall,all,94,18,75,5,1.2,0.0,76,1,1.0,6,1.0,0.0,0.0,0.0,0.0005955251399427,0.0833333333333333,6000,1,
002,anil,startaphonecall,all,94,18,75,5,1.2,0.0,76,1,1.0,8,0.2,0.8,0.0,0.4444444444444444,0.0001015005254885,0.0625,6000,2,
002,anil,startaphonecall,all,94,18,75,5,1.2,0.0,76,1,1.0,10,0.4,0.6,0.0,0.375,1.6967080227914266e-05,0.05,6000,2,
002,anil,startaphonecall,all,94,18,75,5,1.2,0.0,76,1,1.0,12,0.4,0.6,0.0,0.375,2.0104705981793813e-05,0.0416666666666666,6000,2,
002,anil,startaphonecall,all,94,18,75,5,1.2,0.0,76,1,1.0,14,0.6,0.4,0.0,0.2857142857142857,1.9980136585218133e-06,0.0357142857142857,6000,3,
002,anil,startaphonecall,all,94,18,75,5,1.2,0.0,76,1,1.0,16,0.8,0.2,0.0,0.1666666666666666,4.536542473942973e-05,0.03125,6000,4,
002,anil,startaphonecall,all,94,18,75,5,1.2,0.0,76,1,1.0,20,1.0,0.0,0.0,0.0,0.0021588385570794,0.025,6000,4,
002,anil,startaphonecall,all,94,18,75,5,1.2,0.0,76,1,1.0,25,1.0,0.2,0.0,0.1111111111111111,2.0075061911484227e-05,0.02,6000,4,
002,anil,startaphonecall,all,94,18,75,5,1.2,0.0,76,1,1.0,30,0.8,0.2,0.0,0.1666666666666666,2.8772074074367997e-06,0.0166666666666666,6000,5,
002,anil,startaphonecall,all,94,18,75,5,1.2,0.0,76,1,1.0,40,0.4,0.6,0.0,0.375,1.93553751159925e-06,0.0125,6000,7,
002,anil,startaphonecall,all,94,18,75,5,1.2,0.0,76,1,1.0,50,0.6,0.4,0.0,0.2857142857142857,6.257849599933252e-05,0.01,6000,10,
002,anil,startaphonecall,all,94,18,75,5,1.2,0.0,76,1,1.0,60,0.6,0.4,0.0,0.2857142857142857,6.012847370584496e-05,0.0083333333333333,6000,12,
002,l2sp,startaphonecall,all,94,18,75,5,1.0,0.0,76,1,1.0,0,1.0,0.0,0.0,0.0,0.0,0.0,0,0,
002,l2sp,startaphonecall,all,94,18,75,5,1.0,0.0,76,1,1.0,1,1.6,0.0,0.0,0.0,0.00040773380897,0.5,6000,0,
002,l2sp,startaphonecall,all,94,18,75,5,1.0,0.0,76,1,1.0,2,2.8,0.0,0.0,0.0,0.0012115339050069,0.25,6000,0,
002,l2sp,startaphonecall,all,94,18,75,5,1.0,0.0,76,1,1.0,3,1.0,0.0,0.0,0.0,0.0181667488068342,0.1666666666666666,6000,1,
002,l2sp,startaphonecall,all,94,18,75,5,1.0,0.0,76,1,1.0,4,1.0,0.0,0.0,0.0,1.5235491446219385e-06,0.125,6000,1,
002,l2sp,startaphonecall,all,94,18,75,5,1.0,0.0,76,1,1.0,5,1.0,0.0,0.0,0.0,0.0002076285309158,0.1,6000,1,
002,l2sp,startaphonecall,all,94,18,75,5,1.0,0.0,76,1,1.0,6,1.0,0.0,0.0,0.0,0.0015668040141463,0.0833333333333333,6000,1,
002,l2sp,startaphonecall,all,94,18,75,5,1.0,0.0,76,1,1.0,8,0.0,1.0,1.0,1.0,4.800533861271106e-05,0.0625,6000,2,
002,l2sp,startaphonecall,all,94,18,75,5,1.0,0.0,76,1,1.0,10,0.0,1.0,1.0,1.0,2.4048571503954008e-05,0.05,6000,2,
002,l2sp,startaphonecall,all,94,18,75,5,1.0,0.0,76,1,1.0,12,0.0,1.0,1.0,1.0,5.752077868237393e-06,0.0416666666666666,6000,2,
002,l2sp,startaphonecall,all,94,18,75,5,1.0,0.0,76,1,1.0,14,0.0,1.0,1.0,1.0,2.90352400043048e-05,0.0357142857142857,6000,3,
002,l2sp,startaphonecall,all,94,18,75,5,1.0,0.0,76,1,1.0,16,0.6,0.4,0.0,0.2857142857142857,0.0004591756733134,0.03125,6000,4,
002,l2sp,startaphonecall,all,94,18,75,5,1.0,0.0,76,1,1.0,20,0.6,0.4,0.0,0.2857142857142857,6.582646165043116e-05,0.025,6000,4,
002,l2sp,startaphonecall,all,94,18,75,5,1.0,0.0,76,1,1.0,25,1.2,0.0,0.0,0.0,0.0014530913904309,0.02,6000,4,
002,l2sp,startaphonecall,all,94,18,75,5,1.0,0.0,76,1,1.0,30,1.0,0.0,0.0,0.0,5.865412731509423e-06,0.0166666666666666,6000,5,
002,l2sp,startaphonecall,all,94,18,75,5,1.0,0.0,76,1,1.0,40,0.6,0.4,0.0,0.2857142857142857,1.2908684539070236e-06,0.0125,6000,7,
002,l2sp,startaphonecall,all,94,18,75,5,1.0,0.0,76,1,1.0,50,0.6,0.4,0.0,0.2857142857142857,0.0004405085346661,0.01,6000,10,
002,l2sp,startaphonecall,all,94,18,75,5,1.0,0.0,76,1,1.0,60,0.6,0.4,0.0,0.2857142857142857,4.338784128776752e-05,0.0083333333333333,6000,12,
002,lookup,startaphonecall,all,94,18,75,5,1.0,0.0,-1,-1,,1,3.0,0.0,,,0.0,0.0,0,0,0.0
002,lookup,startaphonecall,all,94,18,75,5,1.0,0.0,-1,-1,,2,3.0,0.0,,,0.0,0.0,0,0,0.0
002,lookup,startaphonecall,all,94,18,75,5,1.0,0.0,-1,-1,,3,1.0,0.0,,,0.0,0.0,0,1,2.0
002,lookup,startaphonecall,all,94,18,75,5,1.0,0.0,-1,-1,,4,1.0,0.0,,,0.0,0.0,0,1,2.0
002,lookup,startaphonecall,all,94,18,75,5,1.0,0.0,-1,-1,,5,1.0,0.0,,,0.0,0.0,0,1,2.0
002,lookup,startaphonecall,all,94,18,75,5,1.0,0.0,-1,-1,,6,1.0,0.0,,,0.0,0.0,0,1,2.0
002,lookup,startaphonecall,all,94,18,75,5,1.0,0.0,-1,-1,,8,1.0,0.0,,,0.0,0.0,0,2,2.0
002,lookup,startaphonecall,all,94,18,75,5,1.0,0.0,-1,-1,,10,1.0,0.0,,,0.0,0.0,0,2,2.0
002,lookup,startaphonecall,all,94,18,75,5,1.0,0.0,-1,-1,,12,1.0,0.0,,,0.0,0.0,0,2,2.0
002,lookup,startaphonecall,all,94,18,75,5,1.0,0.0,-1,-1,,14,1.0,0.0,,,0.0,0.0,0,3,2.0
002,lookup,startaphonecall,all,94,18,75,5,1.0,0.0,-1,-1,,16,1.0,0.0,,,0.0,0.0,0,4,2.0
002,lookup,startaphonecall,all,94,18,75,5,1.0,0.0,-1,-1,,20,1.0,0.0,,,0.0,0.0,0,4,2.0
002,lookup,startaphonecall,all,94,18,75,5,1.0,0.0,-1,-1,,25,1.0,0.0,,,0.0,0.0,0,4,2.0
002,lookup,startaphonecall,all,94,18,75,5,1.0,0.0,-1,-1,,30,1.0,0.0,,,0.0,0.0,0,5,2.0
002,lookup,startaphonecall,all,94,18,75,5,1.0,0.0,-1,-1,,40,1.0,0.0,,,0.0,0.0,0,7,2.0
002,lookup,startaphonecall,all,94,18,75,5,1.0,0.0,-1,-1,,50,1.0,0.0,,,0.0,0.0,0,10,2.0
002,lookup,startaphonecall,all,94,18,75,5,1.0,0.0,-1,-1,,60,1.0,0.0,,,0.0,0.0,0,12,2.0
003,anil,startaphonecall,all,122,26,88,8,1.75,0.0,76,1,1.0,0,1.75,0.0,-0.0275229357798165,0.0,0.0,0.0,0,0,
003,anil,startaphonecall,all,122,26,88,8,1.75,0.0,76,1,1.0,1,1.625,0.0,0.0,0.0,0.0006235417095012,0.5,6000,0,
003,anil,startaphonecall,all,122,26,88,8,1.75,0.0,76,1,1.0,2,1.625,0.0,0.0,0.0,0.0006597806350328,0.25,6000,0,
003,anil,startaphonecall,all,122,26,88,8,1.75,0.0,76,1,1.0,3,1.625,0.0,0.0,0.0,0.0005568875349126,0.1666666666666666,6000,0,
003,anil,startaphonecall,all,122,26,88,8,1.75,0.0,76,1,1.0,4,0.375,0.625,0.0,0.3846153846153846,8.139180863508955e-06,0.125,6000,1,
003,anil,startaphonecall,all,122,26,88,8,1.75,0.0,76,1,1.0,5,0.375,0.625,0.0,0.3846153846153846,0.0002128829655703,0.1,6000,2,
003,anil,startaphonecall,all,122,26,88,8,1.75,0.0,76,1,1.0,6,0.375,0.625,0.0,0.3846153846153846,8.244952914537862e-05,0.0833333333333333,6000,2,
003,anil,startaphonecall,all,122,26,88,8,1.75,0.0,76,1,1.0,8,0.375,0.625,0.0,0.3846153846153846,8.90235387487337e-05,0.0625,6000,2,
003,anil,startaphonecall,all,122,26,88,8,1.75,0.0,76,1,1.0,10,0.375,0.625,0.0,0.3846153846153846,3.187589754816145e-05,0.05,6000,2,
003,anil,startaphonecall,all,122,26,88,8,1.75,0.0,76,1,1.0,12,0.375,0.625,0.0,0.3846153846153846,1.3097261216898914e-05,0.0416666666666666,6000,3,
003,anil,startaphonecall,all,122,26,88,8,1.75,0.0,76,1,1.0,14,0.375,0.625,0.0,0.3846153846153846,1.8921427908935584e-05,0.0357142857142857,6000,4,
003,anil,startaphonecall,all,122,26,88,8,1.75,0.0,76,1,1.0,16,0.375,0.625,0.0,0.3846153846153846,8.684854037710465e-06,0.03125,6000,4,
003,anil,startaphonecall,all,122,26,88,8,1.75,0.0,76,1,1.0,20,0.375,0.625,0.0,0.3846153846153846,0.0053416942246258,0.025,6000,5,
003,anil,startaphonecall,all,122,26,88,8,1.75,0.0,76,1,1.0,25,0.375,0.625,0.0,0.3846153846153846,4.0820355934556574e-05,0.02,6000,6,
003,anil,startaphonecall,all,122,26,88,8,1.75,0.0,76,1,1.0,30,0.5,0.5,0.0588235294117647,0.5,1.4488790611721925e-06,0.0166666666666666,6000,7,
003,anil,startaphonecall,all,122,26,88,8,1.75,0.0,76,1,1.0,40,0.5,0.5,0.0588235294117647,0.5,1.5381734556285664e-05,0.0125,6000,8,
003,anil,startaphonecall,all,122,26,88,8,1.75,0.0,76,1,1.0,50,0.5,0.5,0.0588235294117647,0.5,1.344454858553945e-07,0.01,6000,9,
003,anil,startaphonecall,all,122,26,88,8,1.75,0.0,76,1,1.0,60,0.375,0.625,0.1428571428571429,0.5636363636363637,0.001118850777857,0.0083333333333333,6000,11,
003,l2sp,startaphonecall,all,122,26,88,8,2.0,0.0,76,1,1.0,0,2.0,0.0,-0.006993006993007,0.0,0.0,0.0,0,0,
003,l2sp,startaphonecall,all,122,26,88,8,2.0,0.0,76,1,1.0,1,2.25,0.0,0.0056497175141242,0.0,2.802140807034448e-05,0.5,6000,0,
003,l2sp,startaphonecall,all,122,26,88,8,2.0,0.0,76,1,1.0,2,2.25,0.0,0.0056497175141242,0.0,0.00189029565081,0.25,6000,0,
003,l2sp,startaphonecall,all,122,26,88,8,2.0,0.0,76,1,1.0,3,2.25,0.0,0.0056497175141242,0.0,0.0006380652193911,0.1666666666666666,6000,0,
003,l2sp,startaphonecall,all,122,26,88,8,2.0,0.0,76,1,1.0,4,1.5,0.25,-0.0873786407766989,0.1111111111111111,0.0005984205636195,0.125,6000,1,
003,l2sp,startaphonecall,all,122,26,88,8,2.0,0.0,76,1,1.0,5,1.5,0.25,-0.0873786407766989,0.1111111111111111,0.0002253104321425,0.1,6000,2,
003,l2sp,startaphonecall,all,122,26,88,8,2.0,0.0,76,1,1.0,6,1.125,0.375,0.0,0.15,0.0008011683239601,0.0833333333333333,6000,2,
003,l2sp,startaphonecall,all,122,26,88,8,2.0,0.0,76,1,1.0,8,1.125,0.375,0.0,0.15,2.016925827774685e-05,0.0625,6000,2,
003,l2sp,startaphonecall,all,122,26,88,8,2.0,0.0,76,1,1.0,10,1.125,0.375,0.0,0.15,8.72510572662577e-05,0.05,6000,2,
003,l2sp,startaphonecall,all,122,26,88,8,2.0,0.0,76,1,1.0,12,1.125,0.375,0.0,0.15,0.0007462620851583,0.0416666666666666,6000,3,
003,l2sp,startaphonecall,all,122,26,88,8,2.0,0.0,76,1,1.0,14,1.125,0.375,0.0,0.15,2.1911026124143973e-05,0.0357142857142857,6000,4,
003,l2sp,startaphonecall,all,122,26,88,8,2.0,0.0,76,1,1.0,16,1.125,0.375,0.0,0.15,8.738952601561323e-06,0.03125,6000,4,
003,l2sp,startaphonecall,all,122,26,88,8,2.0,0.0,76,1,1.0,20,1.125,0.375,0.0,0.15,0.0005734597798436,0.025,6000,5,
003,l2sp,startaphonecall,all,122,26,88,8,2.0,0.0,76,1,1.0,25,1.125,0.375,0.0,0.15,0.0044043683446943,0.02,6000,6,
003,l2sp,startaphonecall,all,122,26,88,8,2.0,0.0,76,1,1.0,30,1.125,0.125,0.0,0.0625,0.0001794139971025,0.0166666666666666,6000,7,
003,l2sp,startaphonecall,all,122,26,88,8,2.0,0.0,76,1,1.0,40,1.125,0.125,-0.1818181818181818,0.0833333333333333,5.071843588666525e-06,0.0125,6000,8,
003,l2sp,startaphonecall,all,122,26,88,8,2.0,0.0,76,1,1.0,50,1.125,0.125,-0.1818181818181818,0.0833333333333333,7.2067355176841374e-06,0.01,6000,9,
003,l2sp,startaphonecall,all,122,26,88,8,2.0,0.0,76,1,1.0,60,1.0,0.25,-0.1162790697674418,0.1481481481481481,1.78872996912105e-05,0.0083333333333333,6000,11,
003,lookup,startaphonecall,all,122,26,88,8,2.0,0.0,-1,-1,,1,1.625,0.0,,,0.0,0.0,0,0,2.0
003,lookup,startaphonecall,all,122,26,88,8,2.0,0.0,-1,-1,,2,1.625,0.0,,,0.0,0.0,0,0,2.0
003,lookup,startaphonecall,all,122,26,88,8,2.0,0.0,-1,-1,,3,3.625,0.0,,,0.0,0.0,0,0,4.0
003,lookup,startaphonecall,all,122,26,88,8,2.0,0.0,-1,-1,,4,0.375,0.625,,,0.0,0.0,0,1,0.0
003,lookup,startaphonecall,all,122,26,88,8,2.0,0.0,-1,-1,,5,0.375,0.625,,,0.0,0.0,0,2,0.0
003,lookup,startaphonecall,all,122,26,88,8,2.0,0.0,-1,-1,,6,0.375,0.625,,,0.0,0.0,0,2,0.0
003,lookup,startaphonecall,all,122,26,88,8,2.0,0.0,-1,-1,,8,0.375,0.625,,,0.0,0.0,0,2,0.0
003,lookup,startaphonecall,all,122,26,88,8,2.0,0.0,-1,-1,,10,0.375,0.625,,,0.0,0.0,0,2,0.0
003,lookup,startaphonecall,all,122,26,88,8,2.0,0.0,-1,-1,,12,0.375,0.625,,,0.0,0.0,0,3,0.0
003,lookup,startaphonecall,all,122,26,88,8,2.0,0.0,-1,-1,,14,0.375,0.625,,,0.0,0.0,0,4,0.0
003,lookup,startaphonecall,all,122,26,88,8,2.0,0.0,-1,-1,,16,0.375,0.625,,,0.0,0.0,0,4,0.0
003,lookup,startaphonecall,all,122,26,88,8,2.0,0.0,-1,-1,,20,0.375,0.625,,,0.0,0.0,0,5,0.0
003,lookup,startaphonecall,all,122,26,88,8,2.0,0.0,-1,-1,,25,0.375,0.625,,,0.0,0.0,0,6,0.0
003,lookup,startaphonecall,all,122,26,88,8,2.0,0.0,-1,-1,,30,0.375,0.625,,,0.0,0.0,0,7,0.0
003,lookup,startaphonecall,all,122,26,88,8,2.0,0.0,-1,-1,,40,0.375,0.625,,,0.0,0.0,0,8,0.0
003,lookup,startaphonecall,all,122,26,88,8,2.0,0.0,-1,-1,,50,0.375,0.625,,,0.0,0.0,0,9,0.0
003,lookup,startaphonecall,all,122,26,88,8,2.0,0.0,-1,-1,,60,0.375,0.625,,,0.0,0.0,0,11,0.0
004,anil,startaphonecall,all,114,18,87,5,0.2,0.8,76,1,1.0,0,0.2,0.8,0.7619047619047619,0.6,0.0,0.0,0,0,
004,anil,startaphonecall,all,114,18,87,5,0.2,0.8,76,1,1.0,1,0.0,1.0,1.0,1.0,0.0013071669964119,0.5,6000,1,
004,anil,startaphonecall,all,114,18,87,5,0.2,0.8,76,1,1.0,2,0.0,1.0,1.0,1.0,0.0003687757125589,0.25,6000,1,
004,anil,startaphonecall,all,114,18,87,5,0.2,0.8,76,1,1.0,3,0.0,1.0,1.0,1.0,4.117959178984165e-05,0.1666666666666666,6000,1,
004,anil,startaphonecall,all,114,18,87,5,0.2,0.8,76,1,1.0,4,0.2,0.8,0.7619047619047619,0.3333333333333333,0.0006159812910482,0.125,6000,1,
004,anil,startaphonecall,all,114,18,87,5,0.2,0.8,76,1,1.0,5,0.2,0.8,0.7619047619047619,0.3333333333333333,0.0009239534265361,0.1,6000,1,
004,anil,startaphonecall,all,114,18,87,5,0.2,0.8,76,1,1.0,6,0.0,1.0,1.0,1.0,9.508664516033603e-05,0.0833333333333333,6000,1,
004,anil,startaphonecall,all,114,18,87,5,0.2,0.8,76,1,1.0,8,0.0,1.0,1.0,1.0,2.1387391825555824e-05,0.0625,6000,1,
004,anil,startaphonecall,all,114,18,87,5,0.2,0.8,76,1,1.0,10,0.0,1.0,1.0,1.0,0.0007995232008397,0.05,6000,2,
004,anil,startaphonecall,all,114,18,87,5,0.2,0.8,76,1,1.0,12,0.0,1.0,1.0,1.0,0.0058214701712131,0.0416666666666666,6000,3,
004,anil,startaphonecall,all,114,18,87,5,0.2,0.8,76,1,1.0,14,0.0,1.0,1.0,1.0,0.0007603865815326,0.0357142857142857,6000,3,
004,anil,startaphonecall,all,114,18,87,5,0.2,0.8,76,1,1.0,16,0.0,1.0,1.0,1.0,4.702184378402308e-05,0.03125,6000,3,
004,anil,startaphonecall,all,114,18,87,5,0.2,0.8,76,1,1.0,20,0.0,1.0,1.0,1.0,0.0001096649866667,0.025,6000,4,
004,anil,startaphonecall,all,114,18,87,5,0.2,0.8,76,1,1.0,25,0.0,1.0,1.0,1.0,0.0037056768778711,0.02,6000,5,
004,anil,startaphonecall,all,114,18,87,5,0.2,0.8,76,1,1.0,30,0.0,1.0,1.0,1.0,0.0003672101011034,0.0166666666666666,6000,6,
004,anil,startaphonecall,all,114,18,87,5,0.2,0.8,76,1,1.0,40,0.0,1.0,1.0,1.0,5.094409971206915e-06,0.0125,6000,6,
004,anil,startaphonecall,all,114,18,87,5,0.2,0.8,76,1,1.0,50,0.0,1.0,1.0,1.0,0.0006555101135745,0.01,6000,7,
004,anil,startaphonecall,all,114,18,87,5,0.2,0.8,76,1,1.0,60,0.0,1.0,1.0,1.0,2.432149267406203e-05,0.0083333333333333,6000,7,
004,l2sp,startaphonecall,all,114,18,87,5,0.6,0.4,76,1,1.0,0,0.6,0.4,0.0,0.2857142857142857,0.0,0.0,0,0,
004,l2sp,startaphonecall,all,114,18,87,5,0.6,0.4,76,1,1.0,1,0.4,0.6,0.0,0.375,0.0018617050955072,0.5,6000,1,
004,l2sp,startaphonecall,all,114,18,87,5,0.6,0.4,76,1,1.0,2,0.2,0.8,0.0,0.4444444444444444,0.0085058324038982,0.25,6000,1,
004,l2sp,startaphonecall,all,114,18,87,5,0.6,0.4,76,1,1.0,3,0.2,0.8,0.0,0.4444444444444444,6.074064003769308e-06,0.1666666666666666,6000,1,
004,l2sp,startaphonecall,all,114,18,87,5,0.6,0.4,76,1,1.0,4,0.2,0.8,0.0,0.4444444444444444,2.9983508284203708e-05,0.125,6000,1,
004,l2sp,startaphonecall,all,114,18,87,5,0.6,0.4,76,1,1.0,5,0.2,0.8,0.0,0.4444444444444444,5.420812158263288e-06,0.1,6000,1,
004,l2sp,startaphonecall,all,114,18,87,5,0.6,0.4,76,1,1.0,6,0.2,0.8,0.7619047619047619,0.6,0.0001490687282057,0.0833333333333333,6000,1,
004,l2sp,startaphonecall,all,114,18,87,5,0.6,0.4,76,1,1.0,8,0.2,0.8,0.7826086956521738,0.5555555555555555,0.0019415699644014,0.0625,6000,1,
004,l2sp,startaphonecall,all,114,18,87,5,0.6,0.4,76,1,1.0,10,0.0,1.0,1.0,1.0,6.152843525342178e-06,0.05,6000,2,
004,l2sp,startaphonecall,all,114,18,87,5,0.6,0.4,76,1,1.0,12,0.0,1.0,1.0,1.0,9.899445103656037e-06,0.0416666666666666,6000,3,
004,l2sp,startaphonecall,all,114,18,87,5,0.6,0.4,76,1,1.0,14,0.0,1.0,1.0,1.0,0.0006090650567784,0.0357142857142857,6000,3,
004,l2sp,startaphonecall,all,114,18,87,5,0.6,0.4,76,1,1.0,16,0.0,1.0,1.0,1.0,0.006022626068443,0.03125,6000,3,
004,l2sp,startaphonecall,all,114,18,87,5,0.6,0.4,76,1,1.0,20,0.0,1.0,1.0,1.0,0.0106511898338794,0.025,6000,4,
004,l2sp,startaphonecall,all,114,18,87,5,0.6,0.4,76,1,1.0,25,0.0,1.0,1.0,1.0,0.0009829477639868,0.02,6000,5,
004,l2sp,startaphonecall,all,114,18,87,5,0.6,0.4,76,1,1.0,30,0.0,1.0,1.0,1.0,7.600943354191259e-05,0.0166666666666666,6000,6,
004,l2sp,startaphonecall,all,114,18,87,5,0.6,0.4,76,1,1.0,40,0.0,1.0,1.0,1.0,2.675973519217223e-06,0.0125,6000,6,
004,l2sp,startaphonecall,all,114,18,87,5,0.6,0.4,76,1,1.0,50,0.0,1.0,1.0,1.0,0.0001111725578084,0.01,6000,7,
004,l2sp,startaphonecall,all,114,18,87,5,0.6,0.4,76,1,1.0,60,0.0,1.0,1.0,1.0,0.0007139266235753,0.0083333333333333,6000,7,
004,lookup,startaphonecall,all,114,18,87,5,0.6,0.4,-1,-1,,1,0.0,1.0,,,0.0,0.0,0,1,1.0
004,lookup,startaphonecall,all,114,18,87,5,0.6,0.4,-1,-1,,2,0.0,1.0,,,0.0,0.0,0,1,1.0
004,lookup,startaphonecall,all,114,18,87,5,0.6,0.4,-1,-1,,3,0.0,1.0,,,0.0,0.0,0,1,1.0
004,lookup,startaphonecall,all,114,18,87,5,0.6,0.4,-1,-1,,4,0.0,1.0,,,0.0,0.0,0,1,1.0
004,lookup,startaphonecall,all,114,18,87,5,0.6,0.4,-1,-1,,5,0.0,1.0,,,0.0,0.0,0,1,1.0
004,lookup,startaphonecall,all,114,18,87,5,0.6,0.4,-1,-1,,6,0.0,1.0,,,0.0,0.0,0,1,1.0
004,lookup,startaphonecall,all,114,18,87,5,0.6,0.4,-1,-1,,8,0.0,1.0,,,0.0,0.0,0,1,1.0
004,lookup,startaphonecall,all,114,18,87,5,0.6,0.4,-1,-1,,10,0.0,1.0,,,0.0,0.0,0,2,1.0
004,lookup,startaphonecall,all,114,18,87,5,0.6,0.4,-1,-1,,12,0.0,1.0,,,0.0,0.0,0,3,1.0
004,lookup,startaphonecall,all,114,18,87,5,0.6,0.4,-1,-1,,14,0.0,1.0,,,0.0,0.0,0,3,1.0
004,lookup,startaphonecall,all,114,18,87,5,0.6,0.4,-1,-1,,16,0.0,1.0,,,0.0,0.0,0,3,1.0
004,lookup,startaphonecall,all,114,18,87,5,0.6,0.4,-1,-1,,20,0.0,1.0,,,0.0,0.0,0,4,1.0
004,lookup,startaphonecall,all,114,18,87,5,0.6,0.4,-1,-1,,25,0.0,1.0,,,0.0,0.0,0,5,1.0
004,lookup,startaphonecall,all,114,18,87,5,0.6,0.4,-1,-1,,30,0.0,1.0,,,0.0,0.0,0,6,1.0
004,lookup,startaphonecall,all,114,18,87,5,0.6,0.4,-1,-1,,40,0.0,1.0,,,0.0,0.0,0,6,1.0
004,lookup,startaphonecall,all,114,18,87,5,0.6,0.4,-1,-1,,50,0.0,1.0,,,0.0,0.0,0,7,1.0
004,lookup,startaphonecall,all,114,18,87,5,0.6,0.4,-1,-1,,60,0.0,1.0,,,0.0,0.0,0,7,1.0
005,anil,startaphonecall,all,120,28,92,8,1.125,0.125,76,1,1.0,0,1.125,0.125,0.037037037037037,0.0952380952380952,0.0,0.0,0,0,
005,anil,startaphonecall,all,120,28,92,8,1.125,0.125,76,1,1.0,1,1.0,0.125,0.0909090909090909,0.0833333333333333,0.0003258449432905,0.5,6000,0,
005,anil,startaphonecall,all,120,28,92,8,1.125,0.125,76,1,1.0,2,1.0,0.125,0.0909090909090909,0.0833333333333333,0.0004280239809304,0.25,6000,0,
005,anil,startaphonecall,all,120,28,92,8,1.125,0.125,76,1,1.0,3,0.75,0.25,0.0,0.2,0.0005541495047509,0.1666666666666666,6000,1,
005,anil,startaphonecall,all,120,28,92,8,1.125,0.125,76,1,1.0,4,0.75,0.25,0.0,0.2,5.563898957916536e-05,0.125,6000,1,
005,anil,startaphonecall,all,120,28,92,8,1.125,0.125,76,1,1.0,5,0.75,0.25,0.0,0.2,1.933096427819692e-05,0.1,6000,2,
005,anil,startaphonecall,all,120,28,92,8,1.125,0.125,76,1,1.0,6,0.75,0.25,0.0,0.2,0.0160543266683816,0.0833333333333333,6000,2,
005,anil,startaphonecall,all,120,28,92,8,1.125,0.125,76,1,1.0,8,0.625,0.375,0.0909090909090909,0.365079365079365,0.0158079508692026,0.0625,6000,2,
005,anil,startaphonecall,all,120,28,92,8,1.125,0.125,76,1,1.0,10,0.75,0.25,0.0,0.2,0.000291921372991,0.05,6000,2,
005,anil,startaphonecall,all,120,28,92,8,1.125,0.125,76,1,1.0,12,0.75,0.25,0.0,0.2,0.0042809671722352,0.0416666666666666,6000,3,
005,anil,startaphonecall,all,120,28,92,8,1.125,0.125,76,1,1.0,14,0.75,0.25,0.0,0.2,1.0315178400333025e-07,0.0357142857142857,6000,3,
005,anil,startaphonecall,all,120,28,92,8,1.125,0.125,76,1,1.0,16,0.75,0.25,0.0,0.2,8.40269649415859e-08,0.03125,6000,4,
005,anil,startaphonecall,all,120,28,92,8,1.125,0.125,76,1,1.0,20,0.75,0.25,0.0,0.2,1.4163478567752466e-07,0.025,6000,5,
005,anil,startaphonecall,all,120,28,92,8,1.125,0.125,76,1,1.0,25,0.75,0.25,0.25,0.1785714285714285,1.4870056475047022e-07,0.02,6000,6,
005,anil,startaphonecall,all,120,28,92,8,1.125,0.125,76,1,1.0,30,0.875,0.125,0.1764705882352941,0.074074074074074,1.7663037965576225e-07,0.0166666666666666,6000,7,
005,anil,startaphonecall,all,120,28,92,8,1.125,0.125,76,1,1.0,40,0.375,0.625,0.4545454545454546,0.2777777777777778,9.013610480224089e-08,0.0125,6000,10,
005,anil,startaphonecall,all,120,28,92,8,1.125,0.125,76,1,1.0,50,0.75,0.375,0.1999999999999999,0.2777777777777777,2.859028427337762e-07,0.01,6000,13,
005,anil,startaphonecall,all,120,28,92,8,1.125,0.125,76,1,1.0,60,0.875,0.125,0.0666666666666666,0.0833333333333333,7.01422635529525e-08,0.0083333333333333,6000,13,
005,l2sp,startaphonecall,all,120,28,92,8,1.125,0.125,76,1,1.0,0,1.125,0.125,0.037037037037037,0.0952380952380952,0.0,0.0,0,0,
005,l2sp,startaphonecall,all,120,28,92,8,1.125,0.125,76,1,1.0,1,0.875,0.375,0.12,0.3,0.00042848821613,0.5,6000,0,
005,l2sp,startaphonecall,all,120,28,92,8,1.125,0.125,76,1,1.0,2,0.875,0.375,0.12,0.3,0.0001533614849904,0.25,6000,0,
005,l2sp,startaphonecall,all,120,28,92,8,1.125,0.125,76,1,1.0,3,0.75,0.25,0.0,0.2,3.397867476451211e-05,0.1666666666666666,6000,1,
005,l2sp,startaphonecall,all,120,28,92,8,1.125,0.125,76,1,1.0,4,0.75,0.25,0.0,0.2,1.1893229384440929e-05,0.125,6000,1,
005,l2sp,startaphonecall,all,120,28,92,8,1.125,0.125,76,1,1.0,5,0.625,0.375,0.0909090909090909,0.365079365079365,0.0003561853081919,0.1,6000,2,
005,l2sp,startaphonecall,all,120,28,92,8,1.125,0.125,76,1,1.0,6,0.75,0.25,0.0,0.2,0.0013125708792358,0.0833333333333333,6000,2,
005,l2sp,startaphonecall,all,120,28,92,8,1.125,0.125,76,1,1.0,8,0.5,0.5,0.1999999999999999,0.5,2.0434994439710863e-05,0.0625,6000,2,
005,l2sp,startaphonecall,all,120,28,92,8,1.125,0.125,76,1,1.0,10,0.625,0.375,0.0909090909090909,0.365079365079365,0.0020455524791032,0.05,6000,2,
005,l2sp,startaphonecall,all,120,28,92,8,1.125,0.125,76,1,1.0,12,0.75,0.25,0.0,0.2,0.0005613538669422,0.0416666666666666,6000,3,
005,l2sp,startaphonecall,all,120,28,92,8,1.125,0.125,76,1,1.0,14,0.75,0.25,0.0,0.2,1.591629825270502e-06,0.0357142857142857,6000,3,
005,l2sp,startaphonecall,all,120,28,92,8,1.125,0.125,76,1,1.0,16,0.625,0.375,-0.25,0.2727272727272727,9.894050663206144e-07,0.03125,6000,4,
005,l2sp,startaphonecall,all,120,28,92,8,1.125,0.125,76,1,1.0,20,0.75,0.25,-0.263157894736842,0.2,0.004486805293709,0.025,6000,5,
005,l2sp,startaphonecall,all,120,28,92,8,1.125,0.125,76,1,1.0,25,0.875,0.125,0.3913043478260869,0.2222222222222222,0.0001650084886932,0.02,6000,6,
005,l2sp,startaphonecall,all,120,28,92,8,1.125,0.125,76,1,1.0,30,0.75,0.25,0.4666666666666667,0.3174603174603174,2.518661403883016e-06,0.0166666666666666,6000,7,
005,l2sp,startaphonecall,all,120,28,92,8,1.125,0.125,76,1,1.0,40,0.5,0.5,0.0,0.4666666666666667,0.00058311491739,0.0125,6000,10,
005,l2sp,startaphonecall,all,120,28,92,8,1.125,0.125,76,1,1.0,50,0.625,0.375,0.3333333333333333,0.2619047619047619,0.0016905021620914,0.01,6000,13,
005,l2sp,startaphonecall,all,120,28,92,8,1.125,0.125,76,1,1.0,60,0.625,0.375,-0.1111111111111111,0.365079365079365,1.4822187210938864e-07,0.0083333333333333,6000,13,
005,lookup,startaphonecall,all,120,28,92,8,1.125,0.125,-1,-1,,1,0.125,0.875,,,0.0,0.0,0,0,3.0
005,lookup,startaphonecall,all,120,28,92,8,1.125,0.125,-1,-1,,2,0.125,0.875,,,0.0,0.0,0,0,3.0
005,lookup,startaphonecall,all,120,28,92,8,1.125,0.125,-1,-1,,3,0.75,0.25,,,0.0,0.0,0,1,2.0
005,lookup,startaphonecall,all,120,28,92,8,1.125,0.125,-1,-1,,4,0.75,0.25,,,0.0,0.0,0,1,2.0
005,lookup,startaphonecall,all,120,28,92,8,1.125,0.125,-1,-1,,5,0.75,0.25,,,0.0,0.0,0,2,2.0
005,lookup,startaphonecall,all,120,28,92,8,1.125,0.125,-1,-1,,6,0.75,0.25,,,0.0,0.0,0,2,2.0
005,lookup,startaphonecall,all,120,28,92,8,1.125,0.125,-1,-1,,8,0.75,0.25,,,0.0,0.0,0,2,2.0
005,lookup,startaphonecall,all,120,28,92,8,1.125,0.125,-1,-1,,10,0.75,0.25,,,0.0,0.0,0,2,2.0
005,lookup,startaphonecall,all,120,28,92,8,1.125,0.125,-1,-1,,12,0.75,0.25,,,0.0,0.0,0,3,2.0
005,lookup,startaphonecall,all,120,28,92,8,1.125,0.125,-1,-1,,14,0.75,0.25,,,0.0,0.0,0,3,2.0
005,lookup,startaphonecall,all,120,28,92,8,1.125,0.125,-1,-1,,16,0.75,0.25,,,0.0,0.0,0,4,2.0
005,lookup,startaphonecall,all,120,28,92,8,1.125,0.125,-1,-1,,20,0.75,0.25,,,0.0,0.0,0,5,2.0
005,lookup,startaphonecall,all,120,28,92,8,1.125,0.125,-1,-1,,25,0.75,0.25,,,0.0,0.0,0,6,2.0
005,lookup,startaphonecall,all,120,28,92,8,1.125,0.125,-1,-1,,30,0.75,0.25,,,0.0,0.0,0,7,2.0
005,lookup,startaphonecall,all,120,28,92,8,1.125,0.125,-1,-1,,40,0.75,0.25,,,0.0,0.0,0,10,2.0
005,lookup,startaphonecall,all,120,28,92,8,1.125,0.125,-1,-1,,50,0.75,0.25,,,0.0,0.0,0,13,2.0
005,lookup,startaphonecall,all,120,28,92,8,1.125,0.125,-1,-1,,60,0.75,0.25,,,0.0,0.0,0,13,2.0
006,anil,startaphonecall,all,116,22,71,7,0.5714285714285714,0.5714285714285714,76,1,1.0,0,0.5714285714285714,0.5714285714285714,0.0,0.2424242424242424,0.0,0.0,0,0,
006,anil,startaphonecall,all,116,22,71,7,0.5714285714285714,0.5714285714285714,76,1,1.0,1,0.4285714285714285,0.5714285714285714,0.0,0.3636363636363636,0.0001321021409239,0.5,6000,0,
006,anil,startaphonecall,all,116,22,71,7,0.5714285714285714,0.5714285714285714,76,1,1.0,2,0.1428571428571428,0.8571428571428571,0.0,0.4615384615384615,0.0071907858364284,0.25,6000,0,
006,anil,startaphonecall,all,116,22,71,7,0.5714285714285714,0.5714285714285714,76,1,1.0,3,0.0,1.0,1.0,1.0,4.920527135254815e-05,0.1666666666666666,6000,1,
006,anil,startaphonecall,all,116,22,71,7,0.5714285714285714,0.5714285714285714,76,1,1.0,4,0.2857142857142857,0.7142857142857143,0.0,0.4166666666666667,0.0007098385249264,0.125,6000,1,
006,anil,startaphonecall,all,116,22,71,7,0.5714285714285714,0.5714285714285714,76,1,1.0,5,0.2857142857142857,0.7142857142857143,0.0,0.4166666666666667,0.000881707703229,0.1,6000,1,
006,anil,startaphonecall,all,116,22,71,7,0.5714285714285714,0.5714285714285714,76,1,1.0,6,0.0,1.0,1.0,1.0,0.0036959655117243,0.0833333333333333,6000,1,
006,anil,startaphonecall,all,116,22,71,7,0.5714285714285714,0.5714285714285714,76,1,1.0,8,0.4285714285714285,0.7142857142857143,0.0,0.2777777777777778,0.0009408493642695,0.0625,6000,1,
006,anil,startaphonecall,all,116,22,71,7,0.5714285714285714,0.5714285714285714,76,1,1.0,10,1.1428571428571428,0.0,0.0,0.0,1.7962425999940024e-06,0.05,6000,2,
006,anil,startaphonecall,all,116,22,71,7,0.5714285714285714,0.5714285714285714,76,1,1.0,12,0.8571428571428571,0.1428571428571428,0.0,0.0833333333333333,1.066768220425729e-07,0.0416666666666666,6000,2,
006,anil,startaphonecall,all,116,22,71,7,0.5714285714285714,0.5714285714285714,76,1,1.0,14,0.8571428571428571,0.1428571428571428,0.0,0.0833333333333333,1.3606404536403718e-07,0.0357142857142857,6000,2,
006,anil,startaphonecall,all,116,22,71,7,0.5714285714285714,0.5714285714285714,76,1,1.0,16,0.8571428571428571,0.1428571428571428,0.0,0.0833333333333333,2.232960696346709e-07,0.03125,6000,3,
006,anil,startaphonecall,all,116,22,71,7,0.5714285714285714,0.5714285714285714,76,1,1.0,20,0.8571428571428571,0.1428571428571428,0.0,0.0833333333333333,1.382136247229937e-06,0.025,6000,4,
006,anil,startaphonecall,all,116,22,71,7,0.5714285714285714,0.5714285714285714,76,1,1.0,25,1.1428571428571428,0.0,0.0,0.0,2.992436520798947e-07,0.02,6000,4,
006,anil,startaphonecall,all,116,22,71,7,0.5714285714285714,0.5714285714285714,76,1,1.0,30,0.4285714285714285,0.7142857142857143,0.0,0.2777777777777778,1.2525165402621496e-06,0.0166666666666666,6000,7,
006,anil,startaphonecall,all,116,22,71,7,0.5714285714285714,0.5714285714285714,76,1,1.0,40,0.4285714285714285,0.7142857142857143,0.0,0.2777777777777778,1.8995118807652037e-05,0.0125,6000,11,
006,anil,startaphonecall,all,116,22,71,7,0.5714285714285714,0.5714285714285714,76,1,1.0,50,0.5714285714285714,0.7142857142857143,0.0,0.4166666666666667,0.0014024516567587,0.01,6000,12,
006,anil,startaphonecall,all,116,22,71,7,0.5714285714285714,0.5714285714285714,76,1,1.0,60,0.1428571428571428,0.8571428571428571,0.0,0.4615384615384615,0.0004126948770135,0.0083333333333333,6000,14,
006,l2sp,startaphonecall,all,116,22,71,7,0.7142857142857143,0.4285714285714285,76,1,1.0,0,0.7142857142857143,0.4285714285714285,0.0,0.1999999999999999,0.0,0.0,0,0,
006,l2sp,startaphonecall,all,116,22,71,7,0.7142857142857143,0.4285714285714285,76,1,1.0,1,1.1428571428571428,0.1428571428571428,0.0,0.0833333333333333,2.3812650397303518e-05,0.5,6000,0,
006,l2sp,startaphonecall,all,116,22,71,7,0.7142857142857143,0.4285714285714285,76,1,1.0,2,0.4285714285714285,0.7142857142857143,0.0,0.2777777777777778,0.0007752469391562,0.25,6000,0,
006,l2sp,startaphonecall,all,116,22,71,7,0.7142857142857143,0.4285714285714285,76,1,1.0,3,0.4285714285714285,0.7142857142857143,0.0,0.2777777777777778,0.0002240335015812,0.1666666666666666,6000,1,
006,l2sp,startaphonecall,all,116,22,71,7,0.7142857142857143,0.4285714285714285,76,1,1.0,4,0.4285714285714285,0.7142857142857143,0.0,0.2777777777777778,1.285689722863026e-05,0.125,6000,1,
006,l2sp,startaphonecall,all,116,22,71,7,0.7142857142857143,0.4285714285714285,76,1,1.0,5,0.5714285714285714,0.7142857142857143,0.0,0.4166666666666667,0.032835267484188,0.1,6000,1,
006,l2sp,startaphonecall,all,116,22,71,7,0.7142857142857143,0.4285714285714285,76,1,1.0,6,0.5714285714285714,0.7142857142857143,0.0,0.4166666666666667,0.0002119286800734,0.0833333333333333,6000,1,
006,l2sp,startaphonecall,all,116,22,71,7,0.7142857142857143,0.4285714285714285,76,1,1.0,8,0.4285714285714285,0.7142857142857143,0.0,0.2777777777777778,3.660315542219905e-06,0.0625,6000,1,
006,l2sp,startaphonecall,all,116,22,71,7,0.7142857142857143,0.4285714285714285,76,1,1.0,10,0.5714285714285714,0.5714285714285714,0.0,0.2424242424242424,0.0002566022449173,0.05,6000,2,
006,l2sp,startaphonecall,all,116,22,71,7,0.7142857142857143,0.4285714285714285,76,1,1.0,12,0.7142857142857143,0.4285714285714285,0.0,0.15,0.0002028151502599,0.0416666666666666,6000,2,
006,l2sp,startaphonecall,all,116,22,71,7,0.7142857142857143,0.4285714285714285,76,1,1.0,14,0.4285714285714285,0.7142857142857143,0.0,0.2777777777777778,6.4067253333632834e-06,0.0357142857142857,6000,2,
006,l2sp,startaphonecall,all,116,22,71,7,0.7142857142857143,0.4285714285714285,76,1,1.0,16,0.7142857142857143,0.4285714285714285,0.0,0.1999999999999999,2.0725664739984492e-07,0.03125,6000,3,
006,l2sp,startaphonecall,all,116,22,71,7,0.7142857142857143,0.4285714285714285,76,1,1.0,20,0.8571428571428571,0.2857142857142857,0.0,0.1481481481481481,0.0001619282847968,0.025,6000,4,
006,l2sp,startaphonecall,all,116,22,71,7,0.7142857142857143,0.4285714285714285,76,1,1.0,25,1.1428571428571428,0.1428571428571428,0.0,0.0833333333333333,1.524179680245652e-07,0.02,6000,4,
006,l2sp,startaphonecall,all,116,22,71,7,0.7142857142857143,0.4285714285714285,76,1,1.0,30,0.5714285714285714,0.7142857142857143,0.0,0.4166666666666667,0.0036979008000344,0.0166666666666666,6000,7,
006,l2sp,startaphonecall,all,116,22,71,7,0.7142857142857143,0.4285714285714285,76,1,1.0,40,0.5714285714285714,0.7142857142857143,0.0,0.4166666666666667,9.169292025035249e-05,0.0125,6000,11,
006,l2sp,startaphonecall,all,116,22,71,7,0.7142857142857143,0.4285714285714285,76,1,1.0,50,0.5714285714285714,0.7142857142857143,0.0,0.4166666666666667,0.0053197368979454,0.01,6000,12,
006,l2sp,startaphonecall,all,116,22,71,7,0.7142857142857143,0.4285714285714285,76,1,1.0,60,0.0,1.0,1.0,1.0,4.258794797351584e-05,0.0083333333333333,6000,14,
006,lookup,startaphonecall,all,116,22,71,7,0.7142857142857143,0.4285714285714285,-1,-1,,1,2.0,0.0,,,0.0,0.0,0,0,0.0
006,lookup,startaphonecall,all,116,22,71,7,0.7142857142857143,0.4285714285714285,-1,-1,,2,2.0,0.0,,,0.0,0.0,0,0,0.0
006,lookup,startaphonecall,all,116,22,71,7,0.7142857142857143,0.4285714285714285,-1,-1,,3,1.0,0.0,,,0.0,0.0,0,1,3.0
006,lookup,startaphonecall,all,116,22,71,7,0.7142857142857143,0.4285714285714285,-1,-1,,4,1.0,0.0,,,0.0,0.0,0,1,3.0
006,lookup,startaphonecall,all,116,22,71,7,0.7142857142857143,0.4285714285714285,-1,-1,,5,1.0,0.0,,,0.0,0.0,0,1,3.0
006,lookup,startaphonecall,all,116,22,71,7,0.7142857142857143,0.4285714285714285,-1,-1,,6,1.0,0.0,,,0.0,0.0,0,1,3.0
006,lookup,startaphonecall,all,116,22,71,7,0.7142857142857143,0.4285714285714285,-1,-1,,8,1.0,0.0,,,0.0,0.0,0,1,3.0
006,lookup,startaphonecall,all,116,22,71,7,0.7142857142857143,0.4285714285714285,-1,-1,,10,1.0,0.0,,,0.0,0.0,0,2,3.0
006,lookup,startaphonecall,all,116,22,71,7,0.7142857142857143,0.4285714285714285,-1,-1,,12,1.0,0.0,,,0.0,0.0,0,2,3.0
006,lookup,startaphonecall,all,116,22,71,7,0.7142857142857143,0.4285714285714285,-1,-1,,14,1.0,0.0,,,0.0,0.0,0,2,3.0
006,lookup,startaphonecall,all,116,22,71,7,0.7142857142857143,0.4285714285714285,-1,-1,,16,1.0,0.0,,,0.0,0.0,0,3,3.0
006,lookup,startaphonecall,all,116,22,71,7,0.7142857142857143,0.4285714285714285,-1,-1,,20,1.0,0.0,,,0.0,0.0,0,4,3.0
006,lookup,startaphonecall,all,116,22,71,7,0.7142857142857143,0.4285714285714285,-1,-1,,25,1.0,0.0,,,0.0,0.0,0,4,3.0
006,lookup,startaphonecall,all,116,22,71,7,0.7142857142857143,0.4285714285714285,-1,-1,,30,1.0,0.0,,,0.0,0.0,0,7,3.0
006,lookup,startaphonecall,all,116,22,71,7,0.7142857142857143,0.4285714285714285,-1,-1,,40,0.0,1.0,,,0.0,0.0,0,11,2.0
006,lookup,startaphonecall,all,116,22,71,7,0.7142857142857143,0.4285714285714285,-1,-1,,50,0.0,1.0,,,0.0,0.0,0,12,2.0
006,lookup,startaphonecall,all,116,22,71,7,0.7142857142857143,0.4285714285714285,-1,-1,,60,0.0,1.0,,,0.0,0.0,0,14,2.0
007,anil,startaphonecall,all,136,28,89,8,0.5,0.5,76,1,1.0,0,0.5,0.5,0.1578947368421053,0.2222222222222222,0.0,0.0,0,0,
007,anil,startaphonecall,all,136,28,89,8,0.5,0.5,76,1,1.0,1,1.25,0.0,0.081967213114754,0.0,0.000248950527748,0.5,6000,0,
007,anil,startaphonecall,all,136,28,89,8,0.5,0.5,76,1,1.0,2,0.625,0.625,-0.3846153846153846,0.303030303030303,8.183508907677606e-05,0.25,6000,1,
007,anil,startaphonecall,all,136,28,89,8,0.5,0.5,76,1,1.0,3,0.375,0.625,0.0,0.3846153846153846,0.0001288331695832,0.1666666666666666,6000,1,
007,anil,startaphonecall,all,136,28,89,8,0.5,0.5,76,1,1.0,4,0.375,0.625,0.0,0.3846153846153846,0.0002286024682689,0.125,6000,1,
007,anil,startaphonecall,all,136,28,89,8,0.5,0.5,76,1,1.0,5,0.375,0.625,0.0,0.3846153846153846,0.0001011372878565,0.1,6000,2,
007,anil,startaphonecall,all,136,28,89,8,0.5,0.5,76,1,1.0,6,0.375,0.625,0.0,0.3846153846153846,0.0003737818042282,0.0833333333333333,6000,2,
007,anil,startaphonecall,all,136,28,89,8,0.5,0.5,76,1,1.0,8,0.375,0.625,0.0,0.3846153846153846,4.020307460450567e-05,0.0625,6000,2,
007,anil,startaphonecall,all,136,28,89,8,0.5,0.5,76,1,1.0,10,0.375,0.625,0.0,0.3846153846153846,1.1841799278045071e-05,0.05,6000,3,
007,anil,startaphonecall,all,136,28,89,8,0.5,0.5,76,1,1.0,12,0.375,0.625,0.0,0.3846153846153846,0.000563942361623,0.0416666666666666,6000,4,
007,anil,startaphonecall,all,136,28,89,8,0.5,0.5,76,1,1.0,14,0.375,0.625,0.0,0.3846153846153846,8.401925697398838e-06,0.0357142857142857,6000,4,
007,anil,startaphonecall,all,136,28,89,8,0.5,0.5,76,1,1.0,16,0.25,0.75,0.3846153846153846,0.6666666666666667,8.030307441231345e-08,0.03125,6000,5,
007,anil,startaphonecall,all,136,28,89,8,0.5,0.5,76,1,1.0,20,0.375,0.625,0.0,0.3846153846153846,6.945586505935353e-07,0.025,6000,5,
007,anil,startaphonecall,all,136,28,89,8,0.5,0.5,76,1,1.0,25,0.375,0.625,0.0,0.3846153846153846,1.1899678753479749e-07,0.02,6000,8,
007,anil,startaphonecall,all,136,28,89,8,0.5,0.5,76,1,1.0,30,0.375,0.625,0.0,0.3846153846153846,5.044135491516499e-07,0.0166666666666666,6000,8,
007,anil,startaphonecall,all,136,28,89,8,0.5,0.5,76,1,1.0,40,0.375,0.625,0.0,0.3846153846153846,1.3266565019875998e-06,0.0125,6000,11,
007,anil,startaphonecall,all,136,28,89,8,0.5,0.5,76,1,1.0,50,0.375,0.625,0.0,0.3846153846153846,4.794637220584264e-08,0.01,6000,14,
007,anil,startaphonecall,all,136,28,89,8,0.5,0.5,76,1,1.0,60,0.375,0.625,0.0,0.3846153846153846,1.0342680667463357e-07,0.0083333333333333,6000,15,
007,l2sp,startaphonecall,all,136,28,89,8,1.125,0.125,76,1,1.0,0,1.125,0.125,0.1612903225806451,0.1666666666666666,0.0,0.0,0,0,
007,l2sp,startaphonecall,all,136,28,89,8,1.125,0.125,76,1,1.0,1,1.125,0.125,0.1612903225806451,0.1666666666666666,0.0008431575261056,0.5,6000,0,
007,l2sp,startaphonecall,all,136,28,89,8,1.125,0.125,76,1,1.0,2,0.375,0.625,0.4,0.4090909090909091,0.0003443984023761,0.25,6000,1,
007,l2sp,startaphonecall,all,136,28,89,8,1.125,0.125,76,1,1.0,3,0.375,0.625,0.0,0.3846153846153846,9.123856580117716e-05,0.1666666666666666,6000,1,
007,l2sp,startaphonecall,all,136,28,89,8,1.125,0.125,76,1,1.0,4,0.375,0.625,0.0,0.3846153846153846,4.067291956744157e-05,0.125,6000,1,
007,l2sp,startaphonecall,all,136,28,89,8,1.125,0.125,76,1,1.0,5,0.375,0.625,0.0,0.3846153846153846,0.0003452138917054,0.1,6000,2,
007,l2sp,startaphonecall,all,136,28,89,8,1.125,0.125,76,1,1.0,6,0.375,0.625,0.0,0.3846153846153846,9.187134128296748e-05,0.0833333333333333,6000,2,
007,l2sp,startaphonecall,all,136,28,89,8,1.125,0.125,76,1,1.0,8,0.375,0.625,0.0,0.3846153846153846,7.473082223441452e-05,0.0625,6000,2,
007,l2sp,startaphonecall,all,136,28,89,8,1.125,0.125,76,1,1.0,10,0.25,0.75,0.3846153846153846,0.6666666666666667,2.0958941604476425e-05,0.05,6000,3,
007,l2sp,startaphonecall,all,136,28,89,8,1.125,0.125,76,1,1.0,12,0.25,0.75,0.3846153846153846,0.6666666666666667,4.782052565133199e-05,0.0416666666666666,6000,4,
007,l2sp,startaphonecall,all,136,28,89,8,1.125,0.125,76,1,1.0,14,0.25,0.75,0.3846153846153846,0.6666666666666667,1.2514016816567164e-05,0.0357142857142857,6000,4,
007,l2sp,startaphonecall,all,136,28,89,8,1.125,0.125,76,1,1.0,16,0.25,0.75,0.3846153846153846,0.6666666666666667,5.64635411137715e-06,0.03125,6000,5,
007,l2sp,startaphonecall,all,136,28,89,8,1.125,0.125,76,1,1.0,20,0.25,0.75,0.3846153846153846,0.6666666666666667,5.680423782905564e-05,0.025,6000,5,
007,l2sp,startaphonecall,all,136,28,89,8,1.125,0.125,76,1,1.0,25,0.375,0.625,0.0,0.3846153846153846,0.0006293824408203,0.02,6000,8,
007,l2sp,startaphonecall,all,136,28,89,8,1.125,0.125,76,1,1.0,30,0.375,0.625,0.0,0.3846153846153846,6.261967655518674e-07,0.0166666666666666,6000,8,
007,l2sp,startaphonecall,all,136,28,89,8,1.125,0.125,76,1,1.0,40,0.375,0.625,0.0,0.3846153846153846,0.0004098410136066,0.0125,6000,11,
007,l2sp,startaphonecall,all,136,28,89,8,1.125,0.125,76,1,1.0,50,0.25,0.75,0.3846153846153846,0.6666666666666667,2.5207475573552074e-06,0.01,6000,14,
007,l2sp,startaphonecall,all,136,28,89,8,1.125,0.125,76,1,1.0,60,0.25,0.75,0.3846153846153846,0.6666666666666667,4.34050707553979e-06,0.0083333333333333,6000,15,
007,lookup,startaphonecall,all,136,28,89,8,1.125,0.125,-1,-1,,1,3.375,0.0,,,0.0,0.0,0,0,4.0
007,lookup,startaphonecall,all,136,28,89,8,1.125,0.125,-1,-1,,2,0.375,0.625,,,0.0,0.0,0,1,1.0
007,lookup,startaphonecall,all,136,28,89,8,1.125,0.125,-1,-1,,3,0.375,0.625,,,0.0,0.0,0,1,1.0
007,lookup,startaphonecall,all,136,28,89,8,1.125,0.125,-1,-1,,4,0.375,0.625,,,0.0,0.0,0,1,1.0
007,lookup,startaphonecall,all,136,28,89,8,1.125,0.125,-1,-1,,5,0.375,0.625,,,0.0,0.0,0,2,1.0
007,lookup,startaphonecall,all,136,28,89,8,1.125,0.125,-1,-1,,6,0.375,0.625,,,0.0,0.0,0,2,1.0
007,lookup,startaphonecall,all,136,28,89,8,1.125,0.125,-1,-1,,8,0.375,0.625,,,0.0,0.0,0,2,1.0
007,lookup,startaphonecall,all,136,28,89,8,1.125,0.125,-1,-1,,10,0.375,0.625,,,0.0,0.0,0,3,1.0
007,lookup,startaphonecall,all,136,28,89,8,1.125,0.125,-1,-1,,12,0.375,0.625,,,0.0,0.0,0,4,1.0
007,lookup,startaphonecall,all,136,28,89,8,1.125,0.125,-1,-1,,14,0.375,0.625,,,0.0,0.0,0,4,1.0
007,lookup,startaphonecall,all,136,28,89,8,1.125,0.125,-1,-1,,16,0.375,0.625,,,0.0,0.0,0,5,1.0
007,lookup,startaphonecall,all,136,28,89,8,1.125,0.125,-1,-1,,20,0.375,0.625,,,0.0,0.0,0,5,1.0
007,lookup,startaphonecall,all,136,28,89,8,1.125,0.125,-1,-1,,25,0.375,0.625,,,0.0,0.0,0,8,1.0
007,lookup,startaphonecall,all,136,28,89,8,1.125,0.125,-1,-1,,30,0.375,0.625,,,0.0,0.0,0,8,1.0
007,lookup,startaphonecall,all,136,28,89,8,1.125,0.125,-1,-1,,40,0.375,0.625,,,0.0,0.0,0,11,1.0
007,lookup,startaphonecall,all,136,28,89,8,1.125,0.125,-1,-1,,50,0.625,0.375,,,0.0,0.0,0,14,0.0
007,lookup,startaphonecall,all,136,28,89,8,1.125,0.125,-1,-1,,60,0.375,0.625,,,0.0,0.0,0,15,1.0
008,anil,startaphonecall,all,126,28,88,8,0.375,0.625,76,1,1.0,0,0.375,0.625,0.625,0.7142857142857143,0.0,0.0,0,0,
008,anil,startaphonecall,all,126,28,88,8,0.375,0.625,76,1,1.0,1,0.5,0.5,0.5,0.611111111111111,0.0005114351515658,0.5,6000,0,
008,anil,startaphonecall,all,126,28,88,8,0.375,0.625,76,1,1.0,2,1.25,0.125,0.1111111111111111,0.0952380952380952,0.000151621090481,0.25,6000,1,
008,anil,startaphonecall,all,126,28,88,8,0.375,0.625,76,1,1.0,3,1.0,0.25,0.25,0.2222222222222222,7.301932055270299e-05,0.1666666666666666,6000,1,
008,anil,startaphonecall,all,126,28,88,8,0.375,0.625,76,1,1.0,4,0.875,0.25,0.25,0.1904761904761904,3.6287190596340224e-05,0.125,6000,1,
008,anil,startaphonecall,all,126,28,88,8,0.375,0.625,76,1,1.0,5,0.625,0.375,0.375,0.2857142857142857,0.0031682928092777,0.1,6000,1,
008,anil,startaphonecall,all,126,28,88,8,0.375,0.625,76,1,1.0,6,0.625,0.375,0.375,0.2857142857142857,3.5644895888253814e-06,0.0833333333333333,6000,1,
008,anil,startaphonecall,all,126,28,88,8,0.375,0.625,76,1,1.0,8,0.875,0.125,0.3,0.1111111111111111,9.194910433052429e-08,0.0625,6000,1,
008,anil,startaphonecall,all,126,28,88,8,0.375,0.625,76,1,1.0,10,1.0,0.125,0.1666666666666666,0.1111111111111111,8.870847523212434e-08,0.05,6000,1,
008,anil,startaphonecall,all,126,28,88,8,0.375,0.625,76,1,1.0,12,1.0,0.125,0.1666666666666666,0.1111111111111111,7.37229157721231e-08,0.0416666666666666,6000,2,
008,anil,startaphonecall,all,126,28,88,8,0.375,0.625,76,1,1.0,14,1.125,0.125,0.0714285714285714,0.1111111111111111,2.497770310583292e-07,0.0357142857142857,6000,3,
008,anil,startaphonecall,all,126,28,88,8,0.375,0.625,76,1,1.0,16,1.25,0.25,0.0999999999999999,0.1944444444444444,3.08290145767387e-05,0.03125,6000,3,
008,anil,startaphonecall,all,126,28,88,8,0.375,0.625,76,1,1.0,20,1.125,0.25,0.1666666666666666,0.2063492063492063,1.5631536371074617e-05,0.025,6000,5,
008,anil,startaphonecall,all,126,28,88,8,0.375,0.625,76,1,1.0,25,1.125,0.25,0.1666666666666666,0.2063492063492063,9.582023267284969e-06,0.02,6000,6,
008,anil,startaphonecall,all,126,28,88,8,0.375,0.625,76,1,1.0,30,1.0,0.25,0.25,0.2222222222222222,1.1366008948243689e-05,0.0166666666666666,6000,9,
008,anil,startaphonecall,all,126,28,88,8,0.375,0.625,76,1,1.0,40,1.0,0.25,0.25,0.2222222222222222,8.257301487901714e-06,0.0125,6000,11,
008,anil,startaphonecall,all,126,28,88,8,0.375,0.625,76,1,1.0,50,0.875,0.375,0.2142857142857143,0.3777777777777777,1.404683416694752e-06,0.01,6000,13,
008,anil,startaphonecall,all,126,28,88,8,0.375,0.625,76,1,1.0,60,0.875,0.375,0.2142857142857143,0.3777777777777777,0.0009482881869189,0.0083333333333333,6000,15,
008,l2sp,startaphonecall,all,126,28,88,8,1.375,0.125,76,1,1.0,0,1.375,0.125,0.05,0.0833333333333333,0.0,0.0,0,0,
008,l2sp,startaphonecall,all,126,28,88,8,1.375,0.125,76,1,1.0,1,1.25,0.125,0.1111111111111111,0.0952380952380952,0.000136054266477,0.5,6000,0,
008,l2sp,startaphonecall,all,126,28,88,8,1.375,0.125,76,1,1.0,2,1.375,0.125,0.05,0.0833333333333333,0.0011901699472218,0.25,6000,1,
008,l2sp,startaphonecall,all,126,28,88,8,1.375,0.125,76,1,1.0,3,1.5,0.125,0.0,0.074074074074074,0.0001376324362354,0.1666666666666666,6000,1,
008,l2sp,startaphonecall,all,126,28,88,8,1.375,0.125,76,1,1.0,4,1.25,0.25,0.0999999999999999,0.1944444444444444,8.428798173554242e-05,0.125,6000,1,
008,l2sp,startaphonecall,all,126,28,88,8,1.375,0.125,76,1,1.0,5,0.875,0.25,0.0999999999999999,0.2063492063492063,0.0046755014918744,0.1,6000,1,
008,l2sp,startaphonecall,all,126,28,88,8,1.375,0.125,76,1,1.0,6,0.75,0.25,0.25,0.1944444444444444,0.001537438831292,0.0833333333333333,6000,1,
008,l2sp,startaphonecall,all,126,28,88,8,1.375,0.125,76,1,1.0,8,0.875,0.125,0.3,0.1111111111111111,5.775880254077492e-06,0.0625,6000,1,
008,l2sp,startaphonecall,all,126,28,88,8,1.375,0.125,76,1,1.0,10,1.0,0.125,0.1666666666666666,0.1111111111111111,4.133758557145484e-05,0.05,6000,1,
008,l2sp,startaphonecall,all,126,28,88,8,1.375,0.125,76,1,1.0,12,0.75,0.25,0.5,0.2777777777777777,4.493909273151076e-06,0.0416666666666666,6000,2,
008,l2sp,startaphonecall,all,126,28,88,8,1.375,0.125,76,1,1.0,14,1.125,0.25,0.1666666666666666,0.2063492063492063,3.403493246878497e-05,0.0357142857142857,6000,3,
008,l2sp,startaphonecall,all,126,28,88,8,1.375,0.125,76,1,1.0,16,1.125,0.25,0.1666666666666666,0.2063492063492063,0.0004566327261272,0.03125,6000,3,
008,l2sp,startaphonecall,all,126,28,88,8,1.375,0.125,76,1,1.0,20,1.125,0.25,0.1666666666666666,0.2063492063492063,2.814691697494709e-06,0.025,6000,5,
008,l2sp,startaphonecall,all,126,28,88,8,1.375,0.125,76,1,1.0,25,1.0,0.25,0.25,0.2222222222222222,1.8330864577364991e-06,0.02,6000,6,
008,l2sp,startaphonecall,all,126,28,88,8,1.375,0.125,76,1,1.0,30,1.0,0.25,0.25,0.2222222222222222,0.0015013853553682,0.0166666666666666,6000,9,
008,l2sp,startaphonecall,all,126,28,88,8,1.375,0.125,76,1,1.0,40,1.0,0.25,0.25,0.2222222222222222,1.126776169257937e-06,0.0125,6000,11,
008,l2sp,startaphonecall,all,126,28,88,8,1.375,0.125,76,1,1.0,50,1.0,0.25,0.25,0.2222222222222222,5.817683268105611e-05,0.01,6000,13,
008,l2sp,startaphonecall,all,126,28,88,8,1.375,0.125,76,1,1.0,60,0.875,0.25,0.3571428571428571,0.2444444444444444,4.38980023318436e-05,0.0083333333333333,6000,15,
008,lookup,startaphonecall,all,126,28,88,8,1.375,0.125,-1,-1,,1,0.75,0.25,,,0.0,0.0,0,0,1.0
008,lookup,startaphonecall,all,126,28,88,8,1.375,0.125,-1,-1,,2,1.5,0.125,,,0.0,0.0,0,1,2.0
008,lookup,startaphonecall,all,126,28,88,8,1.375,0.125,-1,-1,,3,1.5,0.125,,,0.0,0.0,0,1,2.0
008,lookup,startaphonecall,all,126,28,88,8,1.375,0.125,-1,-1,,4,1.5,0.125,,,0.0,0.0,0,1,2.0
008,lookup,startaphonecall,all,126,28,88,8,1.375,0.125,-1,-1,,5,1.5,0.125,,,0.0,0.0,0,1,2.0
008,lookup,startaphonecall,all,126,28,88,8,1.375,0.125,-1,-1,,6,1.5,0.125,,,0.0,0.0,0,1,2.0
008,lookup,startaphonecall,all,126,28,88,8,1.375,0.125,-1,-1,,8,1.5,0.125,,,0.0,0.0,0,1,2.0
008,lookup,startaphonecall,all,126,28,88,8,1.375,0.125,-1,-1,,10,1.5,0.125,,,0.0,0.0,0,1,2.0
008,lookup,startaphonecall,all,126,28,88,8,1.375,0.125,-1,-1,,12,1.5,0.125,,,0.0,0.0,0,2,2.0
008,lookup,startaphonecall,all,126,28,88,8,1.375,0.125,-1,-1,,14,1.5,0.125,,,0.0,0.0,0,3,2.0
008,lookup,startaphonecall,all,126,28,88,8,1.375,0.125,-1,-1,,16,1.5,0.125,,,0.0,0.0,0,3,2.0
008,lookup,startaphonecall,all,126,28,88,8,1.375,0.125,-1,-1,,20,1.5,0.125,,,0.0,0.0,0,5,2.0
008,lookup,startaphonecall,all,126,28,88,8,1.375,0.125,-1,-1,,25,1.5,0.125,,,0.0,0.0,0,6,2.0
008,lookup,startaphonecall,all,126,28,88,8,1.375,0.125,-1,-1,,30,1.5,0.125,,,0.0,0.0,0,9,2.0
008,lookup,startaphonecall,all,126,28,88,8,1.375,0.125,-1,-1,,40,1.5,0.125,,,0.0,0.0,0,11,2.0
008,lookup,startaphonecall,all,126,28,88,8,1.375,0.125,-1,-1,,50,1.5,0.125,,,0.0,0.0,0,13,2.0
008,lookup,startaphonecall,all,126,28,88,8,1.375,0.125,-1,-1,,60,1.5,0.125,,,0.0,0.0,0,15,2.0
009,anil,startaphonecall,all,134,25,101,8,1.0,0.25,76,1,1.0,0,1.0,0.25,-0.1999999999999999,0.1666666666666666,0.0,0.0,0,0,
009,anil,startaphonecall,all,134,25,101,8,1.0,0.25,76,1,1.0,1,0.75,0.5,-0.25,0.2666666666666666,0.0001044481468852,0.5,6000,1,
009,anil,startaphonecall,all,134,25,101,8,1.0,0.25,76,1,1.0,2,0.875,0.375,-0.1578947368421053,0.2222222222222222,0.0003089559904765,0.25,6000,1,
009,anil,startaphonecall,all,134,25,101,8,1.0,0.25,76,1,1.0,3,1.0,0.25,-0.0909090909090908,0.1666666666666666,3.378304245416075e-05,0.1666666666666666,6000,1,
009,anil,startaphonecall,all,134,25,101,8,1.0,0.25,76,1,1.0,4,1.0,0.25,-0.0909090909090908,0.1666666666666666,0.0011775307357311,0.125,6000,1,
009,anil,startaphonecall,all,134,25,101,8,1.0,0.25,76,1,1.0,5,1.0,0.25,-0.0909090909090908,0.1666666666666666,3.45433181792032e-05,0.1,6000,1,
009,anil,startaphonecall,all,134,25,101,8,1.0,0.25,76,1,1.0,6,1.0,0.25,-0.0909090909090908,0.1666666666666666,0.0002180695009883,0.0833333333333333,6000,1,
009,anil,startaphonecall,all,134,25,101,8,1.0,0.25,76,1,1.0,8,1.0,0.25,-0.0909090909090908,0.1666666666666666,4.878247273154557e-05,0.0625,6000,1,
009,anil,startaphonecall,all,134,25,101,8,1.0,0.25,76,1,1.0,10,1.0,0.25,-0.0909090909090908,0.1666666666666666,0.0003382674476597,0.05,6000,1,
009,anil,startaphonecall,all,134,25,101,8,1.0,0.25,76,1,1.0,12,1.0,0.25,-0.0909090909090908,0.1666666666666666,0.0010847689118236,0.0416666666666666,6000,1,
009,anil,startaphonecall,all,134,25,101,8,1.0,0.25,76,1,1.0,14,1.0,0.25,-0.0909090909090908,0.1666666666666666,2.0461359326873207e-06,0.0357142857142857,6000,1,
009,anil,startaphonecall,all,134,25,101,8,1.0,0.25,76,1,1.0,16,0.75,0.5,-0.4285714285714286,0.2666666666666666,0.0001011539570754,0.03125,6000,1,
009,anil,startaphonecall,all,134,25,101,8,1.0,0.25,76,1,1.0,20,0.75,0.5,-0.4285714285714286,0.2666666666666666,0.0004262172733433,0.025,6000,1,
009,anil,startaphonecall,all,134,25,101,8,1.0,0.25,76,1,1.0,25,0.5,0.625,-0.1999999999999999,0.2564102564102564,6.191984539327677e-06,0.02,6000,1,
009,anil,startaphonecall,all,134,25,101,8,1.0,0.25,76,1,1.0,30,0.375,0.625,-0.1999999999999999,0.3846153846153846,1.0097047606905107e-06,0.0166666666666666,6000,2,
009,anil,startaphonecall,all,134,25,101,8,1.0,0.25,76,1,1.0,40,0.375,0.625,-0.1999999999999999,0.3846153846153846,5.983783069041237e-08,0.0125,6000,4,
009,anil,startaphonecall,all,134,25,101,8,1.0,0.25,76,1,1.0,50,0.375,0.625,-0.1999999999999999,0.3846153846153846,9.658067574491724e-05,0.01,6000,7,
009,anil,startaphonecall,all,134,25,101,8,1.0,0.25,76,1,1.0,60,0.375,0.625,-0.1999999999999999,0.3846153846153846,5.115080625728297e-07,0.0083333333333333,6000,9,
009,l2sp,startaphonecall,all,134,25,101,8,0.625,0.625,76,1,1.0,0,0.625,0.625,-0.4666666666666665,0.2777777777777778,0.0,0.0,0,0,
009,l2sp,startaphonecall,all,134,25,101,8,0.625,0.625,76,1,1.0,1,0.25,0.75,0.0,0.4285714285714285,0.00531019968912,0.5,6000,1,
009,l2sp,startaphonecall,all,134,25,101,8,0.625,0.625,76,1,1.0,2,0.25,0.75,0.0,0.4285714285714285,2.7295473046251573e-05,0.25,6000,1,
009,l2sp,startaphonecall,all,134,25,101,8,0.625,0.625,76,1,1.0,3,0.25,0.75,0.0,0.4285714285714285,7.625360012752935e-05,0.1666666666666666,6000,1,
009,l2sp,startaphonecall,all,134,25,101,8,0.625,0.625,76,1,1.0,4,0.5,0.625,-0.1999999999999999,0.2777777777777778,0.0003385329328011,0.125,6000,1,
009,l2sp,startaphonecall,all,134,25,101,8,0.625,0.625,76,1,1.0,5,0.375,0.625,-0.1999999999999999,0.3846153846153846,0.0027808668091893,0.1,6000,1,
009,l2sp,startaphonecall,all,134,25,101,8,0.625,0.625,76,1,1.0,6,0.5,0.5,0.0,0.2222222222222222,0.0004629932518582,0.0833333333333333,6000,1,
009,l2sp,startaphonecall,all,134,25,101,8,0.625,0.625,76,1,1.0,8,0.625,0.5,-0.2727272727272727,0.2424242424242424,0.0001658972323639,0.0625,6000,1,
009,l2sp,startaphonecall,all,134,25,101,8,0.625,0.625,76,1,1.0,10,0.375,0.625,-0.1999999999999999,0.3846153846153846,1.50004470924614e-05,0.05,6000,1,
009,l2sp,startaphonecall,all,134,25,101,8,0.625,0.625,76,1,1.0,12,0.375,0.625,-0.1999999999999999,0.3846153846153846,9.652665175963192e-05,0.0416666666666666,6000,1,
009,l2sp,startaphonecall,all,134,25,101,8,0.625,0.625,76,1,1.0,14,0.375,0.625,0.1428571428571429,0.5636363636363637,4.1494400647934526e-05,0.0357142857142857,6000,1,
009,l2sp,startaphonecall,all,134,25,101,8,0.625,0.625,76,1,1.0,16,0.375,0.625,-0.1999999999999999,0.3846153846153846,9.74625345406821e-06,0.03125,6000,1,
009,l2sp,startaphonecall,all,134,25,101,8,0.625,0.625,76,1,1.0,20,1.125,0.0,0.0434782608695651,0.0,0.002828401280567,0.025,6000,1,
009,l2sp,startaphonecall,all,134,25,101,8,0.625,0.625,76,1,1.0,25,0.375,0.625,-0.1999999999999999,0.3846153846153846,0.0002390449080849,0.02,6000,1,
009,l2sp,startaphonecall,all,134,25,101,8,0.625,0.625,76,1,1.0,30,0.25,0.75,0.5,0.75,0.0032886597327888,0.0166666666666666,6000,2,
009,l2sp,startaphonecall,all,134,25,101,8,0.625,0.625,76,1,1.0,40,0.375,0.625,0.25,0.6190476190476191,0.0008077550446614,0.0125,6000,4,
009,l2sp,startaphonecall,all,134,25,101,8,0.625,0.625,76,1,1.0,50,0.25,0.75,0.0,0.4285714285714285,0.0011307947570458,0.01,6000,7,
009,l2sp,startaphonecall,all,134,25,101,8,0.625,0.625,76,1,1.0,60,0.25,0.75,0.0,0.4285714285714285,0.0003210759896319,0.0083333333333333,6000,9,
009,lookup,startaphonecall,all,134,25,101,8,0.625,0.625,-1,-1,,1,0.25,0.75,,,0.0,0.0,0,1,1.0
009,lookup,startaphonecall,all,134,25,101,8,0.625,0.625,-1,-1,,2,0.25,0.75,,,0.0,0.0,0,1,1.0
009,lookup,startaphonecall,all,134,25,101,8,0.625,0.625,-1,-1,,3,0.25,0.75,,,0.0,0.0,0,1,1.0
009,lookup,startaphonecall,all,134,25,101,8,0.625,0.625,-1,-1,,4,0.25,0.75,,,0.0,0.0,0,1,1.0
009,lookup,startaphonecall,all,134,25,101,8,0.625,0.625,-1,-1,,5,0.25,0.75,,,0.0,0.0,0,1,1.0
009,lookup,startaphonecall,all,134,25,101,8,0.625,0.625,-1,-1,,6,0.25,0.75,,,0.0,0.0,0,1,1.0
009,lookup,startaphonecall,all,134,25,101,8,0.625,0.625,-1,-1,,8,0.25,0.75,,,0.0,0.0,0,1,1.0
009,lookup,startaphonecall,all,134,25,101,8,0.625,0.625,-1,-1,,10,0.25,0.75,,,0.0,0.0,0,1,1.0
009,lookup,startaphonecall,all,134,25,101,8,0.625,0.625,-1,-1,,12,0.25,0.75,,,0.0,0.0,0,1,1.0
009,lookup,startaphonecall,all,134,25,101,8,0.625,0.625,-1,-1,,14,0.25,0.75,,,0.0,0.0,0,1,1.0
009,lookup,startaphonecall,all,134,25,101,8,0.625,0.625,-1,-1,,16,0.25,0.75,,,0.0,0.0,0,1,1.0
009,lookup,startaphonecall,all,134,25,101,8,0.625,0.625,-1,-1,,20,0.25,0.75,,,0.0,0.0,0,1,1.0
009,lookup,startaphonecall,all,134,25,101,8,0.625,0.625,-1,-1,,25,0.25,0.75,,,0.0,0.0,0,1,1.0
009,lookup,startaphonecall,all,134,25,101,8,0.625,0.625,-1,-1,,30,0.25,0.75,,,0.0,0.0,0,2,1.0
009,lookup,startaphonecall,all,134,25,101,8,0.625,0.625,-1,-1,,40,0.25,0.75,,,0.0,0.0,0,4,1.0
009,lookup,startaphonecall,all,134,25,101,8,0.625,0.625,-1,-1,,50,0.25,0.75,,,0.0,0.0,0,7,1.0
009,lookup,startaphonecall,all,134,25,101,8,0.625,0.625,-1,-1,,60,0.25,0.75,,,0.0,0.0,0,9,1.0
010,anil,startaphonecall,all,128,24,90,7,0.5714285714285714,0.4285714285714285,76,1,1.0,0,0.5714285714285714,0.4285714285714285,0.0,0.3,0.0,0.0,0,0,
010,anil,startaphonecall,all,128,24,90,7,0.5714285714285714,0.4285714285714285,76,1,1.0,1,1.0,0.0,0.0,0.0,0.0004608215240295,0.5,6000,0,
010,anil,startaphonecall,all,128,24,90,7,0.5714285714285714,0.4285714285714285,76,1,1.0,2,1.1428571428571428,0.0,0.0,0.0,0.0001372455153614,0.25,6000,0,
010,anil,startaphonecall,all,128,24,90,7,0.5714285714285714,0.4285714285714285,76,1,1.0,3,2.0,0.0,0.0,0.0,0.0001453020377084,0.1666666666666666,6000,0,
010,anil,startaphonecall,all,128,24,90,7,0.5714285714285714,0.4285714285714285,76,1,1.0,4,1.4285714285714286,0.2857142857142857,0.0,0.2222222222222222,4.1693194361869246e-05,0.125,6000,1,
010,anil,startaphonecall,all,128,24,90,7,0.5714285714285714,0.4285714285714285,76,1,1.0,5,1.2857142857142858,0.2857142857142857,0.0,0.1481481481481481,0.0017446961719542,0.1,6000,1,
010,anil,startaphonecall,all,128,24,90,7,0.5714285714285714,0.4285714285714285,76,1,1.0,6,1.5714285714285714,0.1428571428571428,0.0,0.0833333333333333,1.8328903024666943e-05,0.0833333333333333,6000,1,
010,anil,startaphonecall,all,128,24,90,7,0.5714285714285714,0.4285714285714285,76,1,1.0,8,1.4285714285714286,0.2857142857142857,0.0,0.2222222222222222,6.2250837800093e-05,0.0625,6000,1,
010,anil,startaphonecall,all,128,24,90,7,0.5714285714285714,0.4285714285714285,76,1,1.0,10,1.5714285714285714,0.1428571428571428,0.0,0.0833333333333333,7.90405465522781e-06,0.05,6000,1,
010,anil,startaphonecall,all,128,24,90,7,0.5714285714285714,0.4285714285714285,76,1,1.0,12,1.5714285714285714,0.1428571428571428,0.0,0.0833333333333333,1.058291445588111e-06,0.0416666666666666,6000,1,
010,anil,startaphonecall,all,128,24,90,7,0.5714285714285714,0.4285714285714285,76,1,1.0,14,1.7142857142857142,0.1428571428571428,0.0,0.125,8.071359758332619e-08,0.0357142857142857,6000,2,
010,anil,startaphonecall,all,128,24,90,7,0.5714285714285714,0.4285714285714285,76,1,1.0,16,1.7142857142857142,0.1428571428571428,0.0,0.125,5.634827004996623e-08,0.03125,6000,3,
010,anil,startaphonecall,all,128,24,90,7,0.5714285714285714,0.4285714285714285,76,1,1.0,20,1.7142857142857142,0.1428571428571428,0.0,0.125,4.0213137708633446e-08,0.025,6000,3,
010,anil,startaphonecall,all,128,24,90,7,0.5714285714285714,0.4285714285714285,76,1,1.0,25,1.1428571428571428,0.4285714285714285,0.0,0.3,6.162797944853082e-05,0.02,6000,4,
010,anil,startaphonecall,all,128,24,90,7,0.5714285714285714,0.4285714285714285,76,1,1.0,30,1.7142857142857142,0.1428571428571428,0.0,0.125,5.4698393370244964e-08,0.0166666666666666,6000,6,
010,anil,startaphonecall,all,128,24,90,7,0.5714285714285714,0.4285714285714285,76,1,1.0,40,1.4285714285714286,0.2857142857142857,0.0,0.2222222222222222,1.953356445483223e-07,0.0125,6000,8,
010,anil,startaphonecall,all,128,24,90,7,0.5714285714285714,0.4285714285714285,76,1,1.0,50,0.5714285714285714,0.7142857142857143,0.0,0.4166666666666667,2.7829187843053663e-08,0.01,6000,11,
010,anil,startaphonecall,all,128,24,90,7,0.5714285714285714,0.4285714285714285,76,1,1.0,60,0.2857142857142857,0.8571428571428571,0.0,0.4615384615384615,3.1017055590609743e-08,0.0083333333333333,6000,13,
010,l2sp,startaphonecall,all,128,24,90,7,0.2857142857142857,0.7142857142857143,76,1,1.0,0,0.2857142857142857,0.7142857142857143,0.0,0.4166666666666667,0.0,0.0,0,0,
010,l2sp,startaphonecall,all,128,24,90,7,0.2857142857142857,0.7142857142857143,76,1,1.0,1,0.8571428571428571,0.1428571428571428,0.0,0.125,0.0005394433392211,0.5,6000,0,
010,l2sp,startaphonecall,all,128,24,90,7,0.2857142857142857,0.7142857142857143,76,1,1.0,2,0.5714285714285714,0.4285714285714285,0.0,0.3,2.7373554985388185e-05,0.25,6000,0,
010,l2sp,startaphonecall,all,128,24,90,7,0.2857142857142857,0.7142857142857143,76,1,1.0,3,1.7142857142857142,0.0,0.0,0.0,0.0001691313082119,0.1666666666666666,6000,0,
010,l2sp,startaphonecall,all,128,24,90,7,0.2857142857142857,0.7142857142857143,76,1,1.0,4,0.4285714285714285,0.7142857142857143,0.0,0.2777777777777778,0.0001100509834941,0.125,6000,1,
010,l2sp,startaphonecall,all,128,24,90,7,0.2857142857142857,0.7142857142857143,76,1,1.0,5,0.4285714285714285,0.7142857142857143,0.0,0.2777777777777778,0.0001522116945125,0.1,6000,1,
010,l2sp,startaphonecall,all,128,24,90,7,0.2857142857142857,0.7142857142857143,76,1,1.0,6,1.4285714285714286,0.2857142857142857,0.0,0.2222222222222222,7.1670629040454514e-06,0.0833333333333333,6000,1,
010,l2sp,startaphonecall,all,128,24,90,7,0.2857142857142857,0.7142857142857143,76,1,1.0,8,1.7142857142857142,0.0,0.0,0.0,8.833691936160903e-06,0.0625,6000,1,
010,l2sp,startaphonecall,all,128,24,90,7,0.2857142857142857,0.7142857142857143,76,1,1.0,10,2.0,0.0,0.0,0.0,2.837435204128269e-06,0.05,6000,1,
010,l2sp,startaphonecall,all,128,24,90,7,0.2857142857142857,0.7142857142857143,76,1,1.0,12,2.0,0.0,0.0,0.0,9.32411876419792e-06,0.0416666666666666,6000,1,
010,l2sp,startaphonecall,all,128,24,90,7,0.2857142857142857,0.7142857142857143,76,1,1.0,14,1.8571428571428568,0.0,0.0,0.0,1.3673771945832414e-06,0.0357142857142857,6000,2,
010,l2sp,startaphonecall,all,128,24,90,7,0.2857142857142857,0.7142857142857143,76,1,1.0,16,1.5714285714285714,0.1428571428571428,0.0,0.0833333333333333,1.96373139260686e-06,0.03125,6000,3,
010,l2sp,startaphonecall,all,128,24,90,7,0.2857142857142857,0.7142857142857143,76,1,1.0,20,1.7142857142857142,0.1428571428571428,0.0,0.125,1.4868975995341316e-05,0.025,6000,3,
010,l2sp,startaphonecall,all,128,24,90,7,0.2857142857142857,0.7142857142857143,76,1,1.0,25,1.0,0.4285714285714285,0.0,0.1999999999999999,8.37389234220609e-06,0.02,6000,4,
010,l2sp,startaphonecall,all,128,24,90,7,0.2857142857142857,0.7142857142857143,76,1,1.0,30,1.1428571428571428,0.1428571428571428,0.0,0.0833333333333333,3.242957973270677e-06,0.0166666666666666,6000,6,
010,l2sp,startaphonecall,all,128,24,90,7,0.2857142857142857,0.7142857142857143,76,1,1.0,40,1.8571428571428568,0.0,0.0,0.0,8.58519251778489e-06,0.0125,6000,8,
010,l2sp,startaphonecall,all,128,24,90,7,0.2857142857142857,0.7142857142857143,76,1,1.0,50,0.5714285714285714,0.5714285714285714,0.0,0.2424242424242424,0.0009292033500969,0.01,6000,11,
010,l2sp,startaphonecall,all,128,24,90,7,0.2857142857142857,0.7142857142857143,76,1,1.0,60,0.4285714285714285,0.5714285714285714,0.0,0.3636363636363636,8.702129150606197e-08,0.0083333333333333,6000,13,
010,lookup,startaphonecall,all,128,24,90,7,0.2857142857142857,0.7142857142857143,-1,-1,,1,2.0,0.0,,,0.0,0.0,0,0,4.0
010,lookup,startaphonecall,all,128,24,90,7,0.2857142857142857,0.7142857142857143,-1,-1,,2,2.0,0.0,,,0.0,0.0,0,0,0.0
010,lookup,startaphonecall,all,128,24,90,7,0.2857142857142857,0.7142857142857143,-1,-1,,3,2.0,0.0,,,0.0,0.0,0,0,0.0
010,lookup,startaphonecall,all,128,24,90,7,0.2857142857142857,0.7142857142857143,-1,-1,,4,0.0,1.0,,,0.0,0.0,0,1,2.0
010,lookup,startaphonecall,all,128,24,90,7,0.2857142857142857,0.7142857142857143,-1,-1,,5,0.0,1.0,,,0.0,0.0,0,1,2.0
010,lookup,startaphonecall,all,128,24,90,7,0.2857142857142857,0.7142857142857143,-1,-1,,6,0.0,1.0,,,0.0,0.0,0,1,2.0
010,lookup,startaphonecall,all,128,24,90,7,0.2857142857142857,0.7142857142857143,-1,-1,,8,0.0,1.0,,,0.0,0.0,0,1,2.0
010,lookup,startaphonecall,all,128,24,90,7,0.2857142857142857,0.7142857142857143,-1,-1,,10,0.0,1.0,,,0.0,0.0,0,1,2.0
010,lookup,startaphonecall,all,128,24,90,7,0.2857142857142857,0.7142857142857143,-1,-1,,12,0.0,1.0,,,0.0,0.0,0,1,2.0
010,lookup,startaphonecall,all,128,24,90,7,0.2857142857142857,0.7142857142857143,-1,-1,,14,0.0,1.0,,,0.0,0.0,0,2,2.0
010,lookup,startaphonecall,all,128,24,90,7,0.2857142857142857,0.7142857142857143,-1,-1,,16,0.0,1.0,,,0.0,0.0,0,3,2.0
010,lookup,startaphonecall,all,128,24,90,7,0.2857142857142857,0.7142857142857143,-1,-1,,20,0.0,1.0,,,0.0,0.0,0,3,2.0
010,lookup,startaphonecall,all,128,24,90,7,0.2857142857142857,0.7142857142857143,-1,-1,,25,0.0,1.0,,,0.0,0.0,0,4,2.0
010,lookup,startaphonecall,all,128,24,90,7,0.2857142857142857,0.7142857142857143,-1,-1,,30,0.0,1.0,,,0.0,0.0,0,6,2.0
010,lookup,startaphonecall,all,128,24,90,7,0.2857142857142857,0.7142857142857143,-1,-1,,40,0.0,1.0,,,0.0,0.0,0,8,2.0
010,lookup,startaphonecall,all,128,24,90,7,0.2857142857142857,0.7142857142857143,-1,-1,,50,0.0,1.0,,,0.0,0.0,0,11,2.0
010,lookup,startaphonecall,all,128,24,90,7,0.2857142857142857,0.7142857142857143,-1,-1,,60,0.0,1.0,,,0.0,0.0,0,13,2.0
011,anil,startaphonecall,all,116,32,72,10,2.1,0.0,76,1,1.0,0,2.1,0.0,0.0684410646387831,0.0,0.0,0.0,0,0,
011,anil,startaphonecall,all,116,32,72,10,2.1,0.0,76,1,1.0,1,1.5,0.1,0.0251572327044024,0.05,0.0038023844826966,0.5,6000,0,
011,anil,startaphonecall,all,116,32,72,10,2.1,0.0,76,1,1.0,2,1.5,0.1,0.0880503144654086,0.05,0.0003140415647067,0.25,6000,0,
011,anil,startaphonecall,all,116,32,72,10,2.1,0.0,76,1,1.0,3,1.9,0.1,0.0408163265306122,0.0714285714285714,9.950206276698736e-07,0.1666666666666666,6000,0,
011,anil,startaphonecall,all,116,32,72,10,2.1,0.0,76,1,1.0,4,1.9,0.1,0.0408163265306122,0.0714285714285714,0.0001463775843149,0.125,6000,0,
011,anil,startaphonecall,all,116,32,72,10,2.1,0.0,76,1,1.0,5,2.1,0.1,-0.0073260073260075,0.08,3.786845127251581e-06,0.1,6000,0,
011,anil,startaphonecall,all,116,32,72,10,2.1,0.0,76,1,1.0,6,1.9,0.1,0.0408163265306122,0.0714285714285714,4.850179175264202e-05,0.0833333333333333,6000,0,
011,anil,startaphonecall,all,116,32,72,10,2.1,0.0,76,1,1.0,8,1.9,0.1,0.0408163265306122,0.0714285714285714,9.904280886985362e-06,0.0625,6000,0,
011,anil,startaphonecall,all,116,32,72,10,2.1,0.0,76,1,1.0,10,2.0,0.1,0.0347490347490347,0.0666666666666666,3.2517951353838725e-07,0.05,6000,0,
011,anil,startaphonecall,all,116,32,72,10,2.1,0.0,76,1,1.0,12,1.9,0.1,0.0408163265306122,0.0714285714285714,0.0010073324665427,0.0416666666666666,6000,0,
011,anil,startaphonecall,all,116,32,72,10,2.1,0.0,76,1,1.0,14,1.5,0.2,0.0782122905027932,0.1071428571428571,0.0002877436927519,0.0357142857142857,6000,0,
011,anil,startaphonecall,all,116,32,72,10,2.1,0.0,76,1,1.0,16,1.3,0.3,0.0993788819875777,0.1825396825396825,1.2110192074032966e-05,0.03125,6000,1,
011,anil,startaphonecall,all,116,32,72,10,2.1,0.0,76,1,1.0,20,1.3,0.3,0.0993788819875777,0.1825396825396825,6.812767878727755e-06,0.025,6000,2,
011,anil,startaphonecall,all,116,32,72,10,2.1,0.0,76,1,1.0,25,1.3,0.3,0.0993788819875777,0.1825396825396825,0.0006749490858055,0.02,6000,4,
011,anil,startaphonecall,all,116,32,72,10,2.1,0.0,76,1,1.0,30,1.3,0.3,0.0993788819875777,0.1825396825396825,0.0004515422915574,0.0166666666666666,6000,7,
011,anil,startaphonecall,all,116,32,72,10,2.1,0.0,76,1,1.0,40,0.8,0.4,0.2592592592592592,0.2125,0.0001143282788689,0.0125,6000,11,
011,anil,startaphonecall,all,116,32,72,10,2.1,0.0,76,1,1.0,50,0.9,0.4,0.2105263157894736,0.1771428571428571,2.164704483220703e-06,0.01,6000,13,
011,anil,startaphonecall,all,116,32,72,10,2.1,0.0,76,1,1.0,60,0.5,0.6,0.2857142857142856,0.2916666666666667,5.87561004294912e-08,0.0083333333333333,6000,18,
011,l2sp,startaphonecall,all,116,32,72,10,2.1,0.1,76,1,1.0,0,2.1,0.1,-0.0805860805860807,0.08,0.0,0.0,0,0,
011,l2sp,startaphonecall,all,116,32,72,10,2.1,0.1,76,1,1.0,1,1.5,0.2,-0.0377358490566037,0.1,0.0002801543741952,0.5,6000,0,
011,l2sp,startaphonecall,all,116,32,72,10,2.1,0.1,76,1,1.0,2,1.4,0.1,0.04,0.0714285714285714,0.0001173068740172,0.25,6000,0,
011,l2sp,startaphonecall,all,116,32,72,10,2.1,0.1,76,1,1.0,3,2.3,0.1,-0.043613707165109,0.1,2.252968988614157e-05,0.1666666666666666,6000,0,
011,l2sp,startaphonecall,all,116,32,72,10,2.1,0.1,76,1,1.0,4,2.2,0.1,-0.0437710437710436,0.08,0.0001073834864655,0.125,6000,0,
011,l2sp,startaphonecall,all,116,32,72,10,2.1,0.1,76,1,1.0,5,2.3,0.1,-0.043613707165109,0.1,1.2953491932421457e-06,0.1,6000,0,
011,l2sp,startaphonecall,all,116,32,72,10,2.1,0.1,76,1,1.0,6,2.1,0.1,-0.043956043956044,0.08,7.961454684846103e-05,0.0833333333333333,6000,0,
011,l2sp,startaphonecall,all,116,32,72,10,2.1,0.1,76,1,1.0,8,2.3,0.1,-0.045016077170418,0.1,2.4972284791147104e-06,0.0625,6000,0,
011,l2sp,startaphonecall,all,116,32,72,10,2.1,0.1,76,1,1.0,10,2.0,0.2,-0.0408921933085502,0.15,5.490395551532856e-07,0.05,6000,0,
011,l2sp,startaphonecall,all,116,32,72,10,2.1,0.1,76,1,1.0,12,2.0,0.2,-0.0394265232974908,0.1625,2.6119701601601264e-07,0.0416666666666666,6000,0,
011,l2sp,startaphonecall,all,116,32,72,10,2.1,0.1,76,1,1.0,14,1.5,0.2,0.0236686390532543,0.1166666666666666,6.282301183091477e-05,0.0357142857142857,6000,0,
011,l2sp,startaphonecall,all,116,32,72,10,2.1,0.1,76,1,1.0,16,1.1,0.3,0.1463414634146341,0.1736111111111111,1.96392051066141e-07,0.03125,6000,1,
011,l2sp,startaphonecall,all,116,32,72,10,2.1,0.1,76,1,1.0,20,1.2,0.3,0.1240875912408758,0.146031746031746,3.807339453487657e-05,0.025,6000,2,
011,l2sp,startaphonecall,all,116,32,72,10,2.1,0.1,76,1,1.0,25,1.2,0.3,0.1240875912408758,0.146031746031746,6.079510058043525e-06,0.02,6000,4,
011,l2sp,startaphonecall,all,116,32,72,10,2.1,0.1,76,1,1.0,30,0.9,0.5,0.1739130434782608,0.2651515151515151,5.628577426364245e-08,0.0166666666666666,6000,7,
011,l2sp,startaphonecall,all,116,32,72,10,2.1,0.1,76,1,1.0,40,0.8,0.4,0.2592592592592592,0.2125,1.79230326580182e-07,0.0125,6000,11,
011,l2sp,startaphonecall,all,116,32,72,10,2.1,0.1,76,1,1.0,50,0.8,0.4,0.2592592592592592,0.2125,7.155875891839969e-08,0.01,6000,13,
011,l2sp,startaphonecall,all,116,32,72,10,2.1,0.1,76,1,1.0,60,0.7,0.5,0.2857142857142857,0.2532467532467533,4.6016992882869097e-08,0.0083333333333333,6000,18,
011,lookup,startaphonecall,all,116,32,72,10,2.1,0.1,-1,-1,,1,0.9,0.2,,,0.0,0.0,0,0,2.0
011,lookup,startaphonecall,all,116,32,72,10,2.1,0.1,-1,-1,,2,1.9,0.0,,,0.0,0.0,0,0,1.0
011,lookup,startaphonecall,all,116,32,72,10,2.1,0.1,-1,-1,,3,1.9,0.0,,,0.0,0.0,0,0,1.0
011,lookup,startaphonecall,all,116,32,72,10,2.1,0.1,-1,-1,,4,1.9,0.0,,,0.0,0.0,0,0,1.0
011,lookup,startaphonecall,all,116,32,72,10,2.1,0.1,-1,-1,,5,1.9,0.0,,,0.0,0.0,0,0,1.0
011,lookup,startaphonecall,all,116,32,72,10,2.1,0.1,-1,-1,,6,1.9,0.0,,,0.0,0.0,0,0,1.0
011,lookup,startaphonecall,all,116,32,72,10,2.1,0.1,-1,-1,,8,1.9,0.0,,,0.0,0.0,0,0,1.0
011,lookup,startaphonecall,all,116,32,72,10,2.1,0.1,-1,-1,,10,1.9,0.0,,,0.0,0.0,0,0,1.0
011,lookup,startaphonecall,all,116,32,72,10,2.1,0.1,-1,-1,,12,1.9,0.0,,,0.0,0.0,0,0,1.0
011,lookup,startaphonecall,all,116,32,72,10,2.1,0.1,-1,-1,,14,1.9,0.0,,,0.0,0.0,0,0,1.0
011,lookup,startaphonecall,all,116,32,72,10,2.1,0.1,-1,-1,,16,0.3,0.7,,,0.0,0.0,0,1,3.0
011,lookup,startaphonecall,all,116,32,72,10,2.1,0.1,-1,-1,,20,0.3,0.7,,,0.0,0.0,0,2,3.0
011,lookup,startaphonecall,all,116,32,72,10,2.1,0.1,-1,-1,,25,0.3,0.7,,,0.0,0.0,0,4,3.0
011,lookup,startaphonecall,all,116,32,72,10,2.1,0.1,-1,-1,,30,0.3,0.7,,,0.0,0.0,0,7,3.0
011,lookup,startaphonecall,all,116,32,72,10,2.1,0.1,-1,-1,,40,0.3,0.7,,,0.0,0.0,0,11,3.0
011,lookup,startaphonecall,all,116,32,72,10,2.1,0.1,-1,-1,,50,0.3,0.7,,,0.0,0.0,0,13,3.0
011,lookup,startaphonecall,all,116,32,72,10,2.1,0.1,-1,-1,,60,0.3,0.7,,,0.0,0.0,0,18,3.0
012,anil,startaphonecall,all,116,19,99,6,0.0,1.0,76,1,1.0,0,0.0,1.0,1.0,1.0,0.0,0.0,0,0,
012,anil,startaphonecall,all,116,19,99,6,0.0,1.0,76,1,1.0,1,0.0,1.0,1.0,1.0,4.0000475564738736e-05,0.5,6000,0,
012,anil,startaphonecall,all,116,19,99,6,0.0,1.0,76,1,1.0,2,0.0,1.0,1.0,1.0,5.993182639940642e-06,0.25,6000,0,
012,anil,startaphonecall,all,116,19,99,6,0.0,1.0,76,1,1.0,3,0.0,1.0,1.0,1.0,7.68282433227796e-08,0.1666666666666666,6000,0,
012,anil,startaphonecall,all,116,19,99,6,0.0,1.0,76,1,1.0,4,0.8333333333333334,0.1666666666666666,0.0,0.1428571428571428,4.160676425613019e-08,0.125,6000,0,
012,anil,startaphonecall,all,116,19,99,6,0.0,1.0,76,1,1.0,5,1.0,0.0,0.0,0.0,5.2471662570496846e-08,0.1,6000,1,
012,anil,startaphonecall,all,116,19,99,6,0.0,1.0,76,1,1.0,6,1.0,0.0,0.0,0.0,5.128222255734727e-06,0.0833333333333333,6000,1,
012,anil,startaphonecall,all,116,19,99,6,0.0,1.0,76,1,1.0,8,1.0,0.0,0.0,0.0,0.0002695229195524,0.0625,6000,2,
012,anil,startaphonecall,all,116,19,99,6,0.0,1.0,76,1,1.0,10,1.0,0.0,0.0,0.0,3.782204771596298e-08,0.05,6000,2,
012,anil,startaphonecall,all,116,19,99,6,0.0,1.0,76,1,1.0,12,1.0,0.0,0.0,0.0,9.551110269967468e-05,0.0416666666666666,6000,2,
012,anil,startaphonecall,all,116,19,99,6,0.0,1.0,76,1,1.0,14,1.0,0.0,0.0,0.0,2.317346314839597e-07,0.0357142857142857,6000,2,
012,anil,startaphonecall,all,116,19,99,6,0.0,1.0,76,1,1.0,16,1.0,0.0,0.0,0.0,2.921875363881554e-07,0.03125,6000,2,
012,anil,startaphonecall,all,116,19,99,6,0.0,1.0,76,1,1.0,20,1.0,0.0,0.0,0.0,1.2017118251606007e-06,0.025,6000,2,
012,anil,startaphonecall,all,116,19,99,6,0.0,1.0,76,1,1.0,25,1.1666666666666667,0.0,0.0,0.0,3.097241005889373e-07,0.02,6000,3,
012,anil,startaphonecall,all,116,19,99,6,0.0,1.0,76,1,1.0,30,0.8333333333333334,0.1666666666666666,0.0,0.1428571428571428,4.743733006762341e-05,0.0166666666666666,6000,4,
012,anil,startaphonecall,all,116,19,99,6,0.0,1.0,76,1,1.0,40,0.1666666666666666,0.8333333333333334,0.0,0.4545454545454545,0.0041955793276429,0.0125,6000,5,
012,anil,startaphonecall,all,116,19,99,6,0.0,1.0,76,1,1.0,50,0.0,1.0,1.0,1.0,0.0002808744320645,0.01,6000,7,
012,anil,startaphonecall,all,116,19,99,6,0.0,1.0,76,1,1.0,60,0.0,1.0,1.0,1.0,0.0002729588595684,0.0083333333333333,6000,8,
012,l2sp,startaphonecall,all,116,19,99,6,0.0,1.0,76,1,1.0,0,0.0,1.0,1.0,1.0,0.0,0.0,0,0,
012,l2sp,startaphonecall,all,116,19,99,6,0.0,1.0,76,1,1.0,1,0.0,1.0,1.0,1.0,0.0002267308736918,0.5,6000,0,
012,l2sp,startaphonecall,all,116,19,99,6,0.0,1.0,76,1,1.0,2,0.3333333333333333,0.6666666666666666,0.0,0.4,3.790707705775276e-05,0.25,6000,0,
012,l2sp,startaphonecall,all,116,19,99,6,0.0,1.0,76,1,1.0,3,0.3333333333333333,0.6666666666666666,0.0,0.4,2.567075534898322e-05,0.1666666666666666,6000,0,
012,l2sp,startaphonecall,all,116,19,99,6,0.0,1.0,76,1,1.0,4,1.0,0.0,0.0,0.0,6.150957574391214e-07,0.125,6000,0,
012,l2sp,startaphonecall,all,116,19,99,6,0.0,1.0,76,1,1.0,5,1.0,0.0,0.0,0.0,9.296030611949392e-07,0.1,6000,1,
012,l2sp,startaphonecall,all,116,19,99,6,0.0,1.0,76,1,1.0,6,1.0,0.0,0.0,0.0,0.0047673117369413,0.0833333333333333,6000,1,
012,l2sp,startaphonecall,all,116,19,99,6,0.0,1.0,76,1,1.0,8,1.0,0.0,0.0,0.0,0.0001720600412227,0.0625,6000,2,
012,l2sp,startaphonecall,all,116,19,99,6,0.0,1.0,76,1,1.0,10,1.0,0.0,0.0,0.0,5.7851444580592215e-05,0.05,6000,2,
012,l2sp,startaphonecall,all,116,19,99,6,0.0,1.0,76,1,1.0,12,1.0,0.0,0.0,0.0,1.4310227015812416e-05,0.0416666666666666,6000,2,
012,l2sp,startaphonecall,all,116,19,99,6,0.0,1.0,76,1,1.0,14,1.0,0.0,0.0,0.0,3.4746029996313155e-05,0.0357142857142857,6000,2,
012,l2sp,startaphonecall,all,116,19,99,6,0.0,1.0,76,1,1.0,16,1.0,0.0,0.0,0.0,5.328841143636964e-05,0.03125,6000,2,
012,l2sp,startaphonecall,all,116,19,99,6,0.0,1.0,76,1,1.0,20,1.0,0.0,0.0,0.0,1.2828077444737573e-07,0.025,6000,2,
012,l2sp,startaphonecall,all,116,19,99,6,0.0,1.0,76,1,1.0,25,1.0,0.0,0.0,0.0,0.0011612471425905,0.02,6000,3,
012,l2sp,startaphonecall,all,116,19,99,6,0.0,1.0,76,1,1.0,30,0.8333333333333334,0.1666666666666666,0.0,0.1428571428571428,2.577430905148504e-06,0.0166666666666666,6000,4,
012,l2sp,startaphonecall,all,116,19,99,6,0.0,1.0,76,1,1.0,40,0.0,1.0,1.0,1.0,0.0128533206880092,0.0125,6000,5,
012,l2sp,startaphonecall,all,116,19,99,6,0.0,1.0,76,1,1.0,50,0.0,1.0,1.0,1.0,0.0026054170448333,0.01,6000,7,
012,l2sp,startaphonecall,all,116,19,99,6,0.0,1.0,76,1,1.0,60,0.0,1.0,1.0,1.0,0.0004297495470382,0.0083333333333333,6000,8,
012,lookup,startaphonecall,all,116,19,99,6,0.0,1.0,-1,-1,,1,1.0,0.0,,,0.0,0.0,0,0,1.0
012,lookup,startaphonecall,all,116,19,99,6,0.0,1.0,-1,-1,,2,1.0,0.0,,,0.0,0.0,0,0,1.0
012,lookup,startaphonecall,all,116,19,99,6,0.0,1.0,-1,-1,,3,1.0,0.0,,,0.0,0.0,0,0,1.0
012,lookup,startaphonecall,all,116,19,99,6,0.0,1.0,-1,-1,,4,1.0,0.0,,,0.0,0.0,0,0,1.0
012,lookup,startaphonecall,all,116,19,99,6,0.0,1.0,-1,-1,,5,1.0,0.0,,,0.0,0.0,0,1,1.0
012,lookup,startaphonecall,all,116,19,99,6,0.0,1.0,-1,-1,,6,1.0,0.0,,,0.0,0.0,0,1,1.0
012,lookup,startaphonecall,all,116,19,99,6,0.0,1.0,-1,-1,,8,2.0,0.0,,,0.0,0.0,0,2,0.0
012,lookup,startaphonecall,all,116,19,99,6,0.0,1.0,-1,-1,,10,2.0,0.0,,,0.0,0.0,0,2,0.0
012,lookup,startaphonecall,all,116,19,99,6,0.0,1.0,-1,-1,,12,2.0,0.0,,,0.0,0.0,0,2,0.0
012,lookup,startaphonecall,all,116,19,99,6,0.0,1.0,-1,-1,,14,2.0,0.0,,,0.0,0.0,0,2,0.0
012,lookup,startaphonecall,all,116,19,99,6,0.0,1.0,-1,-1,,16,2.0,0.0,,,0.0,0.0,0,2,0.0
012,lookup,startaphonecall,all,116,19,99,6,0.0,1.0,-1,-1,,20,2.0,0.0,,,0.0,0.0,0,2,0.0
012,lookup,startaphonecall,all,116,19,99,6,0.0,1.0,-1,-1,,25,1.0,0.0,,,0.0,0.0,0,3,1.0
012,lookup,startaphonecall,all,116,19,99,6,0.0,1.0,-1,-1,,30,1.0,0.0,,,0.0,0.0,0,4,1.0
012,lookup,startaphonecall,all,116,19,99,6,0.0,1.0,-1,-1,,40,1.0,0.0,,,0.0,0.0,0,5,1.0
012,lookup,startaphonecall,all,116,19,99,6,0.0,1.0,-1,-1,,50,0.0,1.0,,,0.0,0.0,0,7,2.0
012,lookup,startaphonecall,all,116,19,99,6,0.0,1.0,-1,-1,,60,0.0,1.0,,,0.0,0.0,0,8,2.0
