outer_lr,crop_frac,jitter_std,tau,fold,val_pids,seed,best_val_mae,smoothed_best_val_mae,best_epoch_smoothed,best_epoch_1se,metrics_epoch,epochs_run,val_qwk_at_best,val_acc_at_best,query_loss_first,query_loss_at_best,query_loss_last,query_loss_drop,inner_res_max,inner_unconverged_frac,val_set_mae_k5,val_set_mae_k10,val_set_mae_k15,val_set_mae_k20,val_set_mae_k25,val_set_mae_k30,val_set_mae_k35,val_set_mae_k40,val_set_mae_k45,val_set_mae_k50,val_set_mae_k55,val_set_mae_k60,val_set_acc_k5,val_set_acc_k10,val_set_acc_k15,val_set_acc_k20,val_set_acc_k25,val_set_acc_k30,val_set_acc_k35,val_set_acc_k40,val_set_acc_k45,val_set_acc_k50,val_set_acc_k55,val_set_acc_k60
0.0001,0.0,0.0,1.0,0,001|005,1,1.1226843825948387,1.1317447148219055,12,11,12,21,0.2850200898445345,0.4520135955702913,0.888944273069501,0.6245702602062374,0.5260226017516106,0.3629216713178903,0.00024639791809022427,0.03333333333333333,1.3876141761052248,1.2385964912280703,1.1722149410222804,1.1513461538461538,1.2415736310473153,1.2210401891252953,1.2202247191011235,1.2702380952380952,1.2024472573839662,1.157142857142857,0.7882943143812708,0.7671875,0.3154548776032152,0.4426634768740032,0.4360419397116645,0.4567307692307692,0.4392876129718235,0.4306146572104019,0.4268341044282882,0.4288690476190476,0.45021097046413505,0.46737451737451735,0.5472686733556299,0.5828125
0.0001,0.0,0.0,1.0,0,001|005,0,1.1380345944223424,1.1400136444408184,13,13,13,22,0.29958066650665904,0.4555527028518405,0.8724359689839184,0.6554313207603991,0.5478359283041209,0.32460004067979753,0.0002809449506457895,0.04363636363636364,1.4050054804530507,1.220574162679426,1.1392311052861512,1.1311538461538462,1.1944178628389155,1.1930260047281322,1.214342366159947,1.2139880952380953,1.2347679324894514,1.156756756756757,0.7900780379041249,0.7765625,0.31574716843259043,0.4606858054226475,0.4499781564001748,0.45692307692307693,0.46012759170653905,0.44728132387706854,0.4091870456047587,0.4413690476190476,0.4375527426160337,0.4677606177606178,0.5622073578595318,0.5578125
0.0001,0.2,0.02,1.0,0,001|005,1,1.0749767562398957,1.0839711879990075,17,16,17,27,0.3477857596062841,0.47113249522061934,0.9405677524581552,0.5959062808845192,0.5656409030553187,0.3749268494028365,0.00023631563817616552,0.03333333333333333,1.232553891121666,1.161483253588517,1.0873743993010048,1.0871153846153847,1.2045188729399254,1.17080378250591,1.1787838730998017,1.151190476190476,1.2014345991561182,1.0054054054054054,0.7729096989966555,0.7572916666666667,0.39298502009499453,0.478548644338118,0.46373962429008303,0.47615384615384615,0.45507708665603397,0.4528368794326241,0.4209517514871117,0.4601190476190476,0.45088607594936714,0.488030888030888,0.5554069119286511,0.5588541666666667
0.0003,0.0,0.0,1.0,0,001|005,1,1.0836707755000874,1.1155959403817222,8,6,8,17,0.32659208459970646,0.4609317959672583,0.8728050737828016,0.4986229223012924,0.3600237804185599,0.5127812933642417,0.00020859150390606374,0.03294117647058824,1.2758860065765436,1.1710526315789473,1.1729139362166885,1.1961538461538461,1.29819245082403,1.159692671394799,1.149636483807006,1.1761904761904762,1.1474261603375528,1.0233590733590734,0.897881828316611,0.7317708333333334,0.37573986116185604,0.46459330143540667,0.444517256443862,0.42653846153846153,0.4083466241360978,0.4581560283687943,0.4327164573694646,0.4601190476190476,0.46421940928270045,0.49594594594594593,0.5409141583054626,0.559375
0.0003,0.0,0.0,1.0,0,001|005,0,1.1484120766133072,1.163863638762662,14,6,14,19,0.30522920902903317,0.45155626778580854,0.8527459393627942,0.40750358236487955,0.3758268963545561,0.4769190430082381,0.0002674325369298458,0.030526315789473683,1.282133723054439,1.2296650717703348,1.1775010921799913,1.1903846153846154,1.2653375863902179,1.1819148936170212,1.2092531394580304,1.2336309523809523,1.2221097046413503,1.133976833976834,0.9335562987736901,0.9255208333333333,0.34676653270003654,0.4421850079744817,0.4399301004805592,0.4271153846153846,0.41446039340776186,0.4528368794326241,0.4265697290152016,0.45952380952380956,0.47054852320675106,0.4808880308880309,0.532329988851728,0.5255208333333333
0.0001,0.2,0.02,1.0,0,001|005,0,1.0635329283967587,1.0687139971394417,29,29,29,41,0.3644991793679415,0.4783809831017514,0.8648049978353083,0.5297030419763178,0.41673635685350746,0.4480686409818008,0.00028685753932222724,0.03121951219512195,1.2364632809645597,1.1127591706539075,1.0259938837920488,1.081923076923077,1.1830409356725147,1.1372340425531915,1.1726371447455386,1.1514880952380953,1.1881012658227847,1.0038610038610039,0.8036789297658863,0.725,0.3934234563390574,0.495933014354067,0.5013106159895151,0.47596153846153844,0.450026581605529,0.46394799054373526,0.4212161269001983,0.4720238095238095,0.46354430379746836,0.4888030888030888,0.5477146042363434,0.5666666666666667
0.0003,0.2,0.02,1.0,0,001|005,0,1.0962102315486384,1.1175575602119538,7,6,7,19,0.3246665548341642,0.46988262949303894,0.8412858742848038,0.5550957717932761,0.38092768917558717,0.46035818510921667,0.0004903828375972807,0.02526315789473684,1.233284618195104,1.19377990430622,1.1450415028396679,1.1171153846153845,1.2259968102073366,1.1988179669030732,1.2263714474553866,1.1830357142857144,1.2351054852320675,1.0891891891891892,0.882051282051282,0.7260416666666667,0.43167701863354035,0.47822966507177034,0.46797728265618177,0.46115384615384614,0.4287612971823498,0.43593380614657207,0.4150693985459352,0.4660714285714286,0.45054852320675104,0.48841698841698844,0.5486064659977703,0.5661458333333333
0.001,0.0,0.0,1.0,0,001|005,0,1.120136223418286,1.1461197462859412,3,3,3,13,0.31018038770995615,0.4620633529889308,0.8209933141246438,0.4906599430087954,0.1935424569156021,0.6274508572090417,0.00016150371811818331,0.021538461538461538,1.2822798684691268,1.239872408293461,1.1349934469200524,1.1223076923076922,1.2868155236576289,1.2150118203309692,1.249636483807006,1.2502976190476192,1.1744303797468354,1.0482625482625483,0.9236343366778149,0.8369791666666666,0.3838509316770186,0.44154704944178624,0.43975535168195723,0.4757692307692308,0.3984582668793195,0.43037825059101653,0.4204230006609385,0.44761904761904764,0.48421940928270046,0.5162162162162163,0.5549609810479376,0.5515625
0.001,0.0,0.0,1.0,0,001|005,1,1.1465026128508589,1.1641217971356208,4,3,4,17,0.3039532137788425,0.4483765558366142,0.8371748794242739,0.47080112669616936,0.13954135777545162,0.6976335216488223,0.00018287068814970553,0.024705882352941175,1.2199488491048593,1.2165071770334928,1.201310615989515,1.2123076923076923,1.2897926634768742,1.226595744680851,1.2729015201586253,1.2080357142857143,1.2621097046413503,1.0816602316602317,0.906911928651059,0.790625,0.41023017902813297,0.42822966507177035,0.4021843599825251,0.4405769230769231,0.4178096757044125,0.42458628841607565,0.37415730337078656,0.45952380952380956,0.43687763713080174,0.4947876447876448,0.533221850613155,0.5583333333333333
0.001,0.2,0.02,1.0,0,001|005,0,1.0619244668510246,1.1190276577107932,3,3,3,13,0.298710268339444,0.4670974708508355,0.7913765089772642,0.5291635538171977,0.19723871037131174,0.5941377986059524,0.00029588863253593445,0.02923076923076923,1.1614176105224698,1.2393939393939393,1.1404543468763653,1.1961538461538461,1.3236576289207869,1.1652482269503546,1.2258426966292135,1.2199404761904762,1.2417721518987341,1.0625482625482625,0.9018952062430323,0.8416666666666667,0.45717939349652903,0.46459330143540667,0.463215377894277,0.45153846153846156,0.3881446039340776,0.4690307328605201,0.4327164573694646,0.4538690476190476,0.4638818565400844,0.48764478764478764,0.5400222965440357,0.5333333333333333
0.0003,0.2,0.02,1.0,0,001|005,1,1.0830666736928274,1.0976508799581866,9,8,9,21,0.3407517072707473,0.47127509055023503,0.9180461403913796,0.4850272471178323,0.2925709631106838,0.6254751772806957,0.00024284282699227333,0.025714285714285714,1.2324077457069784,1.153349282296651,1.0737876802096986,1.101923076923077,1.1634768740031898,1.16548463356974,1.1790482485128884,1.1889880952380953,1.2221097046413503,1.0745173745173746,0.8267558528428094,0.7661458333333333,0.3976251370113263,0.4870015948963317,0.4725644386194845,0.46615384615384614,0.4599149388623073,0.46371158392434986,0.4327164573694646,0.4535714285714286,0.45687763713080165,0.46737451737451735,0.5472686733556299,0.5505208333333333
0.001,0.2,0.02,1.0,0,001|005,1,1.051574759631388,1.081136782679711,3,3,3,15,0.35272737756697264,0.4802769849790591,0.8671552139148117,0.4859886564471526,0.17999639544519597,0.6871588184696157,0.0003686233831103891,0.02266666666666667,1.2931311655096822,1.1939393939393939,1.101660113586719,1.0626923076923078,1.1670388091440724,1.0934988179669032,1.150165234633179,1.1086309523809523,1.2427848101265824,0.9855212355212355,0.7986622073578595,0.7510416666666666,0.4144318597004019,0.4873205741626794,0.46815203145478373,0.4955769230769231,0.4502392344497608,0.4801418439716312,0.4383344348975545,0.47827380952380955,0.43687763713080174,0.4944015444015444,0.5617614269788183,0.5578125
0.003,0.0,0.0,1.0,0,001|005,1,1.1049793775538437,1.171247333617917,3,3,3,12,0.28107986527147216,0.4356833749345242,0.7891723111830652,0.44082982919644564,0.17573991070996273,0.6134324004731024,0.00039467407623305917,0.02666666666666667,1.4671903544026306,1.4472089314194578,1.2734381826124945,1.2365384615384616,1.2946305156831472,1.210401891252955,1.2565763384005286,1.2842261904761905,1.3724894514767931,1.0615830115830116,0.9448160535117056,0.8541666666666667,0.3411033978808915,0.3871610845295056,0.42988204456094364,0.43653846153846154,0.40770866560340246,0.43593380614657207,0.40330469266358226,0.4401785714285714,0.43552742616033757,0.4857142857142857,0.5006688963210703,0.5244791666666666
0.003,0.2,0.02,1.0,0,001|005,0,1.0321210290657967,1.1230992550377974,3,3,3,13,0.28549064980550004,0.4691302835287912,0.7307641249522567,0.44015530865639446,0.16610288036055862,0.5646612445916981,0.00021525540796574205,0.03076923076923077,1.4512605042016808,1.3948963317384369,1.1450415028396679,1.061923076923077,1.0626262626262626,1.1048463356973994,1.1445472571050892,1.1208333333333333,1.1424472573839664,1.1472972972972972,1.105685618729097,0.9026041666666667,0.39660211910851295,0.41866028708133973,0.482262996941896,0.5213461538461539,0.49234449760765553,0.474822695035461,0.4327164573694646,0.47232142857142856,0.45054852320675104,0.4749034749034749,0.4875139353400223,0.5255208333333333
0.003,0.0,0.0,1.0,0,001|005,0,1.0999435809563238,1.163761237426216,10,8,10,19,0.3158689837192561,0.4490391417817115,0.7729281819239259,0.16916255500051192,0.13740298859775066,0.6355251933261752,0.00022828608052805066,0.01263157894736842,1.358786993058093,1.2362838915470493,1.2051550895587593,1.228076923076923,1.2232854864433813,1.2562647754137117,1.2054857898215465,1.2470238095238095,1.0625316455696203,1.0013513513513512,0.9448160535117056,0.8119791666666667,0.3847278041651443,0.4197767145135566,0.4249453910004369,0.43634615384615383,0.4327485380116959,0.41300236406619384,0.41401189689358886,0.41577380952380955,0.4828691983122363,0.5079150579150579,0.5079152731326645,0.5484375
0.003,0.2,0.02,1.0,0,001|005,1,1.0662673133114116,1.1293178642415687,14,3,14,15,0.3522970497578069,0.46293251144670555,0.8332297865115106,0.14534694581863733,0.14534694581863733,0.6878828406928732,0.00020640779985114932,0.017333333333333333,1.3661673364998173,1.2106858054226475,1.1124071647007425,1.1613461538461538,1.1935672514619884,1.1534278959810875,1.1664904163912757,1.188392857142857,1.1374683544303799,0.9357142857142857,0.8198439241917503,0.8234375,0.3721227621483376,0.44768740031897925,0.45015290519877676,0.4567307692307692,0.4449760765550239,0.4583924349881796,0.4447455386649042,0.4726190476190476,0.4578902953586498,0.4944015444015444,0.5309921962095875,0.5244791666666666
0.0001,0.0,0.0,1.0,1,002|006,0,1.1249149394758724,1.1469099673546677,3,3,3,13,0.18163371275491993,0.42867138917630054,0.8378958227671682,0.8291729445429519,0.7126336803939194,0.12526214237324884,0.0003225922118872404,0.04461538461538461,1.0223200728818707,1.4211590296495957,1.5730041358566236,1.5261824324324325,1.3482242395285873,1.1771438953488373,1.0994978028876334,1.1267056530214425,0.9686691578039666,0.8522727272727273,0.8709541824295923,0.7773109243697479,0.4748456321490029,0.34490116801437554,0.28061160546434394,0.27210022522522526,0.315018315018315,0.4376816860465116,0.4556392550742833,0.42884990253411304,0.4874964070135096,0.5303030303030303,0.5304749894913829,0.5861344537815126
0.0001,0.0,0.0,1.0,1,002|006,1,1.1250245292867456,1.1354227735065747,5,4,5,14,0.18542035540244525,0.43942557736581905,0.9643851302564144,0.8630924914591014,0.6479047492146492,0.3164803810417651,0.00035602718708105385,0.04,1.0864459965583562,1.4104896675651393,1.576576012031583,1.5178772522522523,1.2920050963529224,1.1827761627906976,1.0717723373090604,1.108187134502924,0.9725495832135671,0.8446969696969697,0.8360655737704918,0.7536764705882353,0.46021864561190406,0.3389487870619946,0.2693319964907883,0.278856981981982,0.34400382226469184,0.43968023255813954,0.48106298388784263,0.4485867446393762,0.500862316757689,0.5492424242424243,0.5525430853299707,0.6097689075630253
0.0001,0.2,0.02,1.0,1,002|006,1,1.11896611317497,1.1298779453336998,4,3,4,13,0.18828260454851678,0.4395352304135712,0.8024621084704995,0.8328533152677119,0.6949151898332638,0.10754691863723564,0.0003307319129817188,0.043076923076923075,1.092063974086446,1.3797169811320755,1.5306429377114927,1.4418637387387387,1.3137442267877049,1.2043968023255816,1.0825486503452604,1.0938109161793372,0.9553032480597874,0.8295454545454546,0.8360655737704918,0.7804621848739496,0.45009616357930965,0.34714734950584003,0.29051259556335385,0.2996903153153153,0.3295110686415034,0.4220566860465116,0.47028667085164255,0.46174463937621835,0.500862316757689,0.5416666666666667,0.5689365279529214,0.5919117647058824
0.0003,0.0,0.0,1.0,1,002|006,1,1.1290326560778652,1.1477575833351523,10,8,10,11,0.1694719910443847,0.45486134272276396,0.9382959906384349,0.5115738675836474,0.5115738675836474,0.4267221230547875,0.00022528458794113249,0.038181818181818185,1.166413604615852,1.3940925426774484,1.4497430755733802,1.477195945945946,1.3189998407389711,1.268531976744186,1.1750366185394434,1.0355750487329436,0.9788732394366197,0.9242424242424243,0.9243379571248425,0.8419117647058824,0.44888146573539833,0.3744384546271339,0.32215816518360696,0.33868243243243246,0.35674470457079155,0.4202398255813954,0.45176815233312406,0.5265594541910331,0.5181086519114688,0.5606060606060606,0.5540142917192097,0.5861344537815126
0.0003,0.0,0.0,1.0,1,002|006,0,1.1052078149271864,1.1141589534225056,6,5,6,18,0.21515047794502848,0.47042268782355395,0.8165275789611042,0.6909361001715297,0.35713020485825836,0.4593973741028458,0.0003698515356518328,0.044444444444444446,1.1056281000101225,1.360624438454627,1.4984333876425617,1.3669763513513513,1.3339703774486384,1.182594476744186,1.1072400083699518,1.077729044834308,0.934176487496407,0.7878787878787878,0.7889869693148381,0.7620798319327731,0.4804129972669299,0.38757861635220126,0.2883193382629402,0.33713400900900903,0.33874820831342567,0.4454941860465116,0.4872358233940155,0.4987816764132554,0.529031330842196,0.6136363636363636,0.605296343001261,0.6334033613445378
0.001,0.0,0.0,1.0,1,002|006,0,1.1233485052412098,1.163091074375156,3,3,3,13,0.1492209958825316,0.4508414388340116,0.7749662975268439,0.5498193488409743,0.1962218063673936,0.5787444911594503,0.00024182361084967852,0.027692307692307693,1.205790059722644,1.4176774483378258,1.4998120065171072,1.3773930180180178,1.3102404841535278,1.2645348837209303,1.2135383971542164,1.1479044834307992,0.9897959183673469,0.9621212121212122,0.9596469104665826,0.8009453781512605,0.43764551067921853,0.3828616352201258,0.34114550695575885,0.36570945945945943,0.3694855868768912,0.4376816860465116,0.4487340447792425,0.44712475633528265,0.5079045702788157,0.5265151515151516,0.5386717108028584,0.6066176470588236
0.0003,0.2,0.02,1.0,1,002|006,0,1.0823179257022033,1.0960552211803931,11,8,11,24,0.19378037394631745,0.4728493318203111,0.8707229627296329,0.5507787247002125,0.2628753312397748,0.6078476314898581,0.00023905666603241116,0.03166666666666667,1.1215203968012957,1.3514150943396226,1.4671011404937961,1.4210304054054053,1.2732919254658386,1.2276526162790697,1.1210504289600336,1.026315789473684,0.9232538085656798,0.8787878787878787,0.835645229087852,0.7563025210084033,0.47697135337584773,0.3803908355795148,0.3293019175335255,0.3506475225225225,0.36598184424271385,0.4376816860465116,0.4764595103578154,0.5199805068226121,0.5353549870652486,0.571969696969697,0.5960487599831862,0.6334033613445378
0.0001,0.2,0.02,1.0,1,002|006,0,1.0724812472281007,1.081977184107716,36,34,36,47,0.21364224640346327,0.48848958899737277,0.8947461929544807,0.49566708638332785,0.3939494992280379,0.5007966937264428,0.00025230381288565695,0.03872340425531915,1.1124607753821238,1.3159254267744833,1.4494924175961899,1.3690878378378377,1.20958751393534,1.1030159883720931,1.0439422473320779,1.0555555555555556,0.8637539522851394,0.7916666666666666,0.832072299285414,0.7232142857142857,0.4533859702399028,0.4017295597484277,0.33425241258303046,0.3574042792792793,0.37322822105430803,0.4825581395348837,0.5142289181837204,0.5053606237816765,0.566685829261282,0.625,0.5878520386717108,0.6601890756302521
0.001,0.2,0.02,1.0,1,002|006,0,1.1145564621634498,1.1570958841022438,3,3,3,12,0.18332103316317153,0.46034741075419755,0.8043096550181508,0.5286060056905262,0.2643655152479187,0.539944139770232,0.00022168287250678986,0.028333333333333332,1.1542160137665756,1.2482030548068284,1.3966662489033714,1.4287725225225225,1.2515527950310559,1.2118459302325582,1.143440050219711,1.112085769980507,0.9890773210692727,0.946969696969697,0.9735182849936949,0.8067226890756303,0.456726389310659,0.4017295597484277,0.35681163053014164,0.3407939189189189,0.38421723204331903,0.4358648255813954,0.46411383134546974,0.4790448343079922,0.5353549870652486,0.5416666666666666,0.5212274064733081,0.6066176470588236
0.001,0.0,0.0,1.0,1,002|006,1,1.153852321572132,1.170124234404766,7,3,7,17,0.16316047130829792,0.4521301424528627,0.8831915140897035,0.3976071233022958,0.14720596023835242,0.7359855538513511,0.00017312953423243016,0.021176470588235293,1.2924385059216519,1.408468104222821,1.4981827296653716,1.3398085585585586,1.2655677655677655,1.2260174418604652,1.1734672525632979,1.2058966861598441,1.1073584363322793,0.9128787878787878,0.9058427910886927,0.7647058823529411,0.39487802409150724,0.3744384546271339,0.33205915528261687,0.3714808558558559,0.3752189839146361,0.4296875,0.45490688428541537,0.42348927875243664,0.4843345789019833,0.5984848484848484,0.567885666246322,0.6186974789915967
0.0003,0.2,0.02,1.0,1,002|006,1,1.0720794910389957,1.0812072221682367,24,17,24,35,0.17458515632851637,0.4856278942813219,0.7834280233830213,0.32014497809112075,0.22114086481509732,0.562287158567924,0.00022576216724701226,0.025142857142857144,1.1876708168843,1.3180592991913747,1.3730417345532022,1.275197072072072,1.0570154483197962,1.0437863372093024,1.0646578782172003,1.0611598440545809,0.9696751940212704,0.8825757575757576,0.9325346784363178,0.6995798319327731,0.4343050916084624,0.4097035040431267,0.40412332372477755,0.3923141891891892,0.4261825131390349,0.49200581395348836,0.4949780288763339,0.5,0.5227076746191435,0.5871212121212122,0.5422446406052963,0.6218487394957983
0.001,0.2,0.02,1.0,1,002|006,1,1.0866565520417346,1.1091695330109619,3,3,3,19,0.20979905794781487,0.48765473605158927,0.7424707900173962,0.5863710143556818,0.1266987618575513,0.6157720281598449,0.00023250839149113744,0.021052631578947368,1.0527381313898168,1.3245732255166218,1.3724777541045243,1.3044763513513513,1.2535435578913838,1.2082122093023255,1.1249215317011927,1.1359649122807018,0.9883587237711986,0.8181818181818181,0.8638083228247162,0.7473739495798319,0.49954448830853326,0.40992812219227315,0.37304173455320216,0.39020270270270274,0.4114508679726071,0.4453125,0.5011508683825068,0.47100389863547754,0.5054613394653635,0.6060606060606061,0.605296343001261,0.6334033613445378
0.003,0.0,0.0,1.0,1,002|006,0,1.0772513588885861,1.1171280858924588,3,3,3,11,0.20086349780791302,0.4805740922487176,0.7014468666072935,0.39300894640851763,0.1421025620365981,0.5593443045706954,0.000222418675548397,0.023636363636363636,1.1530013159226642,1.2377583108715182,1.3020428625140994,1.257179054054054,1.090699155916547,1.1041061046511627,1.0893492362418915,1.0423976608187135,1.029893647599885,1.0757575757575757,0.9361076082387558,0.8860294117647058,0.4870432229982792,0.4528301886792453,0.4222960270710615,0.4375,0.44967351489090623,0.421875,0.4803306130989747,0.5080409356725146,0.4977004886461627,0.5113636363636364,0.5504413619167718,0.5477941176470589
0.003,0.0,0.0,1.0,1,002|006,1,1.1050167891022784,1.2149488755555853,3,3,3,11,0.20951792735443256,0.4777704885718946,0.826889991890639,0.4231694528181106,0.15243186100618913,0.67445813088445,0.00021579785970970988,0.023636363636363636,1.2069035327462294,1.239442946990117,1.313071813510465,1.3251689189189189,1.351250199076286,1.333030523255814,1.279870265745972,1.168859649122807,0.9813164702500718,0.8636363636363636,0.8833543505674654,0.7673319327731092,0.4533859702399028,0.4168912848158131,0.3801854869031207,0.3923141891891892,0.38995062908106387,0.40061773255813954,0.4464323080142289,0.46832358674463936,0.5642425984478299,0.6022727272727273,0.5878520386717108,0.6307773109243697
0.003,0.2,0.02,1.0,1,002|006,0,0.9810695317108745,1.0764307656617969,5,3,5,15,0.22859230115264992,0.4653556195244802,0.7341441372595727,0.26200255731877403,0.11691253700410016,0.6172316002554725,0.0002474775246810168,0.034666666666666665,1.5386172689543476,1.3726415094339623,1.4355182353678406,1.3137668918918919,1.1561554387641344,1.0546875,1.0747018204645322,1.026559454191033,0.9084507042253521,0.856060606060606,0.8100042034468264,0.7557773109243697,0.3060026318453285,0.41217430368373764,0.3815641057776664,0.40582770270270274,0.42992514731645165,0.4493095930232558,0.4480016739903746,0.4841617933723197,0.5195458465076171,0.5795454545454546,0.5878520386717108,0.5803571428571428
0.003,0.2,0.02,1.0,1,002|006,1,1.0886890181170334,1.168258695379722,3,3,3,12,0.1279059314705748,0.45002346026399004,0.6911174266599118,0.4601686905324459,0.13050780697376468,0.5606096196861472,0.000241536385146901,0.03666666666666667,1.414971150926207,1.4548517520215634,1.5232485273843839,1.3590934684684686,1.2515527950310559,1.2336482558139537,1.1734672525632979,1.1730019493177388,1.0809140557631502,0.9696969696969697,0.9684741488020177,0.8613445378151261,0.36901508249822856,0.3637690925426774,0.3314951748339391,0.4016047297297297,0.43143812709030105,0.4667514534883721,0.46955430006277465,0.45906432748538006,0.5061799367634378,0.5189393939393939,0.5283732660781841,0.5540966386554622
0.0001,0.0,0.0,1.0,2,003|007,1,0.6676974310310361,0.6728054296249434,16,15,16,25,0.7563076760732885,0.5444842359686849,0.8825735830329359,0.6607352103479207,0.6035628042556346,0.2790107787773013,0.00023479113588109612,0.0344,0.8297775168004176,0.7336309523809523,0.681393372982158,0.6939655172413793,0.7468654221231541,0.658839212469237,0.662626607488335,0.6547256097560976,0.6568431568431569,0.6589147286821706,0.5490141883176709,0.5944397283531409,0.47993736543354865,0.5401785714285714,0.5396230787054916,0.5276369168356998,0.5280022290331569,0.5518867924528301,0.5647547513372027,0.5546239837398375,0.5589410589410589,0.5513565891472868,0.5770222959277685,0.5598471986417657
0.0001,0.2,0.02,1.0,2,003|007,1,0.6069540125687499,0.6086764439835046,21,20,21,30,0.7981651401439445,0.565937456750537,0.8778853687830269,0.557308132853359,0.5707442973740399,0.30714107140898705,0.0003257427306380123,0.04466666666666667,0.7684152149801005,0.6443452380952381,0.561365567312891,0.5301724137931034,0.6734930807095756,0.5993642329778507,0.558836918174576,0.6139481707317074,0.6238761238761239,0.6206395348837209,0.5711258522203796,0.5337436332767402,0.5156586416128401,0.5500992063492063,0.573221595736464,0.5750507099391481,0.5460202470511748,0.567473338802297,0.6124957323318538,0.5598323170731707,0.570929070929071,0.5663759689922481,0.5796019900497512,0.574490662139219
0.0001,0.0,0.0,1.0,2,003|007,0,0.6503301516271832,0.6536840564571488,36,35,36,48,0.7649464040599453,0.5464691204809755,0.8390062621422112,0.4796510871592909,0.3474284863611683,0.4915777757810429,0.0002948148176074028,0.034583333333333334,0.9714556012265936,0.8675595238095238,0.6359388275276125,0.6205206220419202,0.6877031670846103,0.599261689909762,0.5594628428360078,0.5749491869918699,0.6013986013986015,0.6088501291989664,0.6087156808549843,0.5800084889643464,0.4694004045149083,0.5009920634920635,0.5545300069514173,0.5517241379310345,0.5299061948546484,0.5678835110746513,0.5895072265847274,0.569359756097561,0.5504495504495505,0.5583010335917313,0.5572139303482587,0.5583616298811545
0.0003,0.0,0.0,1.0,2,003|007,0,0.5998925049000867,0.636062722390438,15,12,15,25,0.773402027255479,0.5422224576061987,0.8238555591646581,0.4064988006046042,0.2812571317865513,0.5425984273781068,0.0003965635260101408,0.0328,0.9488810595680826,0.9340277777777777,0.6531628948791226,0.6471433400946585,0.6560787591715427,0.5533223954060705,0.5952543530215091,0.5870172764227642,0.6123876123876124,0.5662144702842378,0.5551870278238438,0.4781409168081494,0.45122985581000846,0.4751984126984127,0.5401637444967946,0.5497802569303583,0.5479706510634346,0.5917760459392944,0.571298509161261,0.538109756097561,0.5334665334665334,0.5708979328165374,0.5461580983969043,0.5906196943972835
0.0001,0.2,0.02,1.0,2,003|007,0,0.6113222307806416,0.6190719965664954,53,47,53,60,0.7825472383148394,0.5540503841838924,0.8827353035798297,0.3951409225584939,0.33988700388232246,0.5428482996975073,0.0002486142620909959,0.037,1.071931884908984,0.9518849206349206,0.6010658839885687,0.6266058147396889,0.6709389802173307,0.5043068088597211,0.48890406282007515,0.5261686991869918,0.5264735264735265,0.5172803617571059,0.4898654873779251,0.48556876061120546,0.4226854570366021,0.47271825396825395,0.5690893643315054,0.5125084516565247,0.5060834029906195,0.5990566037735849,0.6124957323318538,0.5763465447154472,0.5819180819180819,0.5918927648578811,0.6030035010134512,0.6008064516129032
0.0003,0.0,0.0,1.0,2,003|007,1,0.6517215011134263,0.662371544308131,16,15,16,28,0.7630885010718638,0.539086262497781,0.8623090613819658,0.4034823185019195,0.23256157336290925,0.6297474880190566,0.0002902023261412978,0.039285714285714285,1.0372545181705486,1.0114087301587302,0.6145439097860508,0.6765551048005409,0.6812482585678462,0.5706521739130435,0.6040172982815523,0.6131859756097561,0.6058941058941059,0.5902777777777778,0.5096738529574351,0.476018675721562,0.4494030142885105,0.4776785714285714,0.5644164671352436,0.5197768762677485,0.5357109687006594,0.5544503691550451,0.5639581199499261,0.5476371951219512,0.5439560439560439,0.5316537467700259,0.5831951354339414,0.5971986417657046
0.0003,0.2,0.02,1.0,2,003|007,1,0.5770141568517858,0.5987672439791221,12,8,12,21,0.780907426926698,0.5560038240305505,0.8611259886622429,0.5255981810949742,0.34971868608146905,0.5114073025807738,0.0003144721267744899,0.047619047619047616,0.8649115939192276,0.7609126984126984,0.5281146211477562,0.7147565922920893,0.7867558279929414,0.6073625922887613,0.5829634687606692,0.5703760162601625,0.5904095904095904,0.5731589147286822,0.49576193108531413,0.49278438030560273,0.49321458863443596,0.5302579365079365,0.5897505213562988,0.5117478025693036,0.5054797065106343,0.5721903199343724,0.5835893934221008,0.5685975609756098,0.5619380619380618,0.5767118863049095,0.5945273631840795,0.5840407470288624
0.0003,0.2,0.02,1.0,2,003|007,0,0.6235315945322909,0.6495839656410544,13,9,13,26,0.7606160232659879,0.5525769810497713,0.8653614133782684,0.49728591612540185,0.2631424654414877,0.6022189479367808,0.0002803036477416754,0.03538461538461538,0.9432374241534547,0.8819444444444444,0.6267475090754615,0.6951487491548344,0.7359060091018854,0.5823420836751436,0.571298509161261,0.6121697154471545,0.6328671328671329,0.6056201550387597,0.5415515017505068,0.45331069609507646,0.47886083382266587,0.5049603174603174,0.5701706959141113,0.5227349560513861,0.5080338070028791,0.5823420836751436,0.6025947422328439,0.5659298780487805,0.535964035964036,0.5791343669250646,0.5844849824949327,0.5957130730050934
0.001,0.0,0.0,1.0,2,003|007,0,0.5880698194140602,0.6227740948345466,5,4,5,15,0.8118336488859986,0.5532402545173304,0.7851055494137108,0.47260712627321483,0.20085588700370863,0.5842496624100022,0.00031671905890107155,0.048,0.813923142167417,0.6865079365079365,0.5462655441414999,0.658553076402975,0.6586792978545556,0.5830598851517637,0.5447820644133379,0.5617378048780488,0.5279720279720279,0.5382751937984496,0.525336281555187,0.4664685908319185,0.4756638611600444,0.5500992063492063,0.5820267243376844,0.49154834347532117,0.5022290331568682,0.5526045939294504,0.5911004893592808,0.5607215447154472,0.5904095904095904,0.5941537467700257,0.5672563110374056,0.5810696095076401
0.001,0.2,0.02,1.0,2,003|007,0,0.7860735201028671,0.7971141157481731,3,3,3,12,0.674557685600226,0.5037135069387528,0.8469253005067003,0.5467522293332149,0.27396262413356454,0.5729626763731358,0.00019977561896666884,0.04,0.8878123572780061,0.8898809523809523,0.6795782806827837,0.7850743745774171,0.9476177208135972,0.8613617719442166,0.7833731649026971,0.8047510162601627,0.8331668331668332,0.7708333333333333,0.7799889441680485,0.525679117147708,0.510308605728453,0.48958333333333337,0.5401637444967946,0.5060851926977687,0.46493916597009377,0.4832854799015587,0.5134858313417549,0.4861534552845529,0.48501498501498497,0.5138888888888888,0.47567716970702045,0.5759762308998302
0.001,0.0,0.0,1.0,2,003|007,1,0.5892736826102062,0.6174064482103764,4,3,4,15,0.7955917707950952,0.5837997729142987,0.8156728255748749,0.5228738151630387,0.1687179278070107,0.6469548977678642,0.0002734970476012677,0.03333333333333333,0.8417172310302081,0.8690476190476191,0.5707113617054144,0.7063049357674104,0.7152874524008545,0.5573215750615259,0.4683054512347786,0.5017784552845529,0.505994005994006,0.5080749354005167,0.4152386217062834,0.41150254668930386,0.504045149083317,0.498015873015873,0.5809453927550784,0.5546822177146721,0.5376613727129191,0.5979286300246103,0.6396381017412085,0.6007367886178863,0.6088911088911089,0.6022286821705426,0.636723788465082,0.644100169779287
0.001,0.2,0.02,1.0,2,003|007,1,0.6635491150382914,0.7457726401442439,3,3,3,14,0.7487723883516306,0.565072314266054,0.8294735794141889,0.5946688671130687,0.2296969368075952,0.5997766426065937,0.00016055122250691056,0.025714285714285714,0.8658250146799765,0.5808531746031746,0.5884760948482274,0.7795807978363759,0.9198941209250487,0.6273584905660378,0.6257539547058154,0.5998475609756098,0.6158841158841158,0.6196705426356589,0.5698360051593883,0.5696095076400679,0.49367129901481044,0.5739087301587301,0.5836487217115933,0.5337221095334685,0.5080802451936473,0.564909762100082,0.5942870149083874,0.6095020325203252,0.5989010989010989,0.5847868217054264,0.5821816841717339,0.5532682512733447
0.003,0.0,0.0,1.0,2,003|007,0,0.6075225614158501,0.7250275946741195,3,3,3,12,0.7498674671420266,0.5253225971918413,0.7747964705806225,0.48342133820988237,0.21654778362018987,0.5582486869604326,0.00017729638784658164,0.028333333333333332,0.814706074248059,0.7048611111111112,0.7059936664864448,0.6961629479377958,0.8960713290610198,0.7783018867924528,0.6225674291567088,0.6754319105691058,0.6618381618381618,0.63937338501292,0.501934770591487,0.5059422750424448,0.47886083382266587,0.5456349206349207,0.5189619216806982,0.47861730899256255,0.47074393981610474,0.5061525840853158,0.5580402867872993,0.5251524390243902,0.5389610389610389,0.5209948320413437,0.5857748295559241,0.5759762308998302
0.003,0.0,0.0,1.0,2,003|007,1,0.4745047891942911,0.6089482406131614,3,3,3,12,0.7981161618372404,0.5846688516538463,0.7622372420039027,0.45662417330313476,0.17547472402337008,0.5867625179805327,0.00021299887157510966,0.03,0.953774385072095,0.8090277777777778,0.6783038541747123,0.5503718728870859,0.7577319587628866,0.5544503691550451,0.44673950153636055,0.49568089430894313,0.47752247752247756,0.4568798449612403,0.3931269578035747,0.37351443123938877,0.5002283551901873,0.5317460317460317,0.5541824360855796,0.5585699797160244,0.5376613727129191,0.5972108285479901,0.6257539547058154,0.5946392276422765,0.6013986013986014,0.6151485788113695,0.6451999262944537,0.6542869269949065
0.003,0.2,0.02,1.0,2,003|007,0,0.5411889110054906,0.6085676498706376,3,3,3,15,0.8180665205897961,0.5672919792112553,0.8236765445949277,0.4699285371025326,0.17870638031279668,0.644970164282131,0.00023890825104899704,0.04133333333333333,0.8360735956155804,0.7638888888888888,0.682436085579671,0.6391142663962137,0.6585864214730194,0.5018457752255947,0.45345396608626376,0.5548780487804879,0.4765234765234765,0.4418604651162791,0.4402063755297586,0.4123514431239389,0.5074052325960723,0.5153769841269841,0.5200432532633043,0.49881676808654496,0.5306027677161698,0.6019278096800655,0.626550586093092,0.5510670731707317,0.6123876123876124,0.6174095607235142,0.6104661875806154,0.6154499151103565
0.003,0.2,0.02,1.0,2,003|007,1,0.5954961901013087,0.6532426845084182,5,4,5,16,0.8002002336673392,0.5551171130879639,0.778667555116117,0.39621971467451655,0.16629981081874576,0.6123677442973712,0.00034474459243938327,0.03875,0.9455209760553271,0.5853174603174602,0.5374604155402796,0.5917004732927654,0.851722856877496,0.6192575881870386,0.5176396950039832,0.5417936991869918,0.5279720279720279,0.5138888888888888,0.44508936797494014,0.4685908319185059,0.4698571148952828,0.5575396825396826,0.573221595736464,0.5652467883705206,0.4803566453050989,0.5381460213289582,0.5730624786616593,0.553734756097561,0.5719280719280719,0.5744509043927648,0.6117560346416068,0.5921052631578947
0.0001,0.0,0.0,1.0,3,004|008,0,0.5229712154442903,0.5292520461301965,3,3,3,13,0.2517473742449379,0.5421088311424781,0.939284054543823,0.9248174222931266,0.7981643540598452,0.14111970048397782,0.00036141008604317904,0.07538461538461538,0.6682841762074456,0.59565649867374,0.4821184821184821,0.6265556001605781,0.5843809100011125,0.46130952380952384,0.4529141744331618,0.47721558768070393,0.500805152979066,0.4975328947368421,0.5115779422296491,0.4671717171717172,0.44647054363484723,0.49204244031830235,0.5674310674310674,0.5108390204737053,0.5096784959394816,0.5907738095238095,0.6020308805118932,0.5692960402262728,0.5547504025764896,0.5616776315789473,0.544760085939365,0.5555555555555556
0.0001,0.0,0.0,1.0,3,004|008,1,0.5205826516105736,0.527262785822605,3,3,3,12,0.25677363732224157,0.542952989309938,1.03656753834337,0.8922757027484477,0.8211108345910907,0.2154567037522792,0.00026570327463559806,0.06833333333333333,0.6526650997042991,0.5769230769230769,0.46751296751296756,0.5964472099558411,0.5632439648459229,0.4776785714285714,0.46473779385171793,0.507228158390949,0.5131508319914116,0.4975328947368421,0.5115779422296491,0.4671717171717172,0.4625445446963379,0.5064655172413793,0.582036582036582,0.5315134484142915,0.5258649460451663,0.5796130952380952,0.5847127555988315,0.5509113764927718,0.5424047235641438,0.5485197368421053,0.5377178324182382,0.5631313131313131
0.0001,0.2,0.02,1.0,3,004|008,0,0.5290173226212177,0.5346879088943565,3,3,3,11,0.24194603257593048,0.5356969278923832,1.005481291934848,0.9324144171923399,0.7908194839116186,0.21466180802322932,0.0002731637505348772,0.05272727272727273,0.6783683372507392,0.6042771883289124,0.48662298662298664,0.6212364512244078,0.5992323951496273,0.4933035714285714,0.4803867019056892,0.5004714016341923,0.5254965110037574,0.4975328947368421,0.5045356887085223,0.4671717171717172,0.43225415118659494,0.49685013262599464,0.5674310674310674,0.5161581694098756,0.5047280008899766,0.5744047619047619,0.5800528585338712,0.5576681332495286,0.5424047235641438,0.5485197368421053,0.544760085939365,0.5631313131313131
0.0001,0.2,0.02,1.0,3,004|008,1,0.5210625897508429,0.5285322607883708,12,10,12,13,0.25692841400240285,0.5461801177381584,0.9896716674789786,0.798629985274747,0.798629985274747,0.19104168220423157,0.00035213245428167284,0.06615384615384616,0.5613389946167261,0.6173740053050398,0.4877149877149877,0.6224407868325974,0.5992323951496273,0.5141369047619048,0.46473779385171793,0.4811439346323067,0.5265700483091788,0.48848684210526316,0.4749343518739556,0.46127946127946123,0.5065964060959891,0.4771220159151194,0.5708435708435708,0.5055198715375351,0.49977750584047165,0.5483630952380952,0.5847127555988315,0.5944374607165305,0.5536768652710682,0.5773026315789473,0.5743614227739318,0.5614478114478114
0.0003,0.0,0.0,1.0,3,004|008,1,0.47551618461488004,0.47792828587720076,16,15,16,29,0.31442834433239186,0.5684021524765485,1.0134574394673108,0.48782794903963805,0.3341538465663325,0.6793035929009783,0.0002375233598286286,0.038620689655172416,0.5034877549473046,0.5094496021220158,0.5225225225225225,0.5510839020473706,0.5427745021693181,0.4308035714285714,0.38148560300459033,0.4036769327467002,0.48523886205045624,0.4831414473684211,0.45523991406063496,0.4730639730639731,0.5346121768140116,0.5212201591511936,0.536036036036036,0.524387796065837,0.5314829235732562,0.6056547619047619,0.6349979134789261,0.6137649277184161,0.582662372517445,0.5760690789473684,0.5799713535449988,0.57996632996633
0.0003,0.0,0.0,1.0,3,004|008,0,0.4608905022581333,0.46298165401705005,21,20,21,33,0.3537129898064532,0.5763151523244278,0.9216153476387262,0.4261117061041296,0.2899439796665683,0.631671367972158,0.0003650207072496414,0.040606060606060604,0.4640230495109561,0.46236737400530503,0.5253890253890254,0.5564030509835407,0.553342974746913,0.41443452380952384,0.3743218806509946,0.4153048397234444,0.44310252281266777,0.43832236842105265,0.4622821675817617,0.4764309764309764,0.5525058761088786,0.5634946949602122,0.5466830466830467,0.5143516659975913,0.5308154410946713,0.6168154761904762,0.6476561413270274,0.6195788812067882,0.5939345142243693,0.5879934210526316,0.5729291000238721,0.569023569023569
0.0003,0.2,0.02,1.0,3,004|008,1,0.47275593260928767,0.4940010426757997,16,15,16,27,0.3221794675662976,0.5724953042434601,0.9649738744646311,0.46847569310106335,0.32838365362375044,0.6365902208408807,0.00042351914453320205,0.03925925925925926,0.481916748805823,0.4547413793103448,0.5174720174720174,0.5605178643115215,0.5596284347535877,0.4226190476190476,0.3979691194881068,0.42206159648020114,0.4677938808373591,0.484375,0.4763666746240153,0.4276094276094276,0.5479187201455759,0.5716180371352785,0.5500955500955501,0.524387796065837,0.5245299810879964,0.6294642857142857,0.6185143969954097,0.6128221244500314,0.5754159957058508,0.5682565789473684,0.5518023394604918,0.5951178451178452
0.0003,0.2,0.02,1.0,3,004|008,0,0.48695195995842183,0.49175150845466203,20,19,20,37,0.3233005093317363,0.5630313355252087,0.980739101395011,0.39313820263836535,0.23715080752503126,0.7435882938699797,0.0004619327373802662,0.043243243243243246,0.487413753885814,0.5018236074270557,0.5140595140595141,0.5976515455640306,0.6041828901991323,0.4427083333333333,0.4309361524551398,0.46951602765556255,0.4790660225442834,0.5028782894736843,0.48197660539508236,0.44107744107744107,0.5332474031389794,0.5250331564986738,0.549003549003549,0.5108390204737053,0.5096784959394816,0.6041666666666666,0.6185143969954097,0.5886235072281584,0.582662372517445,0.5629111842105263,0.567319169252805,0.6043771043771043
0.001,0.0,0.0,1.0,3,004|008,1,0.4523098937170358,0.4816572833960812,7,6,7,19,0.3699518140751681,0.5658286258271749,0.9557253676466644,0.4117462240974419,0.14961684588342905,0.8061085217632353,0.0002158247953047976,0.035789473684210524,0.5254757752672682,0.5134283819628647,0.512967512967513,0.5328181453231633,0.5101234842585383,0.46205357142857145,0.3751564890805397,0.41043368950345693,0.4594739667203435,0.46463815789473684,0.45094294581045596,0.484006734006734,0.5084919250890894,0.532659151193634,0.5546000546000547,0.5285026093938178,0.5443319612860162,0.5639880952380952,0.6413270274029768,0.6128221244500314,0.5837359098228663,0.5748355263157895,0.5983528288374313,0.5462962962962963
0.001,0.2,0.02,1.0,3,004|008,0,0.45224327122713515,0.4691858707087979,5,4,5,15,0.32507769422542526,0.5790575994786873,0.9211290272325278,0.5127388139255344,0.19894284509122373,0.722186182141304,0.0002503071154933423,0.050666666666666665,0.512207142315566,0.5339854111405835,0.44717444717444715,0.5410477719791249,0.5186895094003783,0.4337797619047619,0.42460703853108916,0.45301697045883094,0.4492753623188406,0.4214638157894737,0.4523752685605157,0.4629629629629629,0.5378345591022822,0.5336538461538461,0.5978705978705978,0.5344239261340827,0.5407164311936812,0.6078869047619048,0.6248435109194603,0.5876807039597738,0.5939345142243693,0.6180098684210527,0.5969205060873717,0.5749158249158249
0.001,0.0,0.0,1.0,3,004|008,0,0.4702648024843361,0.4787435010379276,14,13,14,24,0.4074862090426959,0.5643276041251769,0.8598097904026508,0.2167398008238524,0.13733862976543607,0.7224711606372147,0.0003081695467699319,0.03,0.5346500871938737,0.5344827586206897,0.4886704886704887,0.5216780409474107,0.44871509622872396,0.39211309523809523,0.3979691194881068,0.43463230672533,0.47396672034353193,0.4753289473684211,0.5101456194795895,0.4595959595959596,0.5254757752672682,0.5048076923076923,0.5563745563745564,0.5308109193095143,0.5760373790188008,0.6287202380952381,0.6240089024899151,0.5886235072281584,0.563070316693505,0.5641447368421053,0.5391501551682979,0.5707070707070707
0.001,0.2,0.02,1.0,3,004|008,1,0.4651138825025194,0.4992978572344334,5,3,5,15,0.3357680416422005,0.5594406427095685,0.919501625597477,0.5014663974894211,0.22982424294808879,0.6896773826493882,0.0002541691646911204,0.034666666666666665,0.4722875123208735,0.47828249336870027,0.5084630084630085,0.6466278602970694,0.5916119701857826,0.45238095238095233,0.4339268326610099,0.4850722815839095,0.5077831454643049,0.5279605263157895,0.52984005729291,0.44276094276094274,0.5649025703237547,0.5437665782493368,0.5500955500955501,0.4665796868727419,0.5073979308043164,0.5788690476190476,0.6265127277785506,0.5905091137649277,0.5848094471282878,0.5641447368421053,0.5405824779183577,0.5951178451178452
0.003,0.0,0.0,1.0,3,004|008,1,0.48850903005576085,0.5217532511655395,3,3,3,12,0.2898598012114895,0.5312943769041728,0.8664952677674591,0.4357031231559813,0.15943167405668646,0.7070635937107727,0.0003366128948982805,0.03166666666666667,0.6594510576995982,0.6122347480106101,0.5849030849030848,0.6366920915295062,0.5701969073311826,0.48958333333333337,0.43260536931423005,0.44626021370207414,0.4924852388620505,0.5250822368421053,0.5270947720219623,0.4957912457912458,0.48142391386761696,0.47795092838196285,0.5253890253890254,0.4930750702529104,0.5189120035599066,0.546875,0.6003616636528029,0.5828095537397863,0.5568974771873323,0.5275493421052632,0.5222010026259251,0.5420875420875421
0.003,0.2,0.02,1.0,3,004|008,0,0.47412663900146873,0.49502170497684295,3,3,3,13,0.3451197448116292,0.5572143083290226,0.8521135048940778,0.42198486139532176,0.18414155605249108,0.6679719488415867,0.00020881681120954454,0.04153846153846154,0.6177117294715293,0.549237400530504,0.49781599781599783,0.5664391810517865,0.5226944042718878,0.4337797619047619,0.4216163583252191,0.43368950345694535,0.44310252281266777,0.4634046052631579,0.5031033659584627,0.5033670033670034,0.4561756008795208,0.5029840848806366,0.5697515697515698,0.5285026093938178,0.5367115363221715,0.5974702380952381,0.6058561691473083,0.6011942174732873,0.5877616747181964,0.5826480263157895,0.5602769157316783,0.5572390572390572
0.003,0.2,0.02,1.0,3,004|008,1,0.4759540824382284,0.4957231966223412,10,8,10,11,0.3614639016607633,0.5947473706238301,0.8664763030782342,0.18463171876734122,0.18463171876734122,0.681844584310893,0.0002278658648720011,0.03090909090909091,0.6761316248388809,0.5394562334217506,0.41455091455091453,0.5080289040545966,0.4869840916675937,0.4174107142857143,0.4119488106829879,0.4366750471401634,0.46457326892109496,0.4753289473684211,0.4946287896872762,0.4351851851851852,0.536886799605732,0.5870358090185677,0.6315861315861315,0.573364110798876,0.5724218489264656,0.6398809523809523,0.642996244262067,0.6272784412319297,0.5848094471282878,0.5838815789473684,0.5617092384817379,0.5951178451178452
0.003,0.0,0.0,1.0,3,004|008,0,0.4558300400505726,0.49245159084547974,4,3,4,17,0.3811465134421459,0.5631299606033536,0.7837551045510918,0.3819556854572147,0.13256514206412248,0.6511899624869693,0.0003579609328880906,0.03058823529411765,0.7177193115475018,0.4811007957559682,0.45672945672945675,0.5539943797671618,0.5315385471131383,0.43154761904761907,0.45207956600361665,0.4841294783155249,0.4892646269457863,0.5513980263157895,0.5890427309620434,0.5429292929292929,0.4405944347562363,0.5711206896551724,0.5978705978705978,0.5598153352067443,0.5575703637779508,0.6205357142857143,0.6083599944359438,0.5856379635449402,0.5971551261406334,0.5472861842105263,0.5236333253759847,0.547979797979798
0.0001,0.0,0.0,1.0,4,009|011,0,0.8447990033734459,0.8508779202233848,10,9,10,23,0.5584717614937035,0.5833536738865356,0.9035926478367764,0.7633165451162495,0.6737736778147518,0.22981897002202456,0.00024564488558098674,0.034782608695652174,1.122250157133878,1.0898508825319537,0.9296946501372827,0.9375,0.8564875491480997,0.8719812164579606,0.7895622895622896,0.7360022396416573,0.709447697420478,0.6969696969696969,0.7554471882133222,0.6916023166023166,0.48166771422585375,0.5278454047474133,0.5694317330892753,0.5668859649122807,0.5804516584333098,0.5605992844364938,0.6071829405162739,0.6229003359462486,0.6185314131982909,0.6271645021645021,0.6043785017638514,0.6332046332046332
0.0001,0.0,0.0,1.0,4,009|011,1,0.8343469101383162,0.8475949081339245,10,10,10,23,0.5469197185618484,0.5853893385611993,0.993983808811754,0.7833405963517726,0.6788034898787737,0.31518031893298026,0.00022728748444933444,0.04,1.1667714225853762,1.1402921485088253,0.9393044346451451,0.9394188596491229,0.8629398124810969,0.851520572450805,0.7805836139169473,0.723124300111982,0.7347681595189113,0.729978354978355,0.8124092135297779,0.7234555984555985,0.47066834276136604,0.5022824102251978,0.5667276811714785,0.5633223684210527,0.5767718520012097,0.5838550983899822,0.6094276094276094,0.6385778275475924,0.6382338977686343,0.6347402597402597,0.593587881303175,0.646476833976834
0.0001,0.2,0.02,1.0,4,009|011,1,0.7944912966975911,0.8024012814354589,15,9,15,21,0.5669924779448013,0.6127061686954042,0.9454797940701246,0.669446810958907,0.6820977071672678,0.2633820869028568,0.00034415937261655927,0.04476190476190476,1.1034988476848941,1.0737218502738892,0.9418420833680007,0.8999451754385965,0.8784655711261217,0.8603533094812164,0.7328843995510663,0.6226203807390818,0.5630637759139104,0.5670995670995671,0.6727536833367919,0.6377895752895753,0.5215797192541378,0.5278454047474133,0.5743822281387803,0.5764802631578947,0.5694626474442988,0.5838550983899822,0.6391694725028059,0.6808510638297872,0.6987656274727014,0.6937229437229437,0.6352977796223283,0.6510617760617761
0.0001,0.2,0.02,1.0,4,009|011,0,0.7602421865201502,0.7761498970979737,14,8,14,25,0.5921956059646732,0.6251568266824075,0.9542145783174782,0.7045375758782029,0.6507053211424499,0.3035092571750283,0.00022690706828143448,0.0344,1.0409595642153782,1.0677115033475348,0.8522755636908228,0.8495065789473684,0.7996773868333502,0.7771690518783542,0.7188552188552189,0.6263997760358342,0.5533312232948251,0.5541125541125541,0.6764888981116415,0.6064189189189189,0.5287031217263776,0.5365946439440049,0.6117397454031117,0.5912828947368421,0.6015223308801291,0.623546511627907,0.6257014590347924,0.6676931690929451,0.6888748219655009,0.6920995670995671,0.6516912222452791,0.6824324324324325
0.0003,0.0,0.0,1.0,4,009|011,0,0.8159100400191859,0.8463569426308816,3,3,3,13,0.5622698934338506,0.5833331813924646,0.8731709262728691,0.7730730823986233,0.5401917922918801,0.332979133980989,0.00042129989014938474,0.04923076923076923,1.0584538026398491,1.0555386488131466,0.9136367418254431,0.9191337719298246,0.8619820546426051,0.8370974955277282,0.7833894500561167,0.7476203807390818,0.6997151448013926,0.6672077922077921,0.7882340734592239,0.6802606177606177,0.5203226482296249,0.5311929397443701,0.5778350944338131,0.5712719298245614,0.5694626474442988,0.5780411449016101,0.5886644219977554,0.6150615901455767,0.6015983541699637,0.623917748917749,0.596181780452376,0.6264478764478765
0.0003,0.0,0.0,1.0,4,009|011,1,0.8069676885930305,0.8426673122301469,3,3,3,14,0.5814798038422873,0.6025792661828826,0.9735227978229523,0.7646334876585752,0.4707235373929143,0.502799260430038,0.00021313634351827204,0.037142857142857144,1.1208883301906558,1.079123554473524,0.9410932689907646,0.8911732456140351,0.8289646133682831,0.789020572450805,0.6997755331088664,0.698488241881299,0.687054913752176,0.6455627705627707,0.7230753268312928,0.5793918918918919,0.4996857322438718,0.5372793670115642,0.5701805474665114,0.5756578947368421,0.5758645024700071,0.605098389982111,0.6296296296296295,0.6388577827547592,0.6353853457825606,0.6585497835497836,0.6334301722349035,0.6713320463320464
0.0003,0.2,0.02,1.0,4,009|011,0,0.7936242846874015,0.816370286297867,3,3,3,14,0.5921522972239094,0.6042256791859749,0.9291963393613696,0.7451400498487055,0.505030859047547,0.4241654803138226,0.00019267508469056338,0.047142857142857146,1.0686151267546617,1.0461807668898355,0.9089774523670855,0.8911732456140351,0.869240850892227,0.8218917710196779,0.7182940516273849,0.6142217245240762,0.6884791897452128,0.6179653679653679,0.6631043785017638,0.6153474903474904,0.502304630211607,0.5352251978088862,0.5778350944338131,0.5860745614035088,0.5841314648654098,0.5934704830053668,0.6296296296296295,0.6466965285554311,0.6410033233106504,0.6753246753246753,0.6233658435360033,0.6556467181467182
0.0003,0.2,0.02,1.0,4,009|011,1,0.7483540205227964,0.7755904899112257,3,3,3,13,0.6085681028434395,0.6183529366096346,0.9249778273701668,0.8117670866567641,0.4988815470226109,0.42609628034755587,0.00019401925965212286,0.055384615384615386,1.072595851665619,1.090535605599513,0.8957899991679841,0.8599232456140351,0.8372315757636859,0.7539132379248659,0.6459034792368126,0.5950447928331467,0.568760879886058,0.5752164502164502,0.6198381406930898,0.5977316602316602,0.4990571967316153,0.5238131466828971,0.5892337132872951,0.6016995614035088,0.5914406694223208,0.6177325581395349,0.6616161616161615,0.668952967525196,0.6621300838740307,0.6753246753246753,0.6535588296327038,0.6756756756756757
0.001,0.0,0.0,1.0,4,009|011,0,0.684861676095245,0.722239519892355,11,3,11,13,0.5766126713099514,0.6430108716218855,0.8235980610223487,0.271373644832056,0.22713825446000555,0.5964598065623431,0.0002839138323906809,0.047692307692307694,1.072072072072072,1.164561777236762,0.9593976204343124,0.7480811403508772,0.6678092549652183,0.6320438282647585,0.5336700336700336,0.5152575587905934,0.534973888273461,0.4956709956709957,0.5185723179082797,0.5207528957528957,0.5048187722606328,0.5103469263542301,0.5785839088110492,0.6389802631578947,0.6463857243673757,0.6642441860465116,0.7037037037037037,0.7046472564389697,0.6734451653742681,0.6964285714285714,0.6807428927163311,0.7138030888030888
0.001,0.0,0.0,1.0,4,009|011,1,0.71868516023699,0.7729317389975945,9,3,9,12,0.5608067400120563,0.6179794349092624,0.9238669237121939,0.2952709591970779,0.23418929580831901,0.6896776279038749,0.0002115702081937343,0.04,1.310077519379845,1.1651704199634814,0.8321823779016557,0.6880482456140351,0.63564875491481,0.7278622540250447,0.6481481481481481,0.5190369540873461,0.6068206994777654,0.6325757575757576,0.6218095040464826,0.5694980694980695,0.45170752147496335,0.4888161898965307,0.6315417256011315,0.6694078947368421,0.6693215041838896,0.6215339892665475,0.6200897867564534,0.6679731243001119,0.6522392783668302,0.6385281385281385,0.6240921352977796,0.6805019305019305
0.001,0.2,0.02,1.0,4,009|011,1,0.6644989986511546,0.7568809728947155,9,8,9,11,0.538377557089459,0.5988327778110883,0.8673278119042516,0.3190177074540406,0.29733216812368485,0.5699956437805667,0.00041832655551843345,0.04181818181818182,1.3318667504714017,1.1658551430310407,0.9081038355936434,0.7541118421052632,0.738330476862587,0.7501118067978534,0.6026936026936027,0.6283594624860023,0.6081658490267448,0.632034632034632,0.6579165802033616,0.7507239382239381,0.44290802430337317,0.5022824102251978,0.5808303519427573,0.6085526315789473,0.6189131968948482,0.5944767441860466,0.6509539842873177,0.6482362821948489,0.6382338977686343,0.6325757575757576,0.6278273500726291,0.6402027027027026
0.001,0.2,0.02,1.0,4,009|011,0,0.7546087522483291,0.7907765877727824,11,10,11,20,0.576237679541178,0.6081617390739064,0.8828675297833979,0.2832693479966838,0.12451165312202647,0.7583558766613714,0.00027104595210403204,0.021,1.7748795306934841,1.2038192331101643,0.8869290290373575,0.7003837719298246,0.5963302752293578,0.927772808586762,0.585297418630752,0.5557110862262038,0.6096692514638393,0.5324675324675325,0.5241751400705541,0.5989382239382239,0.35826524198617227,0.4934570906877663,0.582036775106082,0.6641995614035088,0.6830325637665087,0.5798300536672629,0.6520763187429854,0.6613941769316909,0.6424275993036873,0.6569264069264069,0.6505499066196306,0.6737451737451737
0.003,0.2,0.02,1.0,4,009|011,0,0.6693728355218317,0.8060752240523303,5,3,5,11,0.5832001937978537,0.629006119041501,0.8328625157033094,0.3827703411504626,0.2086751116369851,0.6241874040663242,0.00017869958537630737,0.03272727272727273,1.6234024722396814,1.0240413877054169,0.9157167817622098,0.7856359649122806,0.7373223107168061,0.8501788908765653,0.6447811447811448,0.6493561030235162,0.5984332964076595,0.6066017316017316,0.5323718613820294,0.4490830115830116,0.4125288078776451,0.5709068776628119,0.6087444878941676,0.6356907894736842,0.6537453372315758,0.598278175313059,0.6531986531986532,0.6560750279955208,0.6762145909162842,0.6888528138528138,0.6643494500933803,0.729488416988417
0.003,0.0,0.0,1.0,4,009|011,1,0.7314994803887807,0.8082240629504929,5,3,5,18,0.612119433553536,0.6164252774789989,0.8599829371832312,0.3270578715321608,0.12090405313996598,0.7390788840432652,0.00022177108621690422,0.02666666666666667,1.2732034359941335,1.1432592818015825,0.9275730094017804,0.8558114035087719,0.7583929831636254,0.761180679785331,0.6481481481481481,0.6744120940649496,0.6956005697103973,0.6461038961038961,0.6918447810749119,0.47128378378378377,0.49842866121935886,0.504260499087036,0.582785589483318,0.6104714912280702,0.6289948583526566,0.6399821109123435,0.6705948372615039,0.6520156774916013,0.6353853457825606,0.6569264069264069,0.6278273500726291,0.6894305019305019
0.003,0.0,0.0,1.0,4,009|011,0,0.7249856161102247,0.7791919853242424,4,3,4,22,0.5874831170638769,0.6289563001637294,0.7760443691338879,0.39175132745876906,0.12647755583864637,0.6495668132952415,0.0002950452908407897,0.028181818181818183,1.2119212235491306,1.0836883749239197,0.9578999916798403,0.7935855263157895,0.6569714688980745,0.7243962432915921,0.6363636363636364,0.6119820828667413,0.5671783510049059,0.5595238095238095,0.6209794563187383,0.40685328185328185,0.47580138277812695,0.5150639074863056,0.5743822281387803,0.6170504385964912,0.6628188325436032,0.6295840787119857,0.6588103254769921,0.6557950727883539,0.6664029118531413,0.670995670995671,0.6352977796223283,0.785472972972973
0.003,0.2,0.02,1.0,4,009|011,1,0.6339105362131936,0.7274585221550391,4,3,4,14,0.6128037206703235,0.6356568004941049,0.7984873207192869,0.37458217552280987,0.17896184407407417,0.6195254766452127,0.00039747293340042233,0.025714285714285714,1.2314058244290802,0.9498630553864882,0.8117563857226059,0.7283442982456141,0.6227946365561043,0.856216457960644,0.6307519640852974,0.5992441209406495,0.6617344516537427,0.6298701298701299,0.5789582901016809,0.397442084942085,0.5055520636915986,0.5675593426658552,0.6144437973209085,0.6392543859649122,0.656517794132473,0.5788237924865831,0.6632996632996633,0.6679731243001119,0.6438518752967242,0.6883116883116883,0.6568790205436812,0.745415057915058
0.0001,0.0,0.0,1.0,5,010|012,0,0.8163501563932917,0.823865413666424,27,27,27,39,0.37143747182643944,0.5636278316885384,0.9071557629853487,0.609734752215445,0.5227568857833831,0.38439887720196564,0.0004941073711961508,0.041025641025641026,0.9486925950340585,0.9951231212024304,0.9842723210374135,0.9994212962962963,0.9949322522138055,0.8896535358329378,0.7688172043010753,0.7114234449760766,0.7691328695061938,0.6398601398601399,0.59746238490905,0.532563025210084,0.48198198198198194,0.4748161176846818,0.48269517217208446,0.45601851851851855,0.459404672996906,0.5410536307546274,0.6085225009956192,0.6148325358851674,0.5666044459528254,0.6317016317016317,0.6938019312822816,0.7521008403361344
0.0001,0.0,0.0,1.0,5,010|012,1,0.8385871783314197,0.8484216784535535,29,26,29,39,0.35378815507389527,0.5457081469111399,0.9739562912285328,0.6164054632466286,0.4989602497649321,0.4749960414636007,0.000397903990233317,0.043076923076923075,0.9491320588881564,0.9739366805244642,0.9754227635152897,0.9832175925925926,1.0217646431238665,0.926079734219269,0.7849462365591398,0.7766148325358853,0.8303919904972,0.6923076923076923,0.6877386031888614,0.6197478991596639,0.48198198198198194,0.48800767508794374,0.47279418207307455,0.4618055555555555,0.448415662007895,0.5134076886568582,0.6047391477499005,0.5789473684210527,0.5354658068895299,0.6048951048951049,0.6637098585223444,0.694327731092437
0.0001,0.2,0.02,1.0,5,010|012,1,0.8481363647569985,0.8512579764312068,34,34,34,47,0.36259340946212054,0.53783731810594,1.0768172593880445,0.611031458415091,0.4772526958864182,0.5995645635016262,0.0002919064718298614,0.04978723404255319,0.9089211162381894,0.9758554525103933,0.9907999649522474,0.9496527777777778,0.9525232049503894,0.9215709539629806,0.7594583831142971,0.8292464114832536,0.8384524011539114,0.7645687645687645,0.6768470693914215,0.6848739495798319,0.506811689738519,0.49696194435561236,0.48269517217208446,0.48148148148148145,0.49338525552117785,0.49822021831988605,0.5792512943050577,0.5254186602870814,0.5203631427116918,0.5606060606060607,0.648663822142376,0.6601890756302521
0.0001,0.2,0.02,1.0,5,010|012,0,0.8081504960045364,0.8187930776140137,40,40,40,53,0.4132901839707708,0.5445922473935947,1.023124266983941,0.49015304900240153,0.40697559764608743,0.6161486693378537,0.00034246378345414996,0.04490566037735849,0.9491320588881564,1.0271826031339941,0.9709979847542276,0.9704861111111112,0.9214765816707564,0.8990270526815378,0.8066507367582636,0.7395334928229664,0.7108433734939759,0.701048951048951,0.568830002245677,0.5509453781512605,0.498681608437706,0.49272465622001915,0.48269517217208446,0.46296296296296297,0.4781820121625947,0.4989321309919316,0.5545599362803664,0.5565191387559809,0.5515017817749873,0.5681818181818182,0.6732539860768021,0.7169117647058824
0.0003,0.0,0.0,1.0,5,010|012,0,0.7963197919247035,0.8100867445887809,10,9,10,22,0.37843252424611434,0.5731528741175896,0.8969908034428954,0.6143231814482715,0.3300574997952208,0.5669333036476746,0.0002729528641793877,0.035454545454545454,0.9649527576356844,0.9908858330668372,0.9485674231139928,0.9554398148148149,0.9794622852875281,0.8620075937351686,0.7325766626841895,0.7171052631578947,0.7238248769726794,0.6101398601398602,0.5661351897597126,0.5929621848739496,0.46978686003076253,0.4875279820914614,0.4881713835100324,0.47685185185185186,0.48074255841246133,0.5447318462268629,0.6154918359219435,0.6091507177033493,0.5887493636517902,0.6655011655011656,0.7210869077026724,0.7300420168067226
0.0003,0.0,0.0,1.0,5,010|012,1,0.8238641499401281,0.8491837661843824,8,8,8,20,0.3766078124652086,0.5265847628188954,0.9636098342947662,0.6582741534430534,0.3178346559545025,0.6457751783402637,0.00029021527734585106,0.045,0.9744012304987915,0.9804924848097217,0.9373959519845789,0.9739583333333333,0.9347594153419396,0.8896535358329378,0.7779769016328156,0.8113038277511961,0.8525369081961649,0.7301864801864801,0.6959353245003368,0.6822478991596639,0.46978686003076253,0.4700991365526064,0.4871199509331464,0.4756944444444444,0.4940253920836445,0.5054579971523493,0.5669056152927121,0.5311004784688995,0.4921941286271848,0.5734265734265734,0.6213788457219851,0.631827731092437
0.001,0.0,0.0,1.0,5,010|012,0,0.8200679414902824,0.8491210440956047,3,3,3,14,0.4036109941125676,0.5610737106406655,0.8585157652571798,0.6216861103661359,0.18927148272283376,0.669244282534346,0.0002821264788508415,0.032857142857142856,0.9238628872775214,1.0126319155740326,0.9506702882677649,0.8969907407407407,0.9370532380241118,0.8962980541053631,0.8773397052966945,0.7822966507177034,0.7840658408281012,0.6777389277389277,0.5908376375477207,0.5110294117647058,0.48242144583608,0.4639430764310841,0.5058704985542802,0.5063657407407407,0.4946655286461112,0.5264594209776934,0.5569494225408204,0.5666866028708134,0.5656711352452062,0.6515151515151516,0.6896474286997529,0.7226890756302521
0.001,0.0,0.0,1.0,5,010|012,1,0.8292254538022031,0.8706026479421572,3,3,3,15,0.3704302734883836,0.5437650788253419,0.9378998169582338,0.6104486954864115,0.19661027732538058,0.7412895396328532,0.0003301458200439811,0.03866666666666667,0.8900241705119754,1.0282219379597057,1.0072285989660912,0.941550925925926,1.0327536541128775,0.9755576649264357,0.8857029072082836,0.8116028708133971,0.8141863227558119,0.7651515151515151,0.6878508870424433,0.5940126050420168,0.514502307185234,0.4908058842340902,0.5003942872163323,0.5011574074074074,0.46783313773605034,0.48943996203132417,0.5499800876144962,0.5460526315789473,0.5646529781096216,0.5932400932400932,0.6185717493824388,0.6885504201680672
0.0003,0.2,0.02,1.0,5,010|012,0,0.8313573297757207,0.8360982815861562,14,13,14,23,0.3796113638534065,0.5421642063122856,1.0047980887675658,0.4927267954230774,0.3263331873109564,0.6784649014566094,0.0002647500659804791,0.04521739130434783,1.1401889694572622,1.0558842340901822,0.9352930868308069,0.8790509259259259,0.8726661687826737,0.8583293782629331,0.7550776583034647,0.7676435406698564,0.7732054980485322,0.7424242424242424,0.6302492701549517,0.5814075630252101,0.44177103933201495,0.4663415414134954,0.4931218785595374,0.5162037037037037,0.4988797610156833,0.5214760322733745,0.5706889685384309,0.5604066985645934,0.543441371118276,0.5571095571095571,0.6364248821019538,0.7001050420168067
0.001,0.2,0.02,1.0,5,010|012,0,0.8081088137577371,0.833913431188309,7,6,7,16,0.41741154519303647,0.5499018698417705,0.9574685675418004,0.41774578544776886,0.21395155842543317,0.7435170091163672,0.00024759554071351886,0.03125,1.0548231157987256,0.9211704509114167,0.9129501445719793,0.8958333333333333,0.8865891390163235,0.8838395823445657,0.7218239745121465,0.8074162679425837,0.7841506872560665,0.7296037296037297,0.6468672804850663,0.5898109243697479,0.45363656339266095,0.5238247521586185,0.5097695610268991,0.5005787037037037,0.4953056652085778,0.511983863312767,0.5884109916367981,0.5358851674641149,0.5605803495672832,0.5705128205128205,0.6582079496968336,0.6901260504201681
0.001,0.2,0.02,1.0,5,010|012,1,0.8091258230037344,0.8394735480437225,8,3,8,14,0.3938300198131525,0.5506351455887685,1.0159942699503153,0.4094802513718605,0.26389917510095984,0.7520950948493554,0.0003674659237731248,0.03857142857142857,0.9450670182377501,0.9320434921650145,0.9184263559099273,0.8645833333333334,0.820921796649952,0.8567869008068344,0.7947033054559935,0.7362440191387559,0.7521635839131173,0.7855477855477856,0.7245677071637099,0.7431722689075629,0.4629751702922435,0.5011992324912056,0.514720056076404,0.5208333333333334,0.5208577829937053,0.532392026578073,0.5497809637594584,0.5651913875598087,0.5554895638893602,0.567016317016317,0.6391196945879183,0.678046218487395
0.0003,0.2,0.02,1.0,5,010|012,1,0.8293172386920218,0.8418400806431359,21,19,21,34,0.36260831783248587,0.5496366084914747,1.0649400915112346,0.3480803639988881,0.19704267562599853,0.8678974158852361,0.0003050321829505265,0.03705882352941176,0.8678312458800264,0.952270546850016,0.9853237536142996,0.954861111111111,0.8581030619865572,0.8349549121974371,0.7777777777777778,0.7936602870813396,0.7420668589852368,0.7960372960372961,0.7191780821917808,0.7830882352941176,0.5320808613491541,0.5021586184841701,0.48322088846052746,0.49189814814814814,0.541555531846794,0.5549359278595158,0.5844285145360414,0.5520334928229665,0.5575258781605295,0.553030303030303,0.6240736582079497,0.6186974789915967
0.003,0.0,0.0,1.0,5,010|012,0,0.8031242265264908,0.8392984453638155,4,3,4,14,0.3683245823221595,0.5132281707176087,0.8114029297977686,0.39082969511859117,0.14454754596808925,0.6668553838296793,0.00020961086556781083,0.02857142857142857,0.8490441661173368,0.9164534697793412,0.9665732059931658,0.9334490740740741,0.9231302677904619,0.8567869008068344,0.8562325766626843,0.8325358851674641,0.9059053113863906,0.9248251748251748,0.9065798338198967,0.8760504201680672,0.5265875631729291,0.5026383114806524,0.4787961096994655,0.46296296296296297,0.47882214872506135,0.5382059800664452,0.5151334129828753,0.5236244019138756,0.5032241642626846,0.5122377622377623,0.5392993487536493,0.5772058823529411
0.003,0.0,0.0,1.0,5,010|012,1,0.7909752308317411,0.8421250620050402,3,3,3,13,0.40015159760021213,0.5541887465463106,0.8646797941904515,0.4678921246761456,0.17587809280958028,0.6888017013808712,0.0001910462451633066,0.04153846153846154,0.923313557459899,0.8872721458266709,0.9614036624901429,0.9241898148148149,0.866264803158007,0.8656858092074039,0.7712066905615292,0.8074162679425837,0.76607839809944,0.7966200466200466,0.7343364024253313,0.773109243697479,0.48110305427378597,0.5327790214262872,0.5334706036975378,0.537037037037037,0.5441160780966606,0.550545799715235,0.5830346475507766,0.5630980861244019,0.5806889529950789,0.5501165501165501,0.5871322703795194,0.6071428571428572
0.003,0.2,0.02,1.0,5,010|012,0,0.7632779224389221,0.8397297428822036,3,3,3,14,0.46058975912165817,0.5784105268975231,0.9582996633295261,0.5867067198920995,0.2267074724426493,0.7315921908868768,0.0002924981527030468,0.04,0.954076027246759,0.9259673808762392,0.8757557171646368,0.8252314814814815,0.7546143177211139,0.7797816801139059,0.7813620071684588,0.6698564593301436,0.651450873918208,0.6835664335664335,0.6205928587469122,0.6370798319327731,0.49186991869918695,0.5082347297729454,0.5352668010163848,0.5538194444444444,0.5603328710124826,0.56656383483626,0.5629231381919554,0.5989832535885168,0.6068216528084167,0.6276223776223776,0.6583202335504155,0.6701680672268907
0.003,0.2,0.02,1.0,5,010|012,1,0.6953468970626683,0.7481702168503951,5,3,5,17,0.49657113816742043,0.5839388683771577,0.9462157372571528,0.3517471784329973,0.16749047138961032,0.7787252658675425,0.00035010179271921515,0.03058823529411765,0.8502526917161064,0.8561720498880716,0.770305791641111,0.8182870370370371,0.8072655499839966,0.8043426672994779,0.7106730386300278,0.6522129186602872,0.5912947564907517,0.6724941724941724,0.6150909499214012,0.5315126050420168,0.5036255767963085,0.5322993284298049,0.5600192762639096,0.5393518518518519,0.5645471033820548,0.5695301376364499,0.5744723217841498,0.5953947368421053,0.6238757848294587,0.5874125874125874,0.6419267909274646,0.7148109243697479
