pid,tau,k,l2sp,n_val,set_mae,set_acc,set_qwk,set_macro_f1,base_set_mae,base_set_acc,grad_norm,head_in,embed_fcd,adapt_steps
001,1.0,1,0.5,37,2.2432432432432434,0.24324324324324326,-0.6468842729970326,0.22803030303030303,1.7837837837837838,0.32432432432432434,0.0007423930801451206,76,1,2000
001,1.0,2,0.25,37,1.8108108108108107,0.24324324324324326,-0.2940664694623283,0.18379953379953382,1.7837837837837838,0.32432432432432434,0.001052996376529336,76,1,2000
001,1.0,3,0.16666666666666666,37,1.7837837837837838,0.24324324324324326,-0.2790449037776195,0.18379953379953382,1.7837837837837838,0.32432432432432434,6.333081546472386e-05,76,1,2000
001,1.0,4,0.125,37,1.7027027027027026,0.3783783783783784,-0.007032165646568611,0.25210727969348656,1.7837837837837838,0.32432432432432434,9.562080549585517e-08,76,1,2000
001,1.0,5,0.1,37,1.8918918918918919,0.2702702702702703,-0.06848964988499873,0.2276094276094276,1.7837837837837838,0.32432432432432434,4.7208655473696126e-07,76,1,2000
001,1.0,6,0.08333333333333333,37,1.945945945945946,0.2972972972972973,-0.046846011131725485,0.22727272727272724,1.7837837837837838,0.32432432432432434,1.0676421879907139e-07,76,1,2000
001,1.0,8,0.0625,37,2.0,0.24324324324324326,-0.04118050789293082,0.15786435786435787,1.7837837837837838,0.32432432432432434,1.2261766357823944e-07,76,1,2000
001,1.0,10,0.05,37,2.0,0.24324324324324326,-0.04118050789293082,0.15786435786435787,1.7837837837837838,0.32432432432432434,1.2891871392639587e-07,76,1,2000
001,1.0,12,0.041666666666666664,37,1.972972972972973,0.24324324324324326,-0.027180857242420586,0.1586111111111111,1.7837837837837838,0.32432432432432434,1.2397269699704339e-07,76,1,2000
001,1.0,14,0.03571428571428571,37,1.972972972972973,0.24324324324324326,-0.027180857242420586,0.1586111111111111,1.7837837837837838,0.32432432432432434,1.4416515625725879e-07,76,1,2000
001,1.0,16,0.03125,37,1.972972972972973,0.24324324324324326,-0.027180857242420586,0.1586111111111111,1.7837837837837838,0.32432432432432434,1.6647641132294666e-07,76,1,2000
001,1.0,20,0.025,37,1.945945945945946,0.2702702702702703,-0.029941520467836158,0.1960714285714286,1.7837837837837838,0.32432432432432434,1.5371600170510646e-07,76,1,2000
001,1.0,25,0.02,37,1.8918918918918919,0.2972972972972973,-0.13158571061423818,0.2571428571428571,1.7837837837837838,0.32432432432432434,1.3872760007416218e-07,76,1,2000
001,1.0,30,0.016666666666666666,37,1.8918918918918919,0.2972972972972973,-0.08421571041615361,0.22408602150537638,1.7837837837837838,0.32432432432432434,1.5087483973275084e-07,76,1,2000
001,1.0,40,0.0125,37,1.9189189189189189,0.2972972972972973,-0.09991365486616499,0.2512820512820513,1.7837837837837838,0.32432432432432434,6.592648560399539e-07,76,1,2000
001,1.0,50,0.01,37,1.8108108108108107,0.2702702702702703,-0.05160445317616236,0.21150997150997153,1.7837837837837838,0.32432432432432434,1.150757157120097e-06,76,1,2000
001,1.0,60,0.008333333333333333,37,1.0810810810810811,0.4864864864864865,0.3831590844871432,0.3999749820183257,1.7837837837837838,0.32432432432432434,1.045085582518368e-06,76,1,2000
001,1.0,75,0.006666666666666667,37,1.837837837837838,0.35135135135135137,-0.049132241505744245,0.22867647058823531,1.7837837837837838,0.32432432432432434,3.6290002753958106e-06,76,1,2000
002,1.0,1,0.5,28,1.1785714285714286,0.42857142857142855,0.3264311814859927,0.16,1.7142857142857142,0.14285714285714285,1.0079173762278515e-07,76,1,2000
002,1.0,2,0.25,28,1.9642857142857142,0.32142857142857145,-0.26506024096385516,0.1284178187403994,1.7142857142857142,0.14285714285714285,0.0003067452344112098,76,1,2000
002,1.0,3,0.16666666666666666,28,1.1785714285714286,0.25,0.2625607779578606,0.16499999999999998,1.7142857142857142,0.14285714285714285,0.00014332460705190897,76,1,2000
002,1.0,4,0.125,28,1.3214285714285714,0.21428571428571427,0.11519999999999997,0.143030303030303,1.7142857142857142,0.14285714285714285,1.5152376420246583e-07,76,1,2000
002,1.0,5,0.1,28,1.25,0.2857142857142857,0.14791987673343598,0.17066666666666666,1.7142857142857142,0.14285714285714285,2.8681739649982774e-07,76,1,2000
002,1.0,6,0.08333333333333333,28,1.25,0.2857142857142857,0.14791987673343598,0.17066666666666666,1.7142857142857142,0.14285714285714285,2.1836763153260108e-07,76,1,2000
002,1.0,8,0.0625,28,0.8928571428571429,0.5714285714285714,0.4174372523117569,0.2583333333333333,1.7142857142857142,0.14285714285714285,2.477405871559313e-07,76,1,2000
002,1.0,10,0.05,28,0.9642857142857143,0.5714285714285714,0.3740554156171285,0.24705882352941178,1.7142857142857142,0.14285714285714285,9.459327543481777e-08,76,1,2000
002,1.0,12,0.041666666666666664,28,0.9642857142857143,0.5714285714285714,0.3740554156171285,0.24705882352941178,1.7142857142857142,0.14285714285714285,1.0496501801071645e-07,76,1,2000
002,1.0,14,0.03571428571428571,28,0.8928571428571429,0.5714285714285714,0.4417721518987342,0.2583333333333333,1.7142857142857142,0.14285714285714285,1.0277084072640719e-07,76,1,2000
002,1.0,16,0.03125,28,1.0,0.4642857142857143,0.3884844473858372,0.22988505747126436,1.7142857142857142,0.14285714285714285,9.736114492397974e-08,76,1,2000
002,1.0,20,0.025,28,1.3214285714285714,0.32142857142857145,0.11756373937677056,0.17142857142857143,1.7142857142857142,0.14285714285714285,1.1314364201098215e-07,76,1,2000
002,1.0,25,0.02,28,1.3571428571428572,0.32142857142857145,0.09103740296400853,0.17142857142857143,1.7142857142857142,0.14285714285714285,1.0389866389459712e-07,76,1,2000
002,1.0,30,0.016666666666666666,28,1.2142857142857142,0.42857142857142855,0.187035786630655,0.2032258064516129,1.7142857142857142,0.14285714285714285,1.0535832473124174e-07,76,1,2000
002,1.0,40,0.0125,28,1.1071428571428572,0.4642857142857143,0.3272506082725062,0.267921146953405,1.7142857142857142,0.14285714285714285,1.621468186385755e-07,76,1,2000
002,1.0,50,0.01,28,0.9642857142857143,0.5357142857142857,0.3916876574307304,0.22745098039215686,1.7142857142857142,0.14285714285714285,1.0889372958899912e-07,76,1,2000
002,1.0,60,0.008333333333333333,28,1.0357142857142858,0.5,0.30852503382949936,0.4279918864097363,1.7142857142857142,0.14285714285714285,1.0571292818895017e-07,76,1,2000
003,1.0,1,0.5,37,2.189189189189189,0.08108108108108109,-0.43563696919233985,0.09010989010989011,1.5945945945945945,0.1891891891891892,2.2381348685485136e-07,76,1,2000
003,1.0,2,0.25,37,1.3783783783783783,0.2972972972972973,0.39711607786589753,0.17142857142857143,1.5945945945945945,0.1891891891891892,0.00014233474212232977,76,1,2000
003,1.0,3,0.16666666666666666,37,1.3783783783783783,0.2972972972972973,0.39711607786589753,0.17142857142857143,1.5945945945945945,0.1891891891891892,1.0449868170780974e-07,76,1,2000
003,1.0,4,0.125,37,0.972972972972973,0.43243243243243246,0.653680748798381,0.2845117845117845,1.5945945945945945,0.1891891891891892,2.5256855224142782e-05,76,1,2000
003,1.0,5,0.1,37,0.9459459459459459,0.4594594594594595,0.6530507385998716,0.32051282051282054,1.5945945945945945,0.1891891891891892,5.260911848381511e-07,76,1,2000
003,1.0,6,0.08333333333333333,37,0.8108108108108109,0.5135135135135135,0.7222917187890918,0.3538461538461538,1.5945945945945945,0.1891891891891892,1.0703844964154996e-05,76,1,2000
003,1.0,8,0.0625,37,0.8918918918918919,0.4594594594594595,0.7122173028598779,0.2652037617554859,1.5945945945945945,0.1891891891891892,1.9768554921029136e-05,76,1,2000
003,1.0,10,0.05,37,0.8918918918918919,0.4594594594594595,0.7122173028598779,0.2652037617554859,1.5945945945945945,0.1891891891891892,1.3173509216812818e-07,76,1,2000
003,1.0,12,0.041666666666666664,37,0.8918918918918919,0.4594594594594595,0.7165586328815557,0.25967016491754125,1.5945945945945945,0.1891891891891892,8.793437018539407e-07,76,1,2000
003,1.0,14,0.03571428571428571,37,0.8918918918918919,0.4594594594594595,0.7165586328815557,0.25967016491754125,1.5945945945945945,0.1891891891891892,2.794215845369763e-07,76,1,2000
003,1.0,16,0.03125,37,0.8918918918918919,0.4594594594594595,0.7165586328815557,0.25967016491754125,1.5945945945945945,0.1891891891891892,2.275614292557293e-07,76,1,2000
003,1.0,20,0.025,37,0.9459459459459459,0.40540540540540543,0.6992599781632901,0.24025764895330112,1.5945945945945945,0.1891891891891892,2.6872032776736887e-06,76,1,2000
003,1.0,25,0.02,37,0.9459459459459459,0.3783783783783784,0.6994125734283214,0.23373913043478262,1.5945945945945945,0.1891891891891892,1.954616664079367e-06,76,1,2000
003,1.0,30,0.016666666666666666,37,0.8378378378378378,0.35135135135135137,0.77069274204655,0.2838095238095238,1.5945945945945945,0.1891891891891892,2.3180971766123548e-05,76,1,2000
003,1.0,40,0.0125,37,0.7567567567567568,0.40540540540540543,0.7915492957746478,0.3378117534639274,1.5945945945945945,0.1891891891891892,7.145510608097538e-06,76,1,2000
003,1.0,50,0.01,37,0.6756756756756757,0.43243243243243246,0.8245437562868229,0.3749050949050949,1.5945945945945945,0.1891891891891892,3.0506218536174856e-05,76,1,2000
003,1.0,60,0.008333333333333333,37,0.6756756756756757,0.43243243243243246,0.8281975517095821,0.3573593073593074,1.5945945945945945,0.1891891891891892,7.032282155705616e-05,76,1,2000
003,1.0,75,0.006666666666666667,37,0.6216216216216216,0.43243243243243246,0.8371107125387249,0.39206880076445294,1.5945945945945945,0.1891891891891892,0.00015821377746760845,76,1,2000
004,1.0,1,0.5,34,1.0588235294117647,0.5,0.16327496450544243,0.3539069626026148,1.1470588235294117,0.47058823529411764,1.3180671885493211e-05,76,1,2000
004,1.0,2,0.25,34,0.5294117647058824,0.5882352941176471,0.4693422519509476,0.458128078817734,1.1470588235294117,0.47058823529411764,1.858421637734864e-05,76,1,2000
004,1.0,3,0.16666666666666666,34,0.7058823529411765,0.5,0.2573599240265907,0.3068100358422939,1.1470588235294117,0.47058823529411764,5.96999214508287e-08,76,1,2000
004,1.0,4,0.125,34,0.6764705882352942,0.5294117647058824,0.3000914913083257,0.3433667781493869,1.1470588235294117,0.47058823529411764,6.587108458688817e-08,76,1,2000
004,1.0,5,0.1,34,0.5,0.6176470588235294,0.48383937316356507,0.39316770186335404,1.1470588235294117,0.47058823529411764,9.109058396461478e-08,76,1,2000
004,1.0,6,0.08333333333333333,34,0.5,0.5882352941176471,0.41656804733727804,0.3596190476190476,1.1470588235294117,0.47058823529411764,8.330761147590238e-08,76,1,2000
004,1.0,8,0.0625,34,0.4411764705882353,0.5882352941176471,0.5405405405405406,0.38944379161770465,1.1470588235294117,0.47058823529411764,6.96373305686393e-08,76,1,2000
004,1.0,10,0.05,34,0.35294117647058826,0.6764705882352942,0.43333333333333335,0.6905797101449277,1.1470588235294117,0.47058823529411764,6.658673612491839e-08,76,1,2000
004,1.0,12,0.041666666666666664,34,0.3235294117647059,0.7058823529411765,0.6716196136701338,0.5480072463768116,1.1470588235294117,0.47058823529411764,9.467539285878956e-08,76,1,2000
004,1.0,14,0.03571428571428571,34,0.2647058823529412,0.7647058823529411,0.7332382310984308,0.58994708994709,1.1470588235294117,0.47058823529411764,1.1540760169737041e-07,76,1,2000
004,1.0,16,0.03125,34,0.2647058823529412,0.7647058823529411,0.7332382310984308,0.58994708994709,1.1470588235294117,0.47058823529411764,9.782546328551689e-08,76,1,2000
004,1.0,20,0.025,34,0.3235294117647059,0.7352941176470589,0.6808510638297872,0.5601851851851851,1.1470588235294117,0.47058823529411764,7.718822558899774e-08,76,1,2000
004,1.0,25,0.02,34,0.23529411764705882,0.7647058823529411,0.5211267605633803,0.7571428571428571,1.1470588235294117,0.47058823529411764,8.289266162364584e-08,76,1,2000
004,1.0,30,0.016666666666666666,34,0.14705882352941177,0.8529411764705882,0.7058823529411764,0.8528138528138528,1.1470588235294117,0.47058823529411764,7.599202689334561e-08,76,1,2000
004,1.0,40,0.0125,34,0.20588235294117646,0.7941176470588235,0.5882352941176471,0.793939393939394,1.1470588235294117,0.47058823529411764,1.4965209516049072e-07,76,1,2000
004,1.0,50,0.01,34,0.14705882352941177,0.8529411764705882,0.7578347578347578,0.8986175115207372,1.1470588235294117,0.47058823529411764,1.2959875448359526e-06,76,1,2000
004,1.0,60,0.008333333333333333,34,0.17647058823529413,0.8235294117647058,0.7110481586402266,0.8786764705882352,1.1470588235294117,0.47058823529411764,1.7212454622494988e-05,76,1,2000
004,1.0,75,0.006666666666666667,34,0.14705882352941177,0.8529411764705882,0.7578347578347578,0.8986175115207372,1.1470588235294117,0.47058823529411764,2.6179370252066292e-05,76,1,2000
005,1.0,1,0.5,36,1.5555555555555556,0.25,0.1297242083758937,0.26956521739130435,2.0555555555555554,0.19444444444444445,1.1527733079219615e-07,76,1,2000
005,1.0,2,0.25,36,1.1944444444444444,0.3888888888888889,0.276416539050536,0.3615584415584415,2.0555555555555554,0.19444444444444445,1.344411799664158e-07,76,1,2000
005,1.0,3,0.16666666666666666,36,1.1111111111111112,0.3888888888888889,0.3051869722557299,0.36746880570409984,2.0555555555555554,0.19444444444444445,2.449125713610556e-05,76,1,2000
005,1.0,4,0.125,36,1.0277777777777777,0.3333333333333333,0.3070175438596491,0.2579393939393939,2.0555555555555554,0.19444444444444445,1.3944318766334618e-07,76,1,2000
005,1.0,5,0.1,36,1.0277777777777777,0.3611111111111111,0.3103122043519394,0.3251897860593513,2.0555555555555554,0.19444444444444445,1.3251938923986017e-07,76,1,2000
005,1.0,6,0.08333333333333333,36,0.9444444444444444,0.3333333333333333,0.37455288707204915,0.26953748006379585,2.0555555555555554,0.19444444444444445,1.6059091478837217e-07,76,1,2000
005,1.0,8,0.0625,36,1.2777777777777777,0.3611111111111111,0.08535132989281446,0.30424242424242426,2.0555555555555554,0.19444444444444445,1.3282377153700509e-07,76,1,2000
005,1.0,10,0.05,36,1.1666666666666667,0.3888888888888889,0.10644391408114551,0.32666666666666666,2.0555555555555554,0.19444444444444445,1.3189004732794274e-07,76,1,2000
005,1.0,12,0.041666666666666664,36,0.9722222222222222,0.3888888888888889,0.4250788643533123,0.3425051429628089,2.0555555555555554,0.19444444444444445,1.1308814151789193e-07,76,1,2000
005,1.0,14,0.03571428571428571,36,0.7777777777777778,0.5277777777777778,0.5161290322580645,0.41497835497835495,2.0555555555555554,0.19444444444444445,1.3219714389833825e-07,76,1,2000
005,1.0,16,0.03125,36,0.75,0.5555555555555556,0.49140049140049147,0.4352380952380953,2.0555555555555554,0.19444444444444445,1.3861551906302338e-07,76,1,2000
005,1.0,20,0.025,36,0.5833333333333334,0.6111111111111112,0.5523809523809524,0.5411490683229814,2.0555555555555554,0.19444444444444445,1.0927898586032825e-07,76,1,2000
005,1.0,25,0.02,36,0.6944444444444444,0.5,0.5552325581395349,0.42115288220551383,2.0555555555555554,0.19444444444444445,1.4288382033100788e-07,76,1,2000
005,1.0,30,0.016666666666666666,36,0.6666666666666666,0.5555555555555556,0.5130260521042085,0.4609523809523809,2.0555555555555554,0.19444444444444445,1.47529419791681e-07,76,1,2000
005,1.0,40,0.0125,36,0.3888888888888889,0.6666666666666666,0.8294647086688773,0.5411640211640212,2.0555555555555554,0.19444444444444445,1.4655486779702187e-07,76,1,2000
005,1.0,50,0.01,36,0.4722222222222222,0.6111111111111112,0.8060344827586207,0.4835282651072125,2.0555555555555554,0.19444444444444445,2.545338020354393e-07,76,1,2000
005,1.0,60,0.008333333333333333,36,0.3333333333333333,0.7222222222222222,0.851716247139588,0.6855089355089354,2.0555555555555554,0.19444444444444445,8.261790753749665e-06,76,1,2000
005,1.0,75,0.006666666666666667,36,0.19444444444444445,0.8611111111111112,0.8869565217391304,0.7624521072796935,2.0555555555555554,0.19444444444444445,2.6368394173914567e-05,76,1,2000
006,1.0,1,0.5,35,0.7142857142857143,0.5142857142857142,0.08602150537634401,0.2504559270516717,0.6285714285714286,0.6,6.0610844229813665e-05,76,1,2000
006,1.0,2,0.25,35,0.3142857142857143,0.7714285714285715,0.6413502109704641,0.6901771336553946,0.6285714285714286,0.6,2.3212955966300797e-06,76,1,2000
006,1.0,3,0.16666666666666666,35,0.34285714285714286,0.7714285714285715,0.5717463848720801,0.5319185645272602,0.6285714285714286,0.6,1.3572648072113225e-07,76,1,2000
006,1.0,4,0.125,35,0.34285714285714286,0.7714285714285715,0.5717463848720801,0.5319185645272602,0.6285714285714286,0.6,1.2976076391169045e-07,76,1,2000
006,1.0,5,0.1,35,1.0285714285714285,0.5428571428571428,0.07043879907621242,0.42251461988304095,0.6285714285714286,0.6,1.7641082195041236e-07,76,1,2000
006,1.0,6,0.08333333333333333,35,0.9714285714285714,0.5428571428571428,0.09609609609609615,0.42598684210526316,0.6285714285714286,0.6,1.8339329699301743e-07,76,1,2000
006,1.0,8,0.0625,35,1.0285714285714285,0.4857142857142857,0.030837004405286472,0.3833333333333333,0.6285714285714286,0.6,1.330367354057671e-07,76,1,2000
006,1.0,10,0.05,35,1.3714285714285714,0.45714285714285713,-0.046669687358405154,0.3275039745627981,0.6285714285714286,0.6,1.378399190343771e-07,76,1,2000
006,1.0,12,0.041666666666666664,35,1.4857142857142858,0.37142857142857144,-0.09423849933005801,0.30000000000000004,0.6285714285714286,0.6,1.522574706314117e-07,76,1,2000
006,1.0,14,0.03571428571428571,35,1.4857142857142858,0.4,-0.07762359063313085,0.3058823529411765,0.6285714285714286,0.6,1.9254351002473413e-07,76,1,2000
006,1.0,16,0.03125,35,1.5142857142857142,0.37142857142857144,-0.05390608549168241,0.2875,0.6285714285714286,0.6,1.894940595548178e-07,76,1,2000
006,1.0,20,0.025,35,1.5714285714285714,0.37142857142857144,-0.03892274425004927,0.3946078431372549,0.6285714285714286,0.6,1.5769589367664594e-07,76,1,2000
006,1.0,25,0.02,35,1.3142857142857143,0.3142857142857143,-0.012861736334405016,0.23026315789473684,0.6285714285714286,0.6,1.7016259334923234e-07,76,1,2000
006,1.0,30,0.016666666666666666,35,1.1142857142857143,0.37142857142857144,-0.09414301113905865,0.3472222222222222,0.6285714285714286,0.6,1.7884778458210349e-07,76,1,2000
006,1.0,40,0.0125,35,1.1428571428571428,0.4,-0.1004784688995215,0.34447174447174445,0.6285714285714286,0.6,1.6688287018951087e-07,76,1,2000
006,1.0,50,0.01,35,0.8285714285714286,0.5428571428571428,0.15610952186350624,0.36428571428571427,0.6285714285714286,0.6,1.3122917152941227e-07,76,1,2000
006,1.0,60,0.008333333333333333,35,0.4857142857142857,0.7428571428571429,0.5129748025573524,0.40384615384615385,0.6285714285714286,0.6,3.365630902862904e-07,76,1,2000
006,1.0,75,0.006666666666666667,35,0.42857142857142855,0.7142857142857143,0.5229681978798586,0.4963585434173669,0.6285714285714286,0.6,3.7561636645477847e-07,76,1,2000
007,1.0,1,0.5,41,1.0975609756097562,0.4878048780487805,0.4301192951734706,0.3124452782989368,2.5365853658536586,0.0975609756097561,0.0004518360074143857,76,1,2000
007,1.0,2,0.25,41,0.8048780487804879,0.6585365853658537,0.55263431362361,0.3556043956043956,2.5365853658536586,0.0975609756097561,9.149369725491852e-05,76,1,2000
007,1.0,3,0.16666666666666666,41,0.8048780487804879,0.6585365853658537,0.5487894350696991,0.41703296703296705,2.5365853658536586,0.0975609756097561,5.54014986846596e-05,76,1,2000
007,1.0,4,0.125,41,0.8048780487804879,0.6585365853658537,0.5487894350696991,0.41703296703296705,2.5365853658536586,0.0975609756097561,0.00013899138139095157,76,1,2000
007,1.0,5,0.1,41,0.8048780487804879,0.6585365853658537,0.5487894350696991,0.41703296703296705,2.5365853658536586,0.0975609756097561,1.2770220791935571e-07,76,1,2000
007,1.0,6,0.08333333333333333,41,0.6829268292682927,0.6829268292682927,0.6366322008862629,0.4288240495137047,2.5365853658536586,0.0975609756097561,1.5455617585757864e-07,76,1,2000
007,1.0,8,0.0625,41,0.6097560975609756,0.7073170731707317,0.6676035023240731,0.41723259762308995,2.5365853658536586,0.0975609756097561,4.1054772736970335e-06,76,1,2000
007,1.0,10,0.05,41,0.5365853658536586,0.7560975609756098,0.7009793707022296,0.6601503759398497,2.5365853658536586,0.0975609756097561,1.9584143956308253e-05,76,1,2000
007,1.0,12,0.041666666666666664,41,0.5365853658536586,0.7560975609756098,0.7009793707022296,0.6601503759398497,2.5365853658536586,0.0975609756097561,1.1783075024140999e-05,76,1,2000
007,1.0,14,0.03571428571428571,41,0.5853658536585366,0.7073170731707317,0.6937123884623366,0.472538055296676,2.5365853658536586,0.0975609756097561,1.6881837439086667e-07,76,1,2000
007,1.0,16,0.03125,41,0.5609756097560976,0.7317073170731707,0.6934175882043181,0.4876447876447877,2.5365853658536586,0.0975609756097561,1.5132870601064496e-07,76,1,2000
007,1.0,20,0.025,41,1.5121951219512195,0.4878048780487805,0.09190643759056105,0.27434343434343433,2.5365853658536586,0.0975609756097561,1.3572874024703196e-07,76,1,2000
007,1.0,25,0.02,41,1.9268292682926829,0.3170731707317073,-0.12770920400427666,0.2208976157082749,2.5365853658536586,0.0975609756097561,1.234983812992141e-07,76,1,2000
007,1.0,30,0.016666666666666666,41,1.0731707317073171,0.5365853658536586,0.38778694004903047,0.3234524847428073,2.5365853658536586,0.0975609756097561,1.910092777279715e-07,76,1,2000
007,1.0,40,0.0125,41,1.2195121951219512,0.5365853658536586,0.2807017543859648,0.3558823529411765,2.5365853658536586,0.0975609756097561,3.477867096535192e-07,76,1,2000
007,1.0,50,0.01,41,1.2195121951219512,0.5365853658536586,0.3138413073439653,0.500768049155146,2.5365853658536586,0.0975609756097561,2.195814801098095e-07,76,1,2000
007,1.0,60,0.008333333333333333,41,0.7073170731707317,0.6829268292682927,0.620488819552782,0.6032258064516128,2.5365853658536586,0.0975609756097561,2.1871494482184062e-07,76,1,2000
007,1.0,75,0.006666666666666667,41,0.5853658536585366,0.7073170731707317,0.7400576368876081,0.6813186813186812,2.5365853658536586,0.0975609756097561,2.6905574941338273e-06,76,1,2000
007,1.0,90,0.005555555555555556,41,0.5365853658536586,0.7073170731707317,0.7489442567567568,0.6207010582010581,2.5365853658536586,0.0975609756097561,3.118849781458266e-05,76,1,2000
008,1.0,1,0.5,38,0.9736842105263158,0.3157894736842105,0.07490636704119846,0.21676841676841677,1.368421052631579,0.34210526315789475,4.078267465956742e-06,76,1,2000
008,1.0,2,0.25,38,0.9736842105263158,0.3684210526315789,0.05886575735821975,0.24395604395604395,1.368421052631579,0.34210526315789475,1.7244898117496632e-05,76,1,2000
008,1.0,3,0.16666666666666666,38,1.131578947368421,0.2631578947368421,0.0259571706683972,0.19001782531194297,1.368421052631579,0.34210526315789475,1.283353441294821e-07,76,1,2000
008,1.0,4,0.125,38,1.0,0.2631578947368421,0.07550335570469802,0.24430014430014432,1.368421052631579,0.34210526315789475,1.341238089480612e-07,76,1,2000
008,1.0,5,0.1,38,0.8157894736842105,0.2631578947368421,0.03830369357045138,0.18215811965811968,1.368421052631579,0.34210526315789475,8.233082127162561e-08,76,1,2000
008,1.0,6,0.08333333333333333,38,0.6578947368421053,0.39473684210526316,0.1127214170692431,0.27505827505827507,1.368421052631579,0.34210526315789475,8.141452667587146e-08,76,1,2000
008,1.0,8,0.0625,38,0.7368421052631579,0.34210526315789475,0.10773480662983437,0.2445175438596491,1.368421052631579,0.34210526315789475,1.1613375505703516e-07,76,1,2000
008,1.0,10,0.05,38,0.868421052631579,0.23684210526315788,0.05575757575757567,0.17060810810810811,1.368421052631579,0.34210526315789475,1.222484655727385e-07,76,1,2000
008,1.0,12,0.041666666666666664,38,0.868421052631579,0.23684210526315788,0.11577752553915999,0.2344521941296135,1.368421052631579,0.34210526315789475,1.065298818048177e-07,76,1,2000
008,1.0,14,0.03571428571428571,38,0.9473684210526315,0.2631578947368421,0.06792452830188678,0.24305555555555555,1.368421052631579,0.34210526315789475,1.0836630082167176e-07,76,1,2000
008,1.0,16,0.03125,38,1.0,0.23684210526315788,0.04659498207885293,0.21929280397022333,1.368421052631579,0.34210526315789475,3.0815610330137133e-07,76,1,2000
008,1.0,20,0.025,38,1.0263157894736843,0.23684210526315788,0.036113499570077257,0.21966205837173577,1.368421052631579,0.34210526315789475,2.744477797023137e-06,76,1,2000
008,1.0,25,0.02,38,0.9473684210526315,0.3157894736842105,0.06338028169014087,0.288515406162465,1.368421052631579,0.34210526315789475,6.546372333104955e-07,76,1,2000
008,1.0,30,0.016666666666666666,38,0.7894736842105263,0.42105263157894735,0.1312127236580517,0.3672964462438147,1.368421052631579,0.34210526315789475,1.4920088915459928e-06,76,1,2000
008,1.0,40,0.0125,38,0.7631578947368421,0.4473684210526316,0.14242728184553677,0.3864957264957265,1.368421052631579,0.34210526315789475,5.30453974079137e-07,76,1,2000
008,1.0,50,0.01,38,0.6052631578947368,0.4473684210526316,0.28251748251748254,0.4110835401157982,1.368421052631579,0.34210526315789475,6.461257839873724e-07,76,1,2000
008,1.0,60,0.008333333333333333,38,0.6578947368421053,0.3684210526315789,0.2618705035971224,0.3772486772486772,1.368421052631579,0.34210526315789475,1.1116055702586891e-06,76,1,2000
008,1.0,75,0.006666666666666667,38,0.631578947368421,0.3684210526315789,0.2524590163934427,0.45931495405179606,1.368421052631579,0.34210526315789475,1.4030582633495214e-06,76,1,2000
009,1.0,1,0.5,40,0.45,0.725,0.8329078672545834,0.38476190476190475,0.65,0.725,0.00022297441319096833,76,1,2000
009,1.0,2,0.25,40,0.65,0.75,0.6448598130841122,0.37920997920997923,0.65,0.725,1.6573872017033864e-06,76,1,2000
009,1.0,3,0.16666666666666666,40,0.625,0.75,0.6669793621013134,0.37920997920997923,0.65,0.725,3.7212969346001046e-06,76,1,2000
009,1.0,4,0.125,40,0.725,0.7,0.6150190114068441,0.36850763807285547,0.65,0.725,2.284273796249181e-05,76,1,2000
009,1.0,5,0.1,40,0.65,0.725,0.6888504753673294,0.41935649935649943,0.65,0.725,0.00010483365622349083,76,1,2000
009,1.0,6,0.08333333333333333,40,0.7,0.7,0.6626297577854672,0.4079279279279279,0.65,0.725,2.2623298718826845e-06,76,1,2000
009,1.0,8,0.0625,40,0.725,0.7,0.6359550561797753,0.3967923967923968,0.65,0.725,6.753769412171096e-06,76,1,2000
009,1.0,10,0.05,40,0.4,0.8,0.8599066044029353,0.35015015015015016,0.65,0.725,2.477872158124228e-06,76,1,2000
009,1.0,12,0.041666666666666664,40,0.425,0.8,0.8495486459378134,0.35015015015015016,0.65,0.725,9.245460574902609e-08,76,1,2000
009,1.0,14,0.03571428571428571,40,0.5,0.775,0.8092643051771117,0.5083947583947583,0.65,0.725,5.068761410598199e-08,76,1,2000
009,1.0,16,0.03125,40,0.225,0.875,0.9250081512879035,0.4611919611919612,0.65,0.725,8.567828757577445e-08,76,1,2000
009,1.0,20,0.025,40,0.75,0.55,0.6816479400749065,0.30613305613305614,0.65,0.725,8.024230169212387e-08,76,1,2000
009,1.0,25,0.02,40,0.325,0.8,0.9026518966096005,0.43768768768768773,0.65,0.725,6.553636922035366e-08,76,1,2000
009,1.0,30,0.016666666666666666,40,0.35,0.825,0.8702001081665766,0.49177327798017456,0.65,0.725,1.0407833173076142e-07,76,1,2000
009,1.0,40,0.0125,40,0.325,0.8,0.8965763195435092,0.562940212940213,0.65,0.725,1.1030681434931466e-07,76,1,2000
009,1.0,50,0.01,40,0.15,0.925,0.9424552429667519,0.6332674137552187,0.65,0.725,1.1905206775963961e-07,76,1,2000
009,1.0,60,0.008333333333333333,40,0.125,0.925,0.9644588045234249,0.4817073170731707,0.65,0.725,1.6787993217803887e-07,76,1,2000
009,1.0,75,0.006666666666666667,40,0.125,0.9,0.9769963851462372,0.4745644599303136,0.65,0.725,3.0665361805404245e-07,76,1,2000
009,1.0,90,0.005555555555555556,40,0.125,0.925,0.9642508937276568,0.6412698412698412,0.65,0.725,5.468806421049521e-07,76,1,2000
010,1.0,1,0.5,38,1.2105263157894737,0.23684210526315788,0.24112426035502965,0.17124183006535948,1.7894736842105263,0.2631578947368421,1.7778947949409485e-05,76,1,2000
010,1.0,2,0.25,38,1.0526315789473684,0.5789473684210527,0.04296296296296298,0.33999999999999997,1.7894736842105263,0.2631578947368421,6.930812560312916e-06,76,1,2000
010,1.0,3,0.16666666666666666,38,1.263157894736842,0.5,-0.044254104211277845,0.17272727272727273,1.7894736842105263,0.2631578947368421,0.00015957211144268513,76,1,2000
010,1.0,4,0.125,38,1.0526315789473684,0.631578947368421,0.03623188405797084,0.37858220211161386,1.7894736842105263,0.2631578947368421,5.604742455034284e-06,76,1,2000
010,1.0,5,0.1,38,1.0789473684210527,0.631578947368421,0.01948754962107535,0.3648459383753502,1.7894736842105263,0.2631578947368421,3.973863385908771e-06,76,1,2000
010,1.0,6,0.08333333333333333,38,1.131578947368421,0.631578947368421,0.025473321858863973,0.3007662835249042,1.7894736842105263,0.2631578947368421,1.788899680832401e-06,76,1,2000
010,1.0,8,0.0625,38,0.9473684210526315,0.6578947368421053,0.2882539682539682,0.3017543859649123,1.7894736842105263,0.2631578947368421,1.1305419889140467e-07,76,1,2000
010,1.0,10,0.05,38,0.7368421052631579,0.7105263157894737,0.5565927654609102,0.49603174603174605,1.7894736842105263,0.2631578947368421,1.1501304442163018e-07,76,1,2000
010,1.0,12,0.041666666666666664,38,0.7894736842105263,0.7105263157894737,0.49245063879210227,0.49122807017543857,1.7894736842105263,0.2631578947368421,1.4997799269167444e-07,76,1,2000
010,1.0,14,0.03571428571428571,38,0.7894736842105263,0.6842105263157895,0.4864864864864865,0.2733766233766234,1.7894736842105263,0.2631578947368421,1.239878457681698e-07,76,1,2000
010,1.0,16,0.03125,38,0.9210526315789473,0.6842105263157895,0.2967415374881367,0.3642543859649122,1.7894736842105263,0.2631578947368421,1.3219379013662547e-07,76,1,2000
010,1.0,20,0.025,38,0.9473684210526315,0.6842105263157895,0.2848180677540779,0.48103448275862065,1.7894736842105263,0.2631578947368421,1.392457846804973e-07,76,1,2000
010,1.0,25,0.02,38,0.9210526315789473,0.6842105263157895,0.23485617597292718,0.4092592592592592,1.7894736842105263,0.2631578947368421,1.5335936609517375e-07,76,1,2000
010,1.0,30,0.016666666666666666,38,0.9210526315789473,0.6578947368421053,0.242072962836686,0.3310185185185185,1.7894736842105263,0.2631578947368421,2.0746074369526468e-07,76,1,2000
010,1.0,40,0.0125,38,0.7631578947368421,0.7105263157894737,0.5051214515657009,0.37202380952380953,1.7894736842105263,0.2631578947368421,1.559021711727837e-07,76,1,2000
010,1.0,50,0.01,38,0.5263157894736842,0.8157894736842105,0.6001202645820806,0.5739750445632799,1.7894736842105263,0.2631578947368421,3.6695962535304716e-07,76,1,2000
010,1.0,60,0.008333333333333333,38,0.5,0.8157894736842105,0.6141254925735071,0.5784848484848485,1.7894736842105263,0.2631578947368421,1.854976119375351e-07,76,1,2000
010,1.0,75,0.006666666666666667,38,0.4473684210526316,0.8421052631578947,0.6852659110723627,0.609105180533752,1.7894736842105263,0.2631578947368421,1.5634609553671908e-06,76,1,2000
010,1.0,90,0.005555555555555556,38,0.3157894736842105,0.9210526315789473,0.7358053302433372,0.902668759811617,1.7894736842105263,0.2631578947368421,8.845515367283951e-06,76,1,2000
011,1.0,1,0.5,35,1.8571428571428572,0.17142857142857143,-0.07136817182479271,0.1681658692185008,1.8571428571428572,0.22857142857142856,1.3471643001139455e-07,76,1,2000
011,1.0,2,0.25,35,1.4,0.22857142857142856,0.13345908983730248,0.26844070961718025,1.8571428571428572,0.22857142857142856,1.1410832030378515e-06,76,1,2000
011,1.0,3,0.16666666666666666,35,1.8,0.17142857142857143,0.06735327775053113,0.16069812540400777,1.8571428571428572,0.22857142857142856,3.063703388761496e-07,76,1,2000
011,1.0,4,0.125,35,1.9142857142857144,0.14285714285714285,0.0170117156154711,0.1474358974358974,1.8571428571428572,0.22857142857142856,1.5533873920503538e-07,76,1,2000
011,1.0,5,0.1,35,1.9428571428571428,0.14285714285714285,0.014084507042253613,0.14487179487179486,1.8571428571428572,0.22857142857142856,1.5056754421038931e-07,76,1,2000
011,1.0,6,0.08333333333333333,35,1.9142857142857144,0.14285714285714285,0.0170117156154711,0.1474358974358974,1.8571428571428572,0.22857142857142856,1.6752467502101354e-07,76,1,2000
011,1.0,8,0.0625,35,2.057142857142857,0.08571428571428572,-0.04797166773985828,0.09322638146167558,1.8571428571428572,0.22857142857142856,1.5939968989187037e-07,76,1,2000
011,1.0,10,0.05,35,1.8857142857142857,0.14285714285714285,0.0066006600660064585,0.13954116059379215,1.8571428571428572,0.22857142857142856,1.5489806060031697e-07,76,1,2000
011,1.0,12,0.041666666666666664,35,1.7714285714285714,0.2,0.05186653452262979,0.18307692307692308,1.8571428571428572,0.22857142857142856,3.7214104509075696e-07,76,1,2000
011,1.0,14,0.03571428571428571,35,1.542857142857143,0.2857142857142857,0.1569167240192706,0.2677361853832442,1.8571428571428572,0.22857142857142856,1.4286352723047457e-07,76,1,2000
011,1.0,16,0.03125,35,1.4285714285714286,0.34285714285714286,0.16324243556219642,0.328015873015873,1.8571428571428572,0.22857142857142856,1.2356463230389636e-05,76,1,2000
011,1.0,20,0.025,35,1.3714285714285714,0.3142857142857143,0.2156105100463679,0.2946825396825397,1.8571428571428572,0.22857142857142856,1.6173328276636312e-07,76,1,2000
011,1.0,25,0.02,35,1.457142857142857,0.2857142857142857,0.20091324200913252,0.26820238584944467,1.8571428571428572,0.22857142857142856,1.391510693338205e-07,76,1,2000
011,1.0,30,0.016666666666666666,35,1.3142857142857143,0.37142857142857144,0.2877543734380579,0.34978991596638653,1.8571428571428572,0.22857142857142856,1.3862484138371656e-07,76,1,2000
011,1.0,40,0.0125,35,1.3142857142857143,0.3142857142857143,0.30309734513274345,0.30967914438502675,1.8571428571428572,0.22857142857142856,1.9540577511634183e-07,76,1,2000
011,1.0,50,0.01,35,1.3142857142857143,0.34285714285714286,0.30805176132278944,0.323921568627451,1.8571428571428572,0.22857142857142856,1.3384575368036167e-06,76,1,2000
011,1.0,60,0.008333333333333333,35,1.1714285714285715,0.4,0.3406702359706524,0.3567431399010346,1.8571428571428572,0.22857142857142856,1.3596373946711537e-06,76,1,2000
011,1.0,75,0.006666666666666667,35,1.0,0.42857142857142855,0.4140030441400304,0.29454545454545455,1.8571428571428572,0.22857142857142856,8.68088045535842e-06,76,1,2000
012,1.0,1,0.5,35,0.6285714285714286,0.7714285714285715,0.19865319865319864,0.5427083333333333,0.8571428571428571,0.5714285714285714,4.369738235254772e-06,76,1,2000
012,1.0,2,0.25,35,0.9142857142857143,0.5714285714285714,-0.07885304659498193,0.3327777777777778,0.8571428571428571,0.5714285714285714,1.608168815891986e-07,76,1,2000
012,1.0,3,0.16666666666666666,35,1.0,0.45714285714285713,-0.017094017094017033,0.25466200466200467,0.8571428571428571,0.5714285714285714,2.3211711663861934e-07,76,1,2000
012,1.0,4,0.125,35,1.1714285714285715,0.3142857142857143,-0.04068857589984365,0.12222222222222222,0.8571428571428571,0.5714285714285714,1.87762438486061e-07,76,1,2000
012,1.0,5,0.1,35,1.1714285714285715,0.3142857142857143,-0.04068857589984365,0.12222222222222222,0.8571428571428571,0.5714285714285714,1.67447709031876e-07,76,1,2000
012,1.0,6,0.08333333333333333,35,1.3142857142857143,0.17142857142857143,0.07161803713527859,0.075,0.8571428571428571,0.5714285714285714,1.6787932111128612e-07,76,1,2000
012,1.0,8,0.0625,35,1.3428571428571427,0.2,0.018018018018018167,0.08974358974358974,0.8571428571428571,0.5714285714285714,1.3356351757920493e-07,76,1,2000
012,1.0,10,0.05,35,1.2857142857142858,0.2571428571428571,-0.024623803009576006,0.10975609756097561,0.8571428571428571,0.5714285714285714,1.4057661701372126e-07,76,1,2000
012,1.0,12,0.041666666666666664,35,1.2857142857142858,0.2571428571428571,-0.024623803009576006,0.10975609756097561,0.8571428571428571,0.5714285714285714,3.710388796207553e-07,76,1,2000
012,1.0,14,0.03571428571428571,35,1.2857142857142858,0.2571428571428571,-0.0629274965800275,0.10975609756097561,0.8571428571428571,0.5714285714285714,1.5810002196303685e-07,76,1,2000
012,1.0,16,0.03125,35,1.3142857142857143,0.2571428571428571,-0.05835543766578244,0.1125,0.8571428571428571,0.5714285714285714,1.650576137990356e-07,76,1,2000
012,1.0,20,0.025,35,1.2285714285714286,0.2571428571428571,0.008759124087590942,0.10465116279069768,0.8571428571428571,0.5714285714285714,1.747426097153948e-07,76,1,2000
012,1.0,25,0.02,35,1.3142857142857143,0.14285714285714285,0.15577889447236182,0.05405405405405406,0.8571428571428571,0.5714285714285714,1.6078959674814541e-07,76,1,2000
012,1.0,30,0.016666666666666666,35,1.3428571428571427,0.17142857142857143,0.053097345132743334,0.09697933227344993,0.8571428571428571,0.5714285714285714,1.662649964373486e-07,76,1,2000
012,1.0,40,0.0125,35,0.9714285714285714,0.45714285714285713,0.17404129793510326,0.3443223443223443,0.8571428571428571,0.5714285714285714,1.4772831491427496e-07,76,1,2000
012,1.0,50,0.01,35,1.0,0.42857142857142855,0.20699300699300693,0.32999999999999996,0.8571428571428571,0.5714285714285714,1.0968813057843363e-07,76,1,2000
012,1.0,60,0.008333333333333333,35,1.0571428571428572,0.4857142857142857,0.01941747572815533,0.36419015766841856,0.8571428571428571,0.5714285714285714,1.1837033042638723e-07,76,1,2000
012,1.0,75,0.006666666666666667,35,0.6285714285714286,0.6,0.47663551401869164,0.475,0.8571428571428571,0.5714285714285714,3.2598006782791344e-07,76,1,2000
