session_id,window_idx,prompt_in_window,window_start_ms,window_end_ms,window_start_timestamp,window_end_timestamp,selection_timestamp,selection_frame,selection_sim_time,selection_speed_kmh,participantid,environment,secondary_task,functionname,emotion,modeltype,state_model,w_fcd,ambient_gain,ambient_seed,ambient_source,user_selected_loa,system_action,system_level,system_loa,system_message,system_probs,system_profile,system_fallback,system_fallback_reason,system_fcd
39acd25a-0f4e-4ec5-81e0-5bbb32a56fb5,1,1,123718,143718,2026-08-07T12:07:05.618769,2026-08-07T12:07:25.618769,2026-08-07T12:07:28.130,105074,1805.528,29.84,003,city,none,Provide weather update,,combined,xlstm,0.7,0.35,0,6260f154,0;1,,,,,,,,,
39acd25a-0f4e-4ec5-81e0-5bbb32a56fb5,1,2,123718,143718,2026-08-07T12:07:05.618769,2026-08-07T12:07:25.618769,2026-08-07T12:07:28.691,105074,1805.528,29.84,003,city,none,Provide traffic news,,combined,xlstm,0.7,0.35,0,6260f154,0;1,,,,,,,,,
39acd25a-0f4e-4ec5-81e0-5bbb32a56fb5,2,1,146830,166830,2026-08-07T12:07:28.730769,2026-08-07T12:07:48.730769,2026-08-07T12:08:17.610,105475,1825.578,0.0,003,city,none,Start a phone call,,combined,xlstm,0.7,0.35,0,6260f154,1,,,,,,,,,
39acd25a-0f4e-4ec5-81e0-5bbb32a56fb5,2,2,146830,166830,2026-08-07T12:07:28.730769,2026-08-07T12:07:48.730769,2026-08-07T12:08:17.994,105475,1825.578,0.0,003,city,none,Change song,,combined,xlstm,0.7,0.35,0,6260f154,1,,,,,,,,,
39acd25a-0f4e-4ec5-81e0-5bbb32a56fb5,3,1,196117,216117,2026-08-07T12:08:18.017769,2026-08-07T12:08:38.017769,2026-08-07T12:08:39.873,105874,1845.528,0.0,003,city,none,Change song,,combined,xlstm,0.7,0.35,0,6260f154,0;1,,,,,,,,,
39acd25a-0f4e-4ec5-81e0-5bbb32a56fb5,3,2,196117,216117,2026-08-07T12:08:18.017769,2026-08-07T12:08:38.017769,2026-08-07T12:08:40.226,105874,1845.528,0.0,003,city,none,Start a phone call,,combined,xlstm,0.7,0.35,0,6260f154,0;1,,,,,,,,,
39acd25a-0f4e-4ec5-81e0-5bbb32a56fb5,4,1,218326,238326,2026-08-07T12:08:40.226769,2026-08-07T12:09:00.226769,2026-08-07T12:09:02.626,106274,1865.528,35.28,003,city,none,Send a text message,,combined,xlstm,0.7,0.35,0,6260f154,0;1,,,,,,,,,
39acd25a-0f4e-4ec5-81e0-5bbb32a56fb5,4,2,218326,238326,2026-08-07T12:08:40.226769,2026-08-07T12:09:00.226769,2026-08-07T12:09:04.098,106274,1865.528,35.28,003,city,none,Provide traffic news,,combined,xlstm,0.7,0.35,0,6260f154,0;1,,,,,,,,,
39acd25a-0f4e-4ec5-81e0-5bbb32a56fb5,5,1,242242,262242,2026-08-07T12:09:04.142769,2026-08-07T12:09:24.142769,2026-08-07T12:09:26.270,106675,1885.578,9.92,003,city,none,Start a phone call,,combined,xlstm,0.7,0.35,0,6260f154,2,,,,,,,,,
39acd25a-0f4e-4ec5-81e0-5bbb32a56fb5,5,2,242242,262242,2026-08-07T12:09:04.142769,2026-08-07T12:09:24.142769,2026-08-07T12:09:26.494,106675,1885.578,9.92,003,city,none,Provide traffic news,,combined,xlstm,0.7,0.35,0,6260f154,2,,,,,,,,,
39acd25a-0f4e-4ec5-81e0-5bbb32a56fb5,6,1,264602,284602,2026-08-07T12:09:26.502769,2026-08-07T12:09:46.502769,2026-08-07T12:09:49.016,107075,1905.578,33.78,003,city,none,Provide weather update,,combined,xlstm,0.7,0.35,0,6260f154,0;1;2,,,,,,,,,
39acd25a-0f4e-4ec5-81e0-5bbb32a56fb5,6,2,264602,284602,2026-08-07T12:09:26.502769,2026-08-07T12:09:46.502769,2026-08-07T12:09:49.591,107075,1905.578,33.78,003,city,none,Provide traffic news,,combined,xlstm,0.7,0.35,0,6260f154,0;1;2,,,,,,,,,
39acd25a-0f4e-4ec5-81e0-5bbb32a56fb5,7,1,287717,307717,2026-08-07T12:09:49.617769,2026-08-07T12:10:09.617769,2026-08-07T12:10:11.473,107476,1925.628,33.95,003,city,none,Start a phone call,,combined,xlstm,0.7,0.35,0,6260f154,1;2,,,,,,,,,
39acd25a-0f4e-4ec5-81e0-5bbb32a56fb5,7,2,287717,307717,2026-08-07T12:09:49.617769,2026-08-07T12:10:09.617769,2026-08-07T12:10:11.777,107476,1925.628,33.95,003,city,none,Change song,,combined,xlstm,0.7,0.35,0,6260f154,1;2,,,,,,,,,
39acd25a-0f4e-4ec5-81e0-5bbb32a56fb5,8,1,309879,329879,2026-08-07T12:10:11.779769,2026-08-07T12:10:31.779769,2026-08-07T12:10:33.444,107876,1945.628,37.8,003,city,none,Start a phone call,,combined,xlstm,0.7,0.35,0,6260f154,0;1,,,,,,,,,
39acd25a-0f4e-4ec5-81e0-5bbb32a56fb5,8,2,309879,329879,2026-08-07T12:10:11.779769,2026-08-07T12:10:31.779769,2026-08-07T12:10:33.844,107876,1945.628,37.8,003,city,none,Change song,,combined,xlstm,0.7,0.35,0,6260f154,0,,,,,,,,,
39acd25a-0f4e-4ec5-81e0-5bbb32a56fb5,9,1,331989,351989,2026-08-07T12:10:33.889769,2026-08-07T12:10:53.889769,2026-08-07T12:10:55.617,108277,1965.678,0.24,003,city,none,Send a text message,,combined,xlstm,0.7,0.35,0,6260f154,0,,,,,,,,,
39acd25a-0f4e-4ec5-81e0-5bbb32a56fb5,9,2,331989,351989,2026-08-07T12:10:33.889769,2026-08-07T12:10:53.889769,2026-08-07T12:10:56.050,108277,1965.678,0.24,003,city,none,Provide traffic news,,combined,xlstm,0.7,0.35,0,6260f154,0,,,,,,,,,
39acd25a-0f4e-4ec5-81e0-5bbb32a56fb5,10,1,354197,374197,2026-08-07T12:10:56.097769,2026-08-07T12:11:16.097769,2026-08-07T12:11:18.961,108678,1985.728,2.68,003,city,none,Send a text message,,combined,xlstm,0.7,0.35,0,6260f154,0;1,,,,,,,,,
39acd25a-0f4e-4ec5-81e0-5bbb32a56fb5,10,2,354197,374197,2026-08-07T12:10:56.097769,2026-08-07T12:11:16.097769,2026-08-07T12:11:19.377,108678,1985.728,2.68,003,city,none,Change song,,combined,xlstm,0.7,0.35,0,6260f154,0,,,,,,,,,
39acd25a-0f4e-4ec5-81e0-5bbb32a56fb5,11,1,377513,397513,2026-08-07T12:11:19.413769,2026-08-07T12:11:39.413769,2026-08-07T12:11:41.942,109079,2005.778,19.57,003,city,none,Provide traffic news,,combined,xlstm,0.7,0.35,0,6260f154,3,,,,,,,,,
39acd25a-0f4e-4ec5-81e0-5bbb32a56fb5,11,2,377513,397513,2026-08-07T12:11:19.413769,2026-08-07T12:11:39.413769,2026-08-07T12:11:43.205,109079,2005.778,19.57,003,city,none,Send a text message,,combined,xlstm,0.7,0.35,0,6260f154,0,,,,,,,,,
39acd25a-0f4e-4ec5-81e0-5bbb32a56fb5,12,1,401328,421328,2026-08-07T12:11:43.228769,2026-08-07T12:12:03.228769,2026-08-07T12:12:05.308,109480,2025.828,7.31,003,city,none,Start a phone call,,combined,xlstm,0.7,0.35,0,6260f154,0,,,,,,,,,
39acd25a-0f4e-4ec5-81e0-5bbb32a56fb5,12,2,401328,421328,2026-08-07T12:11:43.228769,2026-08-07T12:12:03.228769,2026-08-07T12:12:06.236,109480,2025.828,7.31,003,city,none,Change song,,combined,xlstm,0.7,0.35,0,6260f154,2,,,,,,,,,
39acd25a-0f4e-4ec5-81e0-5bbb32a56fb5,13,1,424340,444340,2026-08-07T12:12:06.240769,2026-08-07T12:12:26.240769,2026-08-07T12:12:28.081,109880,2045.828,32.53,003,city,none,Start a phone call,,combined,xlstm,0.7,0.35,0,6260f154,0;1,,,,,,,,,
39acd25a-0f4e-4ec5-81e0-5bbb32a56fb5,13,2,424340,444340,2026-08-07T12:12:06.240769,2026-08-07T12:12:26.240769,2026-08-07T12:12:28.497,109880,2045.828,32.53,003,city,none,Send a text message,,combined,xlstm,0.7,0.35,0,6260f154,0,,,,,,,,,
39acd25a-0f4e-4ec5-81e0-5bbb32a56fb5,14,1,446601,466601,2026-08-07T12:12:28.501769,2026-08-07T12:12:48.501769,2026-08-07T12:12:50.550,110280,2065.828,0.0,003,city,none,Change song,,combined,xlstm,0.7,0.35,0,6260f154,4,,,,,,,,,
39acd25a-0f4e-4ec5-81e0-5bbb32a56fb5,14,2,446601,466601,2026-08-07T12:12:28.501769,2026-08-07T12:12:48.501769,2026-08-07T12:12:50.773,110280,2065.828,0.0,003,city,none,Send a text message,,combined,xlstm,0.7,0.35,0,6260f154,4,,,,,,,,,
39acd25a-0f4e-4ec5-81e0-5bbb32a56fb5,15,1,468909,488909,2026-08-07T12:12:50.809769,2026-08-07T12:13:10.809769,2026-08-07T12:13:12.826,110681,2085.878,36.25,003,city,none,Start a phone call,,combined,xlstm,0.7,0.35,0,6260f154,0;1,,,,,,,,,
39acd25a-0f4e-4ec5-81e0-5bbb32a56fb5,15,2,468909,488909,2026-08-07T12:12:50.809769,2026-08-07T12:13:10.809769,2026-08-07T12:13:13.785,110681,2085.878,36.25,003,city,none,Change song,,combined,xlstm,0.7,0.35,0,6260f154,1,,,,,,,,,
39acd25a-0f4e-4ec5-81e0-5bbb32a56fb5,16,1,491922,511922,2026-08-07T12:13:13.822769,2026-08-07T12:13:33.822769,2026-08-07T12:13:35.519,111082,2105.928,32.93,003,city,none,Send a text message,,combined,xlstm,0.7,0.35,0,6260f154,0,,,,,,,,,
39acd25a-0f4e-4ec5-81e0-5bbb32a56fb5,16,2,491922,511922,2026-08-07T12:13:13.822769,2026-08-07T12:13:33.822769,2026-08-07T12:13:35.726,111082,2105.928,32.93,003,city,none,Provide weather update,,combined,xlstm,0.7,0.35,0,6260f154,0,,,,,,,,,
39acd25a-0f4e-4ec5-81e0-5bbb32a56fb5,17,1,513833,533833,2026-08-07T12:13:35.733769,2026-08-07T12:13:55.733769,2026-08-07T12:13:57.733,111482,2125.928,0.0,003,city,none,Provide traffic news,,combined,xlstm,0.7,0.35,0,6260f154,0,,,,,,,,,
39acd25a-0f4e-4ec5-81e0-5bbb32a56fb5,17,2,513833,533833,2026-08-07T12:13:35.733769,2026-08-07T12:13:55.733769,2026-08-07T12:13:57.974,111482,2125.928,0.0,003,city,none,Change song,,combined,xlstm,0.7,0.35,0,6260f154,0,,,,,,,,,
39acd25a-0f4e-4ec5-81e0-5bbb32a56fb5,18,1,536094,556094,2026-08-07T12:13:57.994769,2026-08-07T12:14:17.994769,2026-08-07T12:14:20.634,111883,2145.978,0.0,003,city,none,Start a phone call,,combined,xlstm,0.7,0.35,0,6260f154,1,,,,,,,,,
39acd25a-0f4e-4ec5-81e0-5bbb32a56fb5,18,2,536094,556094,2026-08-07T12:13:57.994769,2026-08-07T12:14:17.994769,2026-08-07T12:14:20.810,111883,2145.978,0.0,003,city,none,Change song,,combined,xlstm,0.7,0.35,0,6260f154,1,,,,,,,,,
39acd25a-0f4e-4ec5-81e0-5bbb32a56fb5,19,1,558911,578911,2026-08-07T12:14:20.811769,2026-08-07T12:14:40.811769,2026-08-07T12:14:42.587,112283,2165.978,30.81,003,city,none,Start a phone call,,combined,xlstm,0.7,0.35,0,6260f154,0;1,,,,,,,,,
39acd25a-0f4e-4ec5-81e0-5bbb32a56fb5,19,2,558911,578911,2026-08-07T12:14:20.811769,2026-08-07T12:14:40.811769,2026-08-07T12:14:42.860,112283,2165.978,30.81,003,city,none,Provide weather update,,combined,xlstm,0.7,0.35,0,6260f154,0;1,,,,,,,,,
39acd25a-0f4e-4ec5-81e0-5bbb32a56fb5,20,1,580970,600970,2026-08-07T12:14:42.870769,2026-08-07T12:15:02.870769,2026-08-07T12:15:04.774,112683,2185.978,0.0,003,city,none,Change song,,combined,xlstm,0.7,0.35,0,6260f154,0;1;2,,,,,,,,,
39acd25a-0f4e-4ec5-81e0-5bbb32a56fb5,20,2,580970,600970,2026-08-07T12:14:42.870769,2026-08-07T12:15:02.870769,2026-08-07T12:15:05.046,112683,2185.978,0.0,003,city,none,Provide traffic news,,combined,xlstm,0.7,0.35,0,6260f154,0,,,,,,,,,
39acd25a-0f4e-4ec5-81e0-5bbb32a56fb5,21,1,603179,623179,2026-08-07T12:15:05.079769,2026-08-07T12:15:25.079769,2026-08-07T12:15:26.855,113084,2206.028,28.55,003,city,none,Start a phone call,,combined,xlstm,0.7,0.35,0,6260f154,0,,,,,,,,,
39acd25a-0f4e-4ec5-81e0-5bbb32a56fb5,21,2,603179,623179,2026-08-07T12:15:05.079769,2026-08-07T12:15:25.079769,2026-08-07T12:15:27.080,113084,2206.028,28.55,003,city,none,Provide traffic news,,combined,xlstm,0.7,0.35,0,6260f154,0,,,,,,,,,
39acd25a-0f4e-4ec5-81e0-5bbb32a56fb5,22,1,625190,645190,2026-08-07T12:15:27.090769,2026-08-07T12:15:47.090769,2026-08-07T12:15:48.626,113485,2226.078,0.0,003,city,none,Provide weather update,,combined,xlstm,0.7,0.35,0,6260f154,0;1,,,,,,,,,
39acd25a-0f4e-4ec5-81e0-5bbb32a56fb5,22,2,625190,645190,2026-08-07T12:15:27.090769,2026-08-07T12:15:47.090769,2026-08-07T12:15:48.803,113485,2226.078,0.0,003,city,none,Provide traffic news,,combined,xlstm,0.7,0.35,0,6260f154,0;1,,,,,,,,,
39acd25a-0f4e-4ec5-81e0-5bbb32a56fb5,23,1,646950,666950,2026-08-07T12:15:48.850769,2026-08-07T12:16:08.850769,2026-08-07T12:16:10.643,113886,2246.128,11.68,003,city,none,Send a text message,,combined,xlstm,0.7,0.35,0,6260f154,0,,,,,,,,,
39acd25a-0f4e-4ec5-81e0-5bbb32a56fb5,23,2,646950,666950,2026-08-07T12:15:48.850769,2026-08-07T12:16:08.850769,2026-08-07T12:16:10.803,113886,2246.128,11.68,003,city,none,Start a phone call,,combined,xlstm,0.7,0.35,0,6260f154,0,,,,,,,,,
39acd25a-0f4e-4ec5-81e0-5bbb32a56fb5,24,1,668908,688908,2026-08-07T12:16:10.808769,2026-08-07T12:16:30.808769,2026-08-07T12:16:32.936,114286,2266.128,0.0,003,city,none,Send a text message,,combined,xlstm,0.7,0.35,0,6260f154,0,,,,,,,,,
39acd25a-0f4e-4ec5-81e0-5bbb32a56fb5,24,2,668908,688908,2026-08-07T12:16:10.808769,2026-08-07T12:16:30.808769,2026-08-07T12:16:33.145,114286,2266.128,0.0,003,city,none,Provide weather update,,combined,xlstm,0.7,0.35,0,6260f154,0,,,,,,,,,
39acd25a-0f4e-4ec5-81e0-5bbb32a56fb5,25,1,691267,711267,2026-08-07T12:16:33.167769,2026-08-07T12:16:53.167769,2026-08-07T12:16:55.071,114687,2286.178,0.0,003,city,none,Change song,,combined,xlstm,0.7,0.35,0,6260f154,0;1;2,,,,,,,,,
39acd25a-0f4e-4ec5-81e0-5bbb32a56fb5,25,2,691267,711267,2026-08-07T12:16:33.167769,2026-08-07T12:16:53.167769,2026-08-07T12:16:55.471,114687,2286.178,0.0,003,city,none,Provide traffic news,,combined,xlstm,0.7,0.35,0,6260f154,0,,,,,,,,,
39acd25a-0f4e-4ec5-81e0-5bbb32a56fb5,26,1,713577,733577,2026-08-07T12:16:55.477769,2026-08-07T12:17:15.477769,2026-08-07T12:17:17.478,115087,2306.178,14.62,003,city,none,Provide traffic news,,combined,xlstm,0.7,0.35,0,6260f154,0;1,,,,,,,,,
39acd25a-0f4e-4ec5-81e0-5bbb32a56fb5,26,2,713577,733577,2026-08-07T12:16:55.477769,2026-08-07T12:17:15.477769,2026-08-07T12:17:18.406,115087,2306.178,14.62,003,city,none,Send a text message,,combined,xlstm,0.7,0.35,0,6260f154,0,,,,,,,,,
39acd25a-0f4e-4ec5-81e0-5bbb32a56fb5,27,1,736539,756539,2026-08-07T12:17:18.439769,2026-08-07T12:17:38.439769,2026-08-07T12:17:40.616,115488,2326.228,0.0,003,city,none,Start a phone call,,combined,xlstm,0.7,0.35,0,6260f154,0;1,,,,,,,,,
39acd25a-0f4e-4ec5-81e0-5bbb32a56fb5,27,2,736539,756539,2026-08-07T12:17:18.439769,2026-08-07T12:17:38.439769,2026-08-07T12:17:41.879,115488,2326.228,0.0,003,city,none,Send a text message,,combined,xlstm,0.7,0.35,0,6260f154,0;1,,,,,,,,,
39acd25a-0f4e-4ec5-81e0-5bbb32a56fb5,28,1,760007,780007,2026-08-07T12:17:41.907769,2026-08-07T12:18:01.907769,2026-08-07T12:18:04.371,115889,2346.278,0.0,003,city,none,Change song,,combined,xlstm,0.7,0.35,0,6260f154,0;1,,,,,,,,,
39acd25a-0f4e-4ec5-81e0-5bbb32a56fb5,28,2,760007,780007,2026-08-07T12:17:41.907769,2026-08-07T12:18:01.907769,2026-08-07T12:18:04.611,115889,2346.278,0.0,003,city,none,Send a text message,,combined,xlstm,0.7,0.35,0,6260f154,0,,,,,,,,,
39acd25a-0f4e-4ec5-81e0-5bbb32a56fb5,29,1,782724,802724,2026-08-07T12:18:04.624769,2026-08-07T12:18:24.624769,2026-08-07T12:18:26.641,116290,2366.328,53.02,003,city,none,Start a phone call,,combined,xlstm,0.7,0.35,0,6260f154,0;1,,,,,,,,,
39acd25a-0f4e-4ec5-81e0-5bbb32a56fb5,29,2,782724,802724,2026-08-07T12:18:04.624769,2026-08-07T12:18:24.624769,2026-08-07T12:18:26.865,116290,2366.328,53.02,003,city,none,Change song,,combined,xlstm,0.7,0.35,0,6260f154,0,,,,,,,,,
39acd25a-0f4e-4ec5-81e0-5bbb32a56fb5,30,1,804985,824985,2026-08-07T12:18:26.885769,2026-08-07T12:18:46.885769,2026-08-07T12:18:48.869,116691,2386.378,60.38,003,city,none,Provide weather update,,combined,xlstm,0.7,0.35,0,6260f154,0;1;2,,,,,,,,,
39acd25a-0f4e-4ec5-81e0-5bbb32a56fb5,30,2,804985,824985,2026-08-07T12:18:26.885769,2026-08-07T12:18:46.885769,2026-08-07T12:18:49.142,116691,2386.378,60.38,003,city,none,Change song,,combined,xlstm,0.7,0.35,0,6260f154,0,,,,,,,,,
39acd25a-0f4e-4ec5-81e0-5bbb32a56fb5,31,1,827245,847245,2026-08-07T12:18:49.145769,2026-08-07T12:19:09.145769,2026-08-07T12:19:10.826,117091,2406.378,34.15,003,city,none,Provide traffic news,,combined,xlstm,0.7,0.35,0,6260f154,0,,,,,,,,,
39acd25a-0f4e-4ec5-81e0-5bbb32a56fb5,31,2,827245,847245,2026-08-07T12:18:49.145769,2026-08-07T12:19:09.145769,2026-08-07T12:19:10.971,117091,2406.378,34.15,003,city,none,Send a text message,,combined,xlstm,0.7,0.35,0,6260f154,0,,,,,,,,,
39acd25a-0f4e-4ec5-81e0-5bbb32a56fb5,32,1,849103,869103,2026-08-07T12:19:11.003769,2026-08-07T12:19:31.003769,2026-08-07T12:19:32.635,117492,2426.428,30.54,003,city,none,Start a phone call,,combined,xlstm,0.7,0.35,0,6260f154,0;1,,,,,,,,,
39acd25a-0f4e-4ec5-81e0-5bbb32a56fb5,32,2,849103,869103,2026-08-07T12:19:11.003769,2026-08-07T12:19:31.003769,2026-08-07T12:19:32.844,117492,2426.428,30.54,003,city,none,Change song,,combined,xlstm,0.7,0.35,0,6260f154,0,,,,,,,,,
39acd25a-0f4e-4ec5-81e0-5bbb32a56fb5,33,1,870959,890959,2026-08-07T12:19:32.859769,2026-08-07T12:19:52.859769,2026-08-07T12:19:54.636,117893,2446.478,12.18,003,city,none,Provide traffic news,,combined,xlstm,0.7,0.35,0,6260f154,0;1,,,,,,,,,
39acd25a-0f4e-4ec5-81e0-5bbb32a56fb5,33,2,870959,890959,2026-08-07T12:19:32.859769,2026-08-07T12:19:52.859769,2026-08-07T12:19:54.828,117893,2446.478,12.18,003,city,none,Change song,,combined,xlstm,0.7,0.35,0,6260f154,1,,,,,,,,,
39acd25a-0f4e-4ec5-81e0-5bbb32a56fb5,34,1,892968,912968,2026-08-07T12:19:54.868769,2026-08-07T12:20:14.868769,2026-08-07T12:20:16.613,118294,2466.528,32.48,003,city,none,Send a text message,,combined,xlstm,0.7,0.35,0,6260f154,0,,,,,,,,,
39acd25a-0f4e-4ec5-81e0-5bbb32a56fb5,34,2,892968,912968,2026-08-07T12:19:54.868769,2026-08-07T12:20:14.868769,2026-08-07T12:20:16.772,118294,2466.528,32.48,003,city,none,Change song,,combined,xlstm,0.7,0.35,0,6260f154,0,,,,,,,,,
39acd25a-0f4e-4ec5-81e0-5bbb32a56fb5,35,1,914879,934879,2026-08-07T12:20:16.779769,2026-08-07T12:20:36.779769,2026-08-07T12:20:39.420,118694,2486.528,4.16,003,city,none,Provide weather update,,combined,xlstm,0.7,0.35,0,6260f154,3,,,,,,,,,
39acd25a-0f4e-4ec5-81e0-5bbb32a56fb5,35,2,914879,934879,2026-08-07T12:20:16.779769,2026-08-07T12:20:36.779769,2026-08-07T12:20:39.643,118694,2486.528,4.16,003,city,none,Provide traffic news,,combined,xlstm,0.7,0.35,0,6260f154,3,,,,,,,,,
39acd25a-0f4e-4ec5-81e0-5bbb32a56fb5,36,1,937789,957789,2026-08-07T12:20:39.689769,2026-08-07T12:20:59.689769,2026-08-07T12:21:01.434,119095,2506.578,0.0,003,city,none,Send a text message,,combined,xlstm,0.7,0.35,0,6260f154,0,,,,,,,,,
39acd25a-0f4e-4ec5-81e0-5bbb32a56fb5,36,2,937789,957789,2026-08-07T12:20:39.689769,2026-08-07T12:20:59.689769,2026-08-07T12:21:01.626,119095,2506.578,0.0,003,city,none,Change song,,combined,xlstm,0.7,0.35,0,6260f154,0,,,,,,,,,
39acd25a-0f4e-4ec5-81e0-5bbb32a56fb5,37,1,959747,979747,2026-08-07T12:21:01.647769,2026-08-07T12:21:21.647769,2026-08-07T12:21:23.456,119496,2526.628,32.36,003,city,none,Send a text message,,combined,xlstm,0.7,0.35,0,6260f154,1,,,,,,,,,
39acd25a-0f4e-4ec5-81e0-5bbb32a56fb5,37,2,959747,979747,2026-08-07T12:21:01.647769,2026-08-07T12:21:21.647769,2026-08-07T12:21:23.615,119496,2526.628,32.36,003,city,none,Change song,,combined,xlstm,0.7,0.35,0,6260f154,1,,,,,,,,,
39acd25a-0f4e-4ec5-81e0-5bbb32a56fb5,38,1,981758,1001758,2026-08-07T12:21:23.658769,2026-08-07T12:21:43.658769,2026-08-07T12:21:45.914,119897,2546.678,32.13,003,city,none,Change song,,combined,xlstm,0.7,0.35,0,6260f154,0;1,,,,,,,,,
39acd25a-0f4e-4ec5-81e0-5bbb32a56fb5,38,2,981758,1001758,2026-08-07T12:21:23.658769,2026-08-07T12:21:43.658769,2026-08-07T12:21:46.106,119897,2546.678,32.13,003,city,none,Provide traffic news,,combined,xlstm,0.7,0.35,0,6260f154,0,,,,,,,,,
c470d5b2-d1b2-45cf-a112-c8969f3c2e0d,1,1,96527,116527,2026-08-07T12:29:47.974504,2026-08-07T12:30:07.974504,2026-08-07T12:30:11.205,156302,3043.053,71.8,003,city,none,Change song,,combined,xlstm,0.7,0.35,0,6260f154,4,,,,,,,,,
c470d5b2-d1b2-45cf-a112-c8969f3c2e0d,1,2,96527,116527,2026-08-07T12:29:47.974504,2026-08-07T12:30:07.974504,2026-08-07T12:30:12.422,156302,3043.053,71.8,003,city,none,Provide traffic news,,combined,xlstm,0.7,0.35,0,6260f154,4,,,,,,,,,
c470d5b2-d1b2-45cf-a112-c8969f3c2e0d,2,1,120996,140996,2026-08-07T12:30:12.443504,2026-08-07T12:30:32.443504,2026-08-07T12:30:34.699,156703,3063.103,0.0,003,city,none,Change song,,combined,xlstm,0.7,0.35,0,6260f154,0,,,,,,,,,
c470d5b2-d1b2-45cf-a112-c8969f3c2e0d,2,2,120996,140996,2026-08-07T12:30:12.443504,2026-08-07T12:30:32.443504,2026-08-07T12:30:35.019,156703,3063.103,0.0,003,city,none,Start a phone call,,combined,xlstm,0.7,0.35,0,6260f154,1,,,,,,,,,
c470d5b2-d1b2-45cf-a112-c8969f3c2e0d,3,1,143611,163611,2026-08-07T12:30:35.058504,2026-08-07T12:30:55.058504,2026-08-07T12:30:56.834,157104,3083.153,0.0,003,city,none,Change song,,combined,xlstm,0.7,0.35,0,6260f154,0,,,,,,,,,
c470d5b2-d1b2-45cf-a112-c8969f3c2e0d,3,2,143611,163611,2026-08-07T12:30:35.058504,2026-08-07T12:30:55.058504,2026-08-07T12:30:57.074,157104,3083.153,0.0,003,city,none,Provide traffic news,,combined,xlstm,0.7,0.35,0,6260f154,0,,,,,,,,,
c470d5b2-d1b2-45cf-a112-c8969f3c2e0d,4,1,165669,185669,2026-08-07T12:30:57.116504,2026-08-07T12:31:17.116504,2026-08-07T12:31:19.036,157505,3103.203,0.0,003,city,none,Provide traffic news,,combined,xlstm,0.7,0.35,0,6260f154,0;1,,,,,,,,,
c470d5b2-d1b2-45cf-a112-c8969f3c2e0d,4,2,165669,185669,2026-08-07T12:30:57.116504,2026-08-07T12:31:17.116504,2026-08-07T12:31:19.324,157505,3103.203,0.0,003,city,none,Change song,,combined,xlstm,0.7,0.35,0,6260f154,0,,,,,,,,,
c470d5b2-d1b2-45cf-a112-c8969f3c2e0d,5,1,187878,207878,2026-08-07T12:31:19.325504,2026-08-07T12:31:39.325504,2026-08-07T12:31:41.085,157905,3123.203,36.4,003,city,none,Start a phone call,,combined,xlstm,0.7,0.35,0,6260f154,0;1,,,,,,,,,
c470d5b2-d1b2-45cf-a112-c8969f3c2e0d,5,2,187878,207878,2026-08-07T12:31:19.325504,2026-08-07T12:31:39.325504,2026-08-07T12:31:41.276,157905,3123.203,36.4,003,city,none,Change song,,combined,xlstm,0.7,0.35,0,6260f154,0,,,,,,,,,
c470d5b2-d1b2-45cf-a112-c8969f3c2e0d,6,1,209836,229836,2026-08-07T12:31:41.283504,2026-08-07T12:32:01.283504,2026-08-07T12:32:03.827,158306,3143.253,33.42,003,city,none,Provide weather update,,combined,xlstm,0.7,0.35,0,6260f154,3,,,,,,,,,
c470d5b2-d1b2-45cf-a112-c8969f3c2e0d,6,2,209836,229836,2026-08-07T12:31:41.283504,2026-08-07T12:32:01.283504,2026-08-07T12:32:03.987,158306,3143.253,33.42,003,city,none,Start a phone call,,combined,xlstm,0.7,0.35,0,6260f154,3,,,,,,,,,
c470d5b2-d1b2-45cf-a112-c8969f3c2e0d,7,1,232546,252546,2026-08-07T12:32:03.993504,2026-08-07T12:32:23.993504,2026-08-07T12:32:25.817,158707,3163.303,25.21,003,city,none,Provide traffic news,,combined,xlstm,0.7,0.35,0,6260f154,0;1,,,,,,,,,
c470d5b2-d1b2-45cf-a112-c8969f3c2e0d,7,2,232546,252546,2026-08-07T12:32:03.993504,2026-08-07T12:32:23.993504,2026-08-07T12:32:26.025,158707,3163.303,25.21,003,city,none,Start a phone call,,combined,xlstm,0.7,0.35,0,6260f154,0,,,,,,,,,
c470d5b2-d1b2-45cf-a112-c8969f3c2e0d,8,1,254604,274604,2026-08-07T12:32:26.051504,2026-08-07T12:32:46.051504,2026-08-07T12:32:48.147,159108,3183.353,34.47,003,city,none,Start a phone call,,combined,xlstm,0.7,0.35,0,6260f154,0;1,,,,,,,,,
c470d5b2-d1b2-45cf-a112-c8969f3c2e0d,8,2,254604,274604,2026-08-07T12:32:26.051504,2026-08-07T12:32:46.051504,2026-08-07T12:32:48.355,159108,3183.353,34.47,003,city,none,Change song,,combined,xlstm,0.7,0.35,0,6260f154,0;1,,,,,,,,,
c470d5b2-d1b2-45cf-a112-c8969f3c2e0d,9,1,276913,296913,2026-08-07T12:32:48.360504,2026-08-07T12:33:08.360504,2026-08-07T12:33:11.480,159509,3203.403,29.74,003,city,none,Provide traffic news,,combined,xlstm,0.7,0.35,0,6260f154,0;1;2,,,,,,,,,
c470d5b2-d1b2-45cf-a112-c8969f3c2e0d,9,2,276913,296913,2026-08-07T12:32:48.360504,2026-08-07T12:33:08.360504,2026-08-07T12:33:11.704,159509,3203.403,29.74,003,city,none,Provide weather update,,combined,xlstm,0.7,0.35,0,6260f154,0,,,,,,,,,
c470d5b2-d1b2-45cf-a112-c8969f3c2e0d,10,1,300276,320276,2026-08-07T12:33:11.723504,2026-08-07T12:33:31.723504,2026-08-07T12:33:33.531,159910,3223.453,28.72,003,city,none,Change song,,combined,xlstm,0.7,0.35,0,6260f154,0;1;2,,,,,,,,,
c470d5b2-d1b2-45cf-a112-c8969f3c2e0d,10,2,300276,320276,2026-08-07T12:33:11.723504,2026-08-07T12:33:31.723504,2026-08-07T12:33:33.771,159910,3223.453,28.72,003,city,none,Provide traffic news,,combined,xlstm,0.7,0.35,0,6260f154,2,,,,,,,,,
c470d5b2-d1b2-45cf-a112-c8969f3c2e0d,11,1,322335,342335,2026-08-07T12:33:33.782504,2026-08-07T12:33:53.782504,2026-08-07T12:33:55.462,160311,3243.503,84.11,003,city,none,Change song,,combined,xlstm,0.7,0.35,0,6260f154,0;1,,,,,,,,,
c470d5b2-d1b2-45cf-a112-c8969f3c2e0d,11,2,322335,342335,2026-08-07T12:33:33.782504,2026-08-07T12:33:53.782504,2026-08-07T12:33:55.638,160311,3243.503,84.11,003,city,none,Provide traffic news,,combined,xlstm,0.7,0.35,0,6260f154,0,,,,,,,,,
c470d5b2-d1b2-45cf-a112-c8969f3c2e0d,12,1,344192,364192,2026-08-07T12:33:55.639504,2026-08-07T12:34:15.639504,2026-08-07T12:34:17.207,160711,3263.503,79.41,003,city,none,Provide weather update,,combined,xlstm,0.7,0.35,0,6260f154,0;1,,,,,,,,,
c470d5b2-d1b2-45cf-a112-c8969f3c2e0d,12,2,344192,364192,2026-08-07T12:33:55.639504,2026-08-07T12:34:15.639504,2026-08-07T12:34:17.367,160711,3263.503,79.41,003,city,none,Provide traffic news,,combined,xlstm,0.7,0.35,0,6260f154,0,,,,,,,,,
c470d5b2-d1b2-45cf-a112-c8969f3c2e0d,13,1,365950,385950,2026-08-07T12:34:17.397504,2026-08-07T12:34:37.397504,2026-08-07T12:34:39.733,161112,3283.553,26.45,003,city,none,Start a phone call,,combined,xlstm,0.7,0.35,0,6260f154,0;1,,,,,,,,,
c470d5b2-d1b2-45cf-a112-c8969f3c2e0d,13,2,365950,385950,2026-08-07T12:34:17.397504,2026-08-07T12:34:37.397504,2026-08-07T12:34:40.692,161112,3283.553,26.45,003,city,none,Provide weather update,,combined,xlstm,0.7,0.35,0,6260f154,1,,,,,,,,,
c470d5b2-d1b2-45cf-a112-c8969f3c2e0d,14,1,389263,409263,2026-08-07T12:34:40.710504,2026-08-07T12:35:00.710504,2026-08-07T12:35:02.822,161513,3303.603,2.65,003,city,none,Provide weather update,,combined,xlstm,0.7,0.35,0,6260f154,4,,,,,,,,,
c470d5b2-d1b2-45cf-a112-c8969f3c2e0d,15,1,412225,432225,2026-08-07T12:35:03.672504,2026-08-07T12:35:23.672504,2026-08-07T12:35:25.559,161913,3323.603,58.06,003,city,none,Send a text message,,combined,xlstm,0.7,0.35,0,6260f154,1;2,,,,,,,,,
c470d5b2-d1b2-45cf-a112-c8969f3c2e0d,15,2,412225,432225,2026-08-07T12:35:03.672504,2026-08-07T12:35:23.672504,2026-08-07T12:35:26.504,161913,3323.603,58.06,003,city,none,Provide weather update,,combined,xlstm,0.7,0.35,0,6260f154,3,,,,,,,,,
c470d5b2-d1b2-45cf-a112-c8969f3c2e0d,16,1,435088,455088,2026-08-07T12:35:26.535504,2026-08-07T12:35:46.535504,2026-08-07T12:35:48.439,162314,3343.653,61.72,003,city,none,Provide weather update,,combined,xlstm,0.7,0.35,0,6260f154,0;1;2,,,,,,,,,
c470d5b2-d1b2-45cf-a112-c8969f3c2e0d,16,2,435088,455088,2026-08-07T12:35:26.535504,2026-08-07T12:35:46.535504,2026-08-07T12:35:49.479,162314,3343.653,61.72,003,city,none,Change song,,combined,xlstm,0.7,0.35,0,6260f154,1;2,,,,,,,,,
c470d5b2-d1b2-45cf-a112-c8969f3c2e0d,17,1,458051,478051,2026-08-07T12:35:49.498504,2026-08-07T12:36:09.498504,2026-08-07T12:36:12.714,162715,3363.703,25.8,003,city,none,Provide weather update,,combined,xlstm,0.7,0.35,0,6260f154,4,,,,,,,,,
c470d5b2-d1b2-45cf-a112-c8969f3c2e0d,17,2,458051,478051,2026-08-07T12:35:49.498504,2026-08-07T12:36:09.498504,2026-08-07T12:36:12.890,162715,3363.703,25.8,003,city,none,Change song,,combined,xlstm,0.7,0.35,0,6260f154,4,,,,,,,,,
c470d5b2-d1b2-45cf-a112-c8969f3c2e0d,18,1,481467,501467,2026-08-07T12:36:12.914504,2026-08-07T12:36:32.914504,2026-08-07T12:36:35.106,163116,3383.753,10.9,003,city,none,Provide traffic news,,combined,xlstm,0.7,0.35,0,6260f154,0,,,,,,,,,
c470d5b2-d1b2-45cf-a112-c8969f3c2e0d,18,2,481467,501467,2026-08-07T12:36:12.914504,2026-08-07T12:36:32.914504,2026-08-07T12:36:35.906,163116,3383.753,10.9,003,city,none,Change song,,combined,xlstm,0.7,0.35,0,6260f154,0,,,,,,,,,
c470d5b2-d1b2-45cf-a112-c8969f3c2e0d,19,1,504479,524479,2026-08-07T12:36:35.926504,2026-08-07T12:36:55.926504,2026-08-07T12:36:58.054,163517,3403.803,16.15,003,city,none,Change song,,combined,xlstm,0.7,0.35,0,6260f154,0;1;2,,,,,,,,,
c470d5b2-d1b2-45cf-a112-c8969f3c2e0d,19,2,504479,524479,2026-08-07T12:36:35.926504,2026-08-07T12:36:55.926504,2026-08-07T12:36:58.278,163517,3403.803,16.15,003,city,none,Start a phone call,,combined,xlstm,0.7,0.35,0,6260f154,0,,,,,,,,,
c470d5b2-d1b2-45cf-a112-c8969f3c2e0d,20,1,526837,546837,2026-08-07T12:36:58.284504,2026-08-07T12:37:18.284504,2026-08-07T12:37:25.660,163918,3423.853,26.38,003,city,none,Change song,,combined,xlstm,0.7,0.35,0,6260f154,0;1,,,,,,,,,
c470d5b2-d1b2-45cf-a112-c8969f3c2e0d,20,2,526837,546837,2026-08-07T12:36:58.284504,2026-08-07T12:37:18.284504,2026-08-07T12:37:25.883,163918,3423.853,26.38,003,city,none,Provide traffic news,,combined,xlstm,0.7,0.35,0,6260f154,0,,,,,,,,,
c470d5b2-d1b2-45cf-a112-c8969f3c2e0d,21,1,554456,574456,2026-08-07T12:37:25.903504,2026-08-07T12:37:45.903504,2026-08-07T12:37:47.503,164315,3443.703,88.87,003,city,none,Change song,,combined,xlstm,0.7,0.35,0,6260f154,0;1,,,,,,,,,
c470d5b2-d1b2-45cf-a112-c8969f3c2e0d,21,2,554456,574456,2026-08-07T12:37:25.903504,2026-08-07T12:37:45.903504,2026-08-07T12:37:47.711,164315,3443.703,88.87,003,city,none,Start a phone call,,combined,xlstm,0.7,0.35,0,6260f154,1,,,,,,,,,
c470d5b2-d1b2-45cf-a112-c8969f3c2e0d,22,1,576265,596265,2026-08-07T12:37:47.712504,2026-08-07T12:38:07.712504,2026-08-07T12:38:09.728,164715,3463.703,2.06,003,city,none,Start a phone call,,combined,xlstm,0.7,0.35,0,6260f154,0;1,,,,,,,,,
c470d5b2-d1b2-45cf-a112-c8969f3c2e0d,22,2,576265,596265,2026-08-07T12:37:47.712504,2026-08-07T12:38:07.712504,2026-08-07T12:38:10.976,164715,3463.703,2.06,003,city,none,Provide weather update,,combined,xlstm,0.7,0.35,0,6260f154,1,,,,,,,,,
c470d5b2-d1b2-45cf-a112-c8969f3c2e0d,23,1,599532,619532,2026-08-07T12:38:10.979504,2026-08-07T12:38:30.979504,2026-08-07T12:38:32.547,165115,3483.703,81.49,003,city,none,Send a text message,,combined,xlstm,0.7,0.35,0,6260f154,0;1;2,,,,,,,,,
c470d5b2-d1b2-45cf-a112-c8969f3c2e0d,23,2,599532,619532,2026-08-07T12:38:10.979504,2026-08-07T12:38:30.979504,2026-08-07T12:38:32.723,165115,3483.703,81.49,003,city,none,Start a phone call,,combined,xlstm,0.7,0.35,0,6260f154,0;1,,,,,,,,,
c470d5b2-d1b2-45cf-a112-c8969f3c2e0d,24,1,621289,641289,2026-08-07T12:38:32.736504,2026-08-07T12:38:52.736504,2026-08-07T12:38:54.959,165516,3503.753,80.35,003,city,none,Change song,,combined,xlstm,0.7,0.35,0,6260f154,0;1,,,,,,,,,
c470d5b2-d1b2-45cf-a112-c8969f3c2e0d,24,2,621289,641289,2026-08-07T12:38:32.736504,2026-08-07T12:38:52.736504,2026-08-07T12:38:55.184,165516,3503.753,80.35,003,city,none,Provide weather update,,combined,xlstm,0.7,0.35,0,6260f154,1,,,,,,,,,
c470d5b2-d1b2-45cf-a112-c8969f3c2e0d,25,1,643750,663750,2026-08-07T12:38:55.197504,2026-08-07T12:39:15.197504,2026-08-07T12:39:16.877,165917,3523.803,60.04,003,city,none,Provide weather update,,combined,xlstm,0.7,0.35,0,6260f154,0;1,,,,,,,,,
c470d5b2-d1b2-45cf-a112-c8969f3c2e0d,25,2,643750,663750,2026-08-07T12:38:55.197504,2026-08-07T12:39:15.197504,2026-08-07T12:39:17.069,165917,3523.803,60.04,003,city,none,Send a text message,,combined,xlstm,0.7,0.35,0,6260f154,1,,,,,,,,,
c470d5b2-d1b2-45cf-a112-c8969f3c2e0d,26,1,665662,685662,2026-08-07T12:39:17.109504,2026-08-07T12:39:37.109504,2026-08-07T12:39:38.868,166318,3543.853,68.26,003,city,none,Provide traffic news,,combined,xlstm,0.7,0.35,0,6260f154,0;1;2,,,,,,,,,
c470d5b2-d1b2-45cf-a112-c8969f3c2e0d,26,2,665662,685662,2026-08-07T12:39:17.109504,2026-08-07T12:39:37.109504,2026-08-07T12:39:39.093,166318,3543.853,68.26,003,city,none,Provide weather update,,combined,xlstm,0.7,0.35,0,6260f154,1,,,,,,,,,
c470d5b2-d1b2-45cf-a112-c8969f3c2e0d,27,1,687674,707674,2026-08-07T12:39:39.121504,2026-08-07T12:39:59.121504,2026-08-07T12:40:01.009,166719,3563.903,51.83,003,city,none,Change song,,combined,xlstm,0.7,0.35,0,6260f154,0;1;2,,,,,,,,,
c470d5b2-d1b2-45cf-a112-c8969f3c2e0d,27,2,687674,707674,2026-08-07T12:39:39.121504,2026-08-07T12:39:59.121504,2026-08-07T12:40:01.217,166719,3563.903,51.83,003,city,none,Send a text message,,combined,xlstm,0.7,0.35,0,6260f154,1,,,,,,,,,
c470d5b2-d1b2-45cf-a112-c8969f3c2e0d,28,1,709818,729818,2026-08-07T12:40:01.265504,2026-08-07T12:40:21.265504,2026-08-07T12:40:23.409,167113,3583.603,61.96,003,city,none,Change song,,combined,xlstm,0.7,0.35,0,6260f154,0,,,,,,,,,
c470d5b2-d1b2-45cf-a112-c8969f3c2e0d,28,2,709818,729818,2026-08-07T12:40:01.265504,2026-08-07T12:40:21.265504,2026-08-07T12:40:23.665,167113,3583.603,61.96,003,city,none,Provide traffic news,,combined,xlstm,0.7,0.35,0,6260f154,1,,,,,,,,,
c470d5b2-d1b2-45cf-a112-c8969f3c2e0d,29,1,732232,752232,2026-08-07T12:40:23.679504,2026-08-07T12:40:43.679504,2026-08-07T12:40:45.550,167514,3603.653,57.94,003,city,none,Change song,,combined,xlstm,0.7,0.35,0,6260f154,0;1,,,,,,,,,
c470d5b2-d1b2-45cf-a112-c8969f3c2e0d,29,2,732232,752232,2026-08-07T12:40:23.679504,2026-08-07T12:40:43.679504,2026-08-07T12:40:45.759,167514,3603.653,57.94,003,city,none,Provide traffic news,,combined,xlstm,0.7,0.35,0,6260f154,1,,,,,,,,,
c470d5b2-d1b2-45cf-a112-c8969f3c2e0d,30,1,754347,774347,2026-08-07T12:40:45.794504,2026-08-07T12:41:05.794504,2026-08-07T12:41:07.506,167915,3623.703,57.59,003,city,none,Provide traffic news,,combined,xlstm,0.7,0.35,0,6260f154,2,,,,,,,,,
c470d5b2-d1b2-45cf-a112-c8969f3c2e0d,30,2,754347,774347,2026-08-07T12:40:45.794504,2026-08-07T12:41:05.794504,2026-08-07T12:41:08.434,167915,3623.703,57.59,003,city,none,Start a phone call,,combined,xlstm,0.7,0.35,0,6260f154,2,,,,,,,,,
c470d5b2-d1b2-45cf-a112-c8969f3c2e0d,32,1,823910,843910,2026-08-07T12:41:55.357504,2026-08-07T12:42:15.357504,2026-08-07T12:42:18.220,168714,3663.653,78.34,003,city,none,Start a phone call,,combined,xlstm,0.7,0.35,0,6260f154,1,,,,,,,,,
c470d5b2-d1b2-45cf-a112-c8969f3c2e0d,32,2,823910,843910,2026-08-07T12:41:55.357504,2026-08-07T12:42:15.357504,2026-08-07T12:42:19.229,168714,3663.653,78.34,003,city,none,Provide traffic news,,combined,xlstm,0.7,0.35,0,6260f154,3;4,,,,,,,,,
c470d5b2-d1b2-45cf-a112-c8969f3c2e0d,33,1,847826,867826,2026-08-07T12:42:19.273504,2026-08-07T12:42:39.273504,2026-08-07T12:42:41.129,169115,3683.703,82.08,003,city,none,Change song,,combined,xlstm,0.7,0.35,0,6260f154,0,,,,,,,,,
c470d5b2-d1b2-45cf-a112-c8969f3c2e0d,33,2,847826,867826,2026-08-07T12:42:19.273504,2026-08-07T12:42:39.273504,2026-08-07T12:42:42.472,169115,3683.703,82.08,003,city,none,Provide traffic news,,combined,xlstm,0.7,0.35,0,6260f154,0,,,,,,,,,
c470d5b2-d1b2-45cf-a112-c8969f3c2e0d,34,1,871045,891045,2026-08-07T12:42:42.492504,2026-08-07T12:43:02.492504,2026-08-07T12:43:04.397,169516,3703.753,29.6,003,city,none,Provide traffic news,,combined,xlstm,0.7,0.35,0,6260f154,0;1,,,,,,,,,
c470d5b2-d1b2-45cf-a112-c8969f3c2e0d,34,2,871045,891045,2026-08-07T12:42:42.492504,2026-08-07T12:43:02.492504,2026-08-07T12:43:04.573,169516,3703.753,29.6,003,city,none,Start a phone call,,combined,xlstm,0.7,0.35,0,6260f154,1,,,,,,,,,
c470d5b2-d1b2-45cf-a112-c8969f3c2e0d,35,1,893160,913160,2026-08-07T12:43:04.607504,2026-08-07T12:43:24.607504,2026-08-07T12:43:26.239,169917,3723.803,11.08,003,city,none,Provide weather update,,combined,xlstm,0.7,0.35,0,6260f154,0;1,,,,,,,,,
c470d5b2-d1b2-45cf-a112-c8969f3c2e0d,35,2,893160,913160,2026-08-07T12:43:04.607504,2026-08-07T12:43:24.607504,2026-08-07T12:43:26.414,169917,3723.803,11.08,003,city,none,Start a phone call,,combined,xlstm,0.7,0.35,0,6260f154,1,,,,,,,,,
c470d5b2-d1b2-45cf-a112-c8969f3c2e0d,36,1,914972,934972,2026-08-07T12:43:26.419504,2026-08-07T12:43:46.419504,2026-08-07T12:43:48.819,170317,3743.803,8.42,003,city,none,Provide weather update,,combined,xlstm,0.7,0.35,0,6260f154,1,,,,,,,,,
c470d5b2-d1b2-45cf-a112-c8969f3c2e0d,36,2,914972,934972,2026-08-07T12:43:26.419504,2026-08-07T12:43:46.419504,2026-08-07T12:43:48.963,170317,3743.803,8.42,003,city,none,Start a phone call,,combined,xlstm,0.7,0.35,0,6260f154,1,,,,,,,,,
c470d5b2-d1b2-45cf-a112-c8969f3c2e0d,37,1,937537,957537,2026-08-07T12:43:48.984504,2026-08-07T12:44:08.984504,2026-08-07T12:44:10.920,170718,3763.853,0.0,003,city,none,Send a text message,,combined,xlstm,0.7,0.35,0,6260f154,0;1;2,,,,,,,,,
c470d5b2-d1b2-45cf-a112-c8969f3c2e0d,37,2,937537,957537,2026-08-07T12:43:48.984504,2026-08-07T12:44:08.984504,2026-08-07T12:44:11.145,170718,3763.853,0.0,003,city,none,Start a phone call,,combined,xlstm,0.7,0.35,0,6260f154,1,,,,,,,,,
c470d5b2-d1b2-45cf-a112-c8969f3c2e0d,38,1,959705,979705,2026-08-07T12:44:11.152504,2026-08-07T12:44:31.152504,2026-08-07T12:44:32.799,171119,3783.903,89.09,003,city,none,Provide traffic news,,combined,xlstm,0.7,0.35,0,6260f154,0;1;2,,,,,,,,,
c470d5b2-d1b2-45cf-a112-c8969f3c2e0d,38,2,959705,979705,2026-08-07T12:44:11.152504,2026-08-07T12:44:31.152504,2026-08-07T12:44:32.976,171119,3783.903,89.09,003,city,none,Start a phone call,,combined,xlstm,0.7,0.35,0,6260f154,2,,,,,,,,,
