dropout,lr,window_seconds,loss,fold,val_pids,seed,best_set_mae,smoothed_best_set_mae,best_epoch_smoothed,best_epoch_1se,metrics_epoch,epochs_run,set_acc_at_best,qwk_at_best,val_n,mae_argmax,acc_argmax,mae_median,acc_median,pred_loa0,pred_loa1,pred_loa2,pred_loa3,pred_loa4,const_set_mae,const_loa_mae,const_set_acc,const_loa_acc,lbl_loa0,lbl_loa1,lbl_loa2,lbl_loa3,lbl_loa4,trn_loa0,trn_loa1,trn_loa2,trn_loa3,trn_loa4
0.1,0.001,5.0,corn,0,001|005,2,1.5737704918032787,1.6565573770491802,17,14,17,36,0.2336065573770492,0.12508640268588933,244,1.7704918032786885,0.23770491803278687,1.7131147540983607,0.2336065573770492,84.0,97.0,36.0,7.0,20.0,1.209016393442623,3,0.3770491803278688,4,49,17,48,59,92,463,302,177,119,227
0.1,0.001,5.0,corn,0,001|005,0,1.4836065573770492,1.5557377049180328,12,11,12,39,0.27459016393442626,0.1690945851369916,244,1.5327868852459017,0.29918032786885246,1.5532786885245902,0.27459016393442626,85.0,60.0,62.0,14.0,23.0,1.209016393442623,3,0.3770491803278688,4,49,17,48,59,92,463,302,177,119,227
0.1,0.001,5.0,corn,0,001|005,3,1.4754098360655739,1.5278688524590165,19,18,19,39,0.27049180327868855,0.12197217895697943,244,1.5614754098360655,0.3073770491803279,1.5819672131147542,0.27049180327868855,83.0,54.0,83.0,12.0,12.0,1.209016393442623,3,0.3770491803278688,4,49,17,48,59,92,463,302,177,119,227
0.1,0.001,5.0,corn,0,001|005,1,1.2950819672131149,1.4942622950819673,26,25,26,48,0.27049180327868855,0.08966814722607297,244,1.528688524590164,0.30327868852459017,1.5614754098360655,0.27049180327868855,71.0,43.0,73.0,35.0,22.0,1.209016393442623,3,0.3770491803278688,4,49,17,48,59,92,463,302,177,119,227
0.1,0.001,5.0,corn,1,002|006,0,1.1761904761904762,1.5438095238095237,3,3,3,24,0.23809523809523808,0.00721216402096736,210,1.6238095238095238,0.3142857142857143,1.4428571428571428,0.23809523809523808,37.0,68.0,48.0,20.0,37.0,1.1238095238095238,1,0.46190476190476193,0,97,35,53,57,7,415,284,172,121,312
0.1,0.001,5.0,corn,1,002|006,1,1.180952380952381,1.6600000000000001,3,3,3,24,0.19047619047619047,-0.251621271076524,210,1.776190476190476,0.26666666666666666,1.7285714285714286,0.19047619047619047,23.0,69.0,48.0,34.0,36.0,1.1238095238095238,1,0.46190476190476193,0,97,35,53,57,7,415,284,172,121,312
0.1,0.001,5.0,corn,1,002|006,2,1.1952380952380952,1.5019047619047619,3,3,3,25,0.21904761904761905,-0.09347818369013372,210,1.9666666666666666,0.21904761904761905,1.5809523809523809,0.21904761904761905,12.0,31.0,85.0,40.0,42.0,1.1238095238095238,1,0.46190476190476193,0,97,35,53,57,7,415,284,172,121,312
0.1,0.001,5.0,corn,0,001|005,4,1.4221311475409837,1.544262295081967,16,16,16,39,0.27049180327868855,0.05524865847263427,244,1.5901639344262295,0.28688524590163933,1.5737704918032787,0.27049180327868855,60.0,74.0,70.0,21.0,19.0,1.209016393442623,3,0.3770491803278688,4,49,17,48,59,92,463,302,177,119,227
0.1,0.001,5.0,corn,1,002|006,4,1.2714285714285714,1.6066666666666667,3,3,3,24,0.24761904761904763,-0.12293104034258917,210,2.0285714285714285,0.26666666666666666,1.6095238095238096,0.24761904761904763,13.0,56.0,60.0,29.0,52.0,1.1238095238095238,1,0.46190476190476193,0,97,35,53,57,7,415,284,172,121,312
0.1,0.001,5.0,corn,1,002|006,3,1.1142857142857143,1.6771428571428573,8,5,8,28,0.24285714285714285,-0.17660516964416106,210,1.9095238095238096,0.23333333333333334,1.8238095238095238,0.24285714285714285,55.0,29.0,38.0,27.0,61.0,1.1238095238095238,1,0.46190476190476193,0,97,35,53,57,7,415,284,172,121,312
0.1,0.001,5.0,corn,2,003|007,1,1.4108527131782946,1.5472868217054263,3,3,3,25,0.2131782945736434,0.01599472832923987,258,1.7790697674418605,0.29457364341085274,1.7131782945736433,0.2131782945736434,30.0,52.0,56.0,73.0,47.0,1.4224806201550388,1,0.32170542635658916,4,74,72,14,15,83,438,247,211,163,236
0.1,0.001,5.0,corn,2,003|007,0,1.5271317829457365,1.6170542635658915,25,24,25,47,0.2364341085271318,0.10946010971032638,258,1.5930232558139534,0.24031007751937986,1.5813953488372092,0.2364341085271318,60.0,33.0,77.0,42.0,46.0,1.4224806201550388,1,0.32170542635658916,4,74,72,14,15,83,438,247,211,163,236
0.1,0.001,5.0,corn,2,003|007,3,1.3914728682170543,1.5516795865633075,28,4,28,29,0.26744186046511625,0.16274204795365554,258,1.550387596899225,0.2751937984496124,1.5465116279069768,0.26744186046511625,77.0,40.0,58.0,26.0,57.0,1.4224806201550388,1,0.32170542635658916,4,74,72,14,15,83,438,247,211,163,236
0.1,0.001,5.0,corn,2,003|007,2,1.3682170542635659,1.4790697674418605,21,20,21,43,0.2868217054263566,0.23576867453084982,258,1.5155038759689923,0.28294573643410853,1.4883720930232558,0.2868217054263566,72.0,34.0,52.0,33.0,67.0,1.4224806201550388,1,0.32170542635658916,4,74,72,14,15,83,438,247,211,163,236
0.1,0.001,5.0,corn,2,003|007,4,1.449612403100775,1.614987080103359,32,3,32,33,0.25193798449612403,0.12520035932573592,258,1.6395348837209303,0.2558139534883721,1.6395348837209303,0.25193798449612403,78.0,36.0,54.0,30.0,60.0,1.4224806201550388,1,0.32170542635658916,4,74,72,14,15,83,438,247,211,163,236
0.1,0.001,5.0,corn,3,004|008,1,1.0208333333333333,1.3675,8,7,8,30,0.29583333333333334,-0.00922685332484896,240,1.4208333333333334,0.3125,1.3458333333333334,0.29583333333333334,41.0,48.0,99.0,19.0,33.0,0.5375,1,0.4708333333333333,0,113,111,42,1,0,399,208,183,177,319
0.1,0.001,5.0,corn,3,004|008,2,1.1041666666666667,1.3194444444444444,24,13,24,25,0.32916666666666666,0.06755126658624844,240,1.2625,0.3458333333333333,1.2708333333333333,0.32916666666666666,63.0,59.0,54.0,23.0,41.0,0.5375,1,0.4708333333333333,0,113,111,42,1,0,399,208,183,177,319
0.1,0.001,5.0,corn,3,004|008,3,1.15,1.4266666666666667,3,3,3,25,0.2791666666666667,-0.029016455219193604,240,1.65,0.3,1.5333333333333334,0.2791666666666667,30.0,68.0,70.0,11.0,61.0,0.5375,1,0.4708333333333333,0,113,111,42,1,0,399,208,183,177,319
0.1,0.001,5.0,corn,3,004|008,0,0.7625,1.1916666666666667,21,20,21,43,0.37916666666666665,0.08145968593085351,240,1.2291666666666667,0.37916666666666665,1.1916666666666667,0.37916666666666665,68.0,51.0,60.0,28.0,33.0,0.5375,1,0.4708333333333333,0,113,111,42,1,0,399,208,183,177,319
0.1,0.001,5.0,corn,4,009|011,2,1.128,1.2616,8,6,8,27,0.364,0.19589932951122346,250,1.488,0.396,1.396,0.364,51.0,28.0,61.0,36.0,74.0,1.468,3,0.368,4,79,43,11,45,92,433,276,214,133,227
0.1,0.001,5.0,corn,4,009|011,0,1.148,1.2568,6,5,6,29,0.396,0.3800081801475883,250,1.388,0.452,1.276,0.396,85.0,63.0,23.0,31.0,48.0,1.468,3,0.368,4,79,43,11,45,92,433,276,214,133,227
0.1,0.001,5.0,corn,4,009|011,1,1.052,1.2311999999999999,13,10,13,36,0.372,0.387023198583476,250,1.304,0.408,1.252,0.372,75.0,63.0,42.0,19.0,51.0,1.468,3,0.368,4,79,43,11,45,92,433,276,214,133,227
0.1,0.001,5.0,corn,3,004|008,4,0.9833333333333333,1.5958333333333332,28,26,28,49,0.25833333333333336,-0.022509796773899415,240,1.5416666666666667,0.25,1.5041666666666667,0.25833333333333336,41.0,38.0,95.0,22.0,44.0,0.5375,1,0.4708333333333333,0,113,111,42,1,0,399,208,183,177,319
0.1,0.001,5.0,corn,4,009|011,4,1.032,1.2328,13,5,13,25,0.436,0.4313787275487697,250,1.216,0.456,1.192,0.436,85.0,58.0,28.0,25.0,54.0,1.468,3,0.368,4,79,43,11,45,92,433,276,214,133,227
0.1,0.001,5.0,corn,4,009|011,3,1.144,1.2376,11,7,11,28,0.408,0.30645766577177325,250,1.372,0.44,1.332,0.408,72.0,56.0,25.0,24.0,73.0,1.468,3,0.368,4,79,43,11,45,92,433,276,214,133,227
0.1,0.001,5.0,corn,5,010|012,0,1.3442622950819672,1.7508196721311478,3,3,3,24,0.26229508196721313,-0.24360813567967354,244,1.8401639344262295,0.29918032786885246,1.7172131147540983,0.26229508196721313,105.0,56.0,32.0,17.0,34.0,1.2049180327868851,1,0.4098360655737705,0,100,41,57,1,45,412,278,168,177,274
0.1,0.001,5.0,corn,5,010|012,1,1.3811475409836065,1.7155737704918033,23,13,23,32,0.29098360655737704,-0.2111215122599348,244,1.7827868852459017,0.28688524590163933,1.7254098360655739,0.29098360655737704,95.0,44.0,34.0,31.0,40.0,1.2049180327868851,1,0.4098360655737705,0,100,41,57,1,45,412,278,168,177,274
0.1,0.001,5.0,corn,5,010|012,2,1.290983606557377,1.75,3,3,3,24,0.18032786885245902,-0.28979046693956856,244,1.8319672131147542,0.24180327868852458,1.75,0.18032786885245902,37.0,110.0,46.0,9.0,42.0,1.2049180327868851,1,0.4098360655737705,0,100,41,57,1,45,412,278,168,177,274
0.1,0.001,5.0,corn,5,010|012,4,1.3401639344262295,1.7877049180327869,13,3,13,42,0.29508196721311475,-0.2605201315995611,244,1.790983606557377,0.3155737704918033,1.7336065573770492,0.29508196721311475,92.0,44.0,45.0,27.0,36.0,1.2049180327868851,1,0.4098360655737705,0,100,41,57,1,45,412,278,168,177,274
0.1,0.001,5.0,corn,5,010|012,3,1.278688524590164,1.6524590163934423,27,19,27,46,0.2827868852459016,-0.1715219334751379,244,1.6926229508196722,0.29098360655737704,1.680327868852459,0.2827868852459016,99.0,52.0,32.0,22.0,39.0,1.2049180327868851,1,0.4098360655737705,0,100,41,57,1,45,412,278,168,177,274
0.1,0.002,5.0,corn,0,001|005,0,1.4795081967213115,1.6073770491803276,19,17,19,40,0.30327868852459017,0.10070310728056242,244,1.540983606557377,0.3237704918032787,1.4795081967213115,0.30327868852459017,51.0,57.0,79.0,26.0,31.0,1.209016393442623,3,0.3770491803278688,4,49,17,48,59,92,463,302,177,119,227
0.1,0.002,5.0,corn,0,001|005,1,1.4385245901639345,1.6008196721311474,7,6,7,40,0.29098360655737704,0.11812235023312079,244,1.7704918032786885,0.319672131147541,1.6926229508196722,0.29098360655737704,118.0,44.0,57.0,15.0,10.0,1.209016393442623,3,0.3770491803278688,4,49,17,48,59,92,463,302,177,119,227
0.1,0.002,5.0,corn,0,001|005,2,1.5327868852459017,1.666393442622951,4,3,4,24,0.20491803278688525,0.06486643117341884,244,1.6352459016393444,0.3360655737704918,1.6598360655737705,0.20491803278688525,56.0,124.0,47.0,8.0,9.0,1.209016393442623,3,0.3770491803278688,4,49,17,48,59,92,463,302,177,119,227
0.1,0.002,5.0,corn,0,001|005,3,1.5040983606557377,1.6418032786885246,7,7,7,26,0.22131147540983606,0.030473135525260653,244,1.8442622950819672,0.27459016393442626,1.75,0.22131147540983606,74.0,109.0,51.0,7.0,3.0,1.209016393442623,3,0.3770491803278688,4,49,17,48,59,92,463,302,177,119,227
0.1,0.002,5.0,corn,0,001|005,4,1.5122950819672132,1.6303278688524592,9,8,9,30,0.29098360655737704,0.09069305219495338,244,1.4631147540983607,0.3729508196721312,1.5122950819672132,0.29098360655737704,65.0,63.0,83.0,19.0,14.0,1.209016393442623,3,0.3770491803278688,4,49,17,48,59,92,463,302,177,119,227
0.1,0.002,5.0,corn,1,002|006,0,1.2285714285714286,1.520952380952381,3,3,3,25,0.22857142857142856,-0.11837293724984366,210,1.5333333333333334,0.3238095238095238,1.4904761904761905,0.22857142857142856,26.0,89.0,49.0,9.0,37.0,1.1238095238095238,1,0.46190476190476193,0,97,35,53,57,7,415,284,172,121,312
0.1,0.002,5.0,corn,1,002|006,1,1.180952380952381,1.6942857142857144,3,3,3,35,0.19523809523809524,-0.13266583229036288,210,1.8428571428571427,0.2523809523809524,1.6238095238095238,0.19523809523809524,10.0,91.0,36.0,26.0,47.0,1.1238095238095238,1,0.46190476190476193,0,97,35,53,57,7,415,284,172,121,312
0.1,0.002,5.0,corn,1,002|006,2,1.276190476190476,1.5971428571428574,3,3,3,36,0.21904761904761905,-0.2862507823909868,210,2.1285714285714286,0.2619047619047619,1.9095238095238096,0.21904761904761905,1.0,19.0,90.0,26.0,74.0,1.1238095238095238,1,0.46190476190476193,0,97,35,53,57,7,415,284,172,121,312
0.1,0.002,5.0,corn,1,002|006,3,1.3095238095238095,1.7238095238095237,8,5,8,28,0.24761904761904763,-0.15958250552648523,210,1.8523809523809525,0.28095238095238095,1.8285714285714285,0.24761904761904763,50.0,30.0,35.0,27.0,68.0,1.1238095238095238,1,0.46190476190476193,0,97,35,53,57,7,415,284,172,121,312
0.1,0.002,5.0,corn,1,002|006,4,1.3285714285714285,1.6514285714285717,9,7,9,28,0.2761904761904762,-0.13881871243139665,210,1.6904761904761905,0.3,1.638095238095238,0.2761904761904762,42.0,40.0,50.0,30.0,48.0,1.1238095238095238,1,0.46190476190476193,0,97,35,53,57,7,415,284,172,121,312
0.1,0.002,5.0,corn,2,003|007,1,1.3875968992248062,1.541860465116279,21,3,21,25,0.22868217054263565,0.2215368110500201,258,1.4767441860465116,0.2441860465116279,1.4844961240310077,0.22868217054263565,62.0,35.0,80.0,33.0,48.0,1.4224806201550388,1,0.32170542635658916,4,74,72,14,15,83,438,247,211,163,236
0.1,0.002,5.0,corn,2,003|007,3,1.2674418604651163,1.574418604651163,15,6,15,25,0.22093023255813954,0.07152602186527945,258,1.682170542635659,0.2364341085271318,1.6705426356589148,0.22093023255813954,80.0,34.0,70.0,22.0,52.0,1.4224806201550388,1,0.32170542635658916,4,74,72,14,15,83,438,247,211,163,236
0.1,0.002,5.0,corn,2,003|007,0,1.5813953488372092,1.624031007751938,38,36,38,40,0.22868217054263565,0.09986300118732305,258,1.6666666666666667,0.2364341085271318,1.6511627906976745,0.22868217054263565,78.0,43.0,54.0,36.0,47.0,1.4224806201550388,1,0.32170542635658916,4,74,72,14,15,83,438,247,211,163,236
0.1,0.002,5.0,corn,2,003|007,2,1.3914728682170543,1.551937984496124,6,5,6,34,0.24806201550387597,0.012569494802997405,258,1.7635658914728682,0.27906976744186046,1.7015503875968991,0.24806201550387597,79.0,71.0,37.0,33.0,38.0,1.4224806201550388,1,0.32170542635658916,4,74,72,14,15,83,438,247,211,163,236
0.1,0.002,5.0,corn,2,003|007,4,1.445736434108527,1.594315245478036,23,13,23,24,0.2441860465116279,0.09975270996411512,258,1.624031007751938,0.24806201550387597,1.6124031007751938,0.2441860465116279,72.0,46.0,50.0,47.0,43.0,1.4224806201550388,1,0.32170542635658916,4,74,72,14,15,83,438,247,211,163,236
0.1,0.002,5.0,corn,3,004|008,2,0.95,1.3791666666666669,4,4,4,36,0.36666666666666664,0.00796484482285087,240,1.4916666666666667,0.325,1.3375,0.36666666666666664,55.0,87.0,29.0,11.0,58.0,0.5375,1,0.4708333333333333,0,113,111,42,1,0,399,208,183,177,319
0.1,0.002,5.0,corn,3,004|008,0,0.8833333333333333,1.5633333333333332,33,5,33,47,0.26666666666666666,-0.02818866871336878,240,1.4833333333333334,0.2625,1.4708333333333334,0.26666666666666666,53.0,40.0,77.0,28.0,42.0,0.5375,1,0.4708333333333333,0,113,111,42,1,0,399,208,183,177,319
0.1,0.002,5.0,corn,3,004|008,1,1.2625,1.4691666666666667,31,9,31,48,0.26666666666666666,-0.008806636885768881,240,1.5291666666666666,0.2625,1.525,0.26666666666666666,59.0,27.0,74.0,32.0,48.0,0.5375,1,0.4708333333333333,0,113,111,42,1,0,399,208,183,177,319
0.1,0.002,5.0,corn,3,004|008,3,1.2791666666666666,1.4433333333333334,33,15,33,36,0.325,0.047601530311948026,240,1.3666666666666667,0.31666666666666665,1.3541666666666667,0.325,64.0,43.0,66.0,19.0,48.0,0.5375,1,0.4708333333333333,0,113,111,42,1,0,399,208,183,177,319
0.1,0.002,5.0,corn,3,004|008,4,1.175,1.5508333333333333,17,4,17,24,0.25833333333333336,-0.008806262230919737,240,1.5625,0.25833333333333336,1.5625,0.25833333333333336,58.0,24.0,85.0,14.0,59.0,0.5375,1,0.4708333333333333,0,113,111,42,1,0,399,208,183,177,319
0.1,0.002,5.0,corn,4,009|011,0,1.188,1.3847999999999998,7,4,7,26,0.376,0.27253112517129774,250,1.432,0.428,1.4,0.376,83.0,74.0,30.0,21.0,42.0,1.468,3,0.368,4,79,43,11,45,92,433,276,214,133,227
0.1,0.002,5.0,corn,4,009|011,1,1.128,1.3552,7,7,7,26,0.364,0.3034870776544213,250,1.396,0.444,1.328,0.364,64.0,87.0,21.0,26.0,52.0,1.468,3,0.368,4,79,43,11,45,92,433,276,214,133,227
0.1,0.002,5.0,corn,4,009|011,2,1.168,1.3088,11,11,11,32,0.42,0.40568555645211346,250,1.22,0.436,1.168,0.42,49.0,66.0,39.0,18.0,78.0,1.468,3,0.368,4,79,43,11,45,92,433,276,214,133,227
0.1,0.002,5.0,corn,4,009|011,3,1.14,1.24,8,6,8,27,0.336,0.2850218128938439,250,1.368,0.408,1.332,0.336,52.0,93.0,40.0,23.0,42.0,1.468,3,0.368,4,79,43,11,45,92,433,276,214,133,227
0.1,0.002,5.0,corn,4,009|011,4,1.152,1.3192,3,3,3,24,0.356,0.41960371734174995,250,1.272,0.484,1.152,0.356,21.0,100.0,51.0,19.0,59.0,1.468,3,0.368,4,79,43,11,45,92,433,276,214,133,227
0.1,0.002,5.0,corn,5,010|012,0,1.4057377049180328,1.778688524590164,24,7,24,26,0.27049180327868855,-0.20902394106814004,244,1.75,0.26639344262295084,1.7418032786885247,0.27049180327868855,126.0,28.0,23.0,37.0,30.0,1.2049180327868851,1,0.4098360655737705,0,100,41,57,1,45,412,278,168,177,274
0.1,0.002,5.0,corn,5,010|012,1,1.3729508196721312,1.6737704918032787,24,9,24,32,0.2581967213114754,-0.15892641737032576,244,1.8278688524590163,0.26639344262295084,1.819672131147541,0.2581967213114754,90.0,38.0,25.0,34.0,57.0,1.2049180327868851,1,0.4098360655737705,0,100,41,57,1,45,412,278,168,177,274
0.1,0.002,5.0,corn,5,010|012,2,1.3688524590163935,1.778688524590164,3,3,3,24,0.21721311475409835,-0.2520670108676031,244,1.709016393442623,0.26639344262295084,1.651639344262295,0.21721311475409835,48.0,121.0,30.0,12.0,33.0,1.2049180327868851,1,0.4098360655737705,0,100,41,57,1,45,412,278,168,177,274
0.1,0.002,5.0,corn,5,010|012,3,1.360655737704918,1.6704918032786886,8,7,8,28,0.20901639344262296,-0.2922201138519924,244,1.9221311475409837,0.24180327868852458,1.8524590163934427,0.20901639344262296,93.0,41.0,37.0,41.0,32.0,1.2049180327868851,1,0.4098360655737705,0,100,41,57,1,45,412,278,168,177,274
0.1,0.002,5.0,corn,5,010|012,4,1.4221311475409837,1.6081967213114754,14,11,14,34,0.30327868852459017,-0.21860064997132467,244,1.7336065573770492,0.3237704918032787,1.6885245901639345,0.30327868852459017,80.0,41.0,56.0,33.0,34.0,1.2049180327868851,1,0.4098360655737705,0,100,41,57,1,45,412,278,168,177,274
0.15,0.001,5.0,corn,0,001|005,0,1.5081967213114753,1.5942622950819672,12,11,12,32,0.2540983606557377,0.0931210108954934,244,1.709016393442623,0.28688524590163933,1.6680327868852458,0.2540983606557377,89.0,56.0,67.0,14.0,18.0,1.209016393442623,3,0.3770491803278688,4,49,17,48,59,92,463,302,177,119,227
0.15,0.001,5.0,corn,0,001|005,1,1.5737704918032787,1.6688524590163936,28,11,28,40,0.26639344262295084,0.026709665674048644,244,1.7418032786885247,0.26639344262295084,1.709016393442623,0.26639344262295084,82.0,68.0,53.0,22.0,19.0,1.209016393442623,3,0.3770491803278688,4,49,17,48,59,92,463,302,177,119,227
0.15,0.001,5.0,corn,0,001|005,2,1.4672131147540983,1.6032786885245902,30,19,30,50,0.30327868852459017,0.06151511759511474,244,1.721311475409836,0.30327868852459017,1.7008196721311475,0.30327868852459017,91.0,68.0,50.0,11.0,24.0,1.209016393442623,3,0.3770491803278688,4,49,17,48,59,92,463,302,177,119,227
0.15,0.001,5.0,corn,0,001|005,3,1.5368852459016393,1.6573770491803277,7,5,7,44,0.2540983606557377,0.09848179497514431,244,1.7172131147540983,0.2827868852459016,1.6311475409836065,0.2540983606557377,69.0,104.0,58.0,6.0,7.0,1.209016393442623,3,0.3770491803278688,4,49,17,48,59,92,463,302,177,119,227
0.15,0.001,5.0,corn,0,001|005,4,1.5614754098360655,1.617213114754098,11,9,11,31,0.3114754098360656,0.0936209529915335,244,1.6434426229508197,0.3237704918032787,1.639344262295082,0.3114754098360656,96.0,59.0,66.0,10.0,13.0,1.209016393442623,3,0.3770491803278688,4,49,17,48,59,92,463,302,177,119,227
0.15,0.001,5.0,corn,1,002|006,0,1.1476190476190475,1.5685714285714285,3,3,3,24,0.2571428571428571,0.04092377647481149,210,1.5142857142857142,0.36666666666666664,1.3476190476190477,0.2571428571428571,62.0,84.0,28.0,6.0,30.0,1.1238095238095238,1,0.46190476190476193,0,97,35,53,57,7,415,284,172,121,312
0.15,0.001,5.0,corn,1,002|006,1,1.1714285714285715,1.7,3,3,3,24,0.1761904761904762,-0.1611829391449624,210,1.8095238095238095,0.3047619047619048,1.6333333333333333,0.1761904761904762,11.0,71.0,58.0,31.0,39.0,1.1238095238095238,1,0.46190476190476193,0,97,35,53,57,7,415,284,172,121,312
0.15,0.001,5.0,corn,1,002|006,2,1.1761904761904762,1.5066666666666666,3,3,3,25,0.2,-0.19242902208201906,210,2.1142857142857143,0.21904761904761905,1.7142857142857142,0.2,10.0,44.0,72.0,34.0,50.0,1.1238095238095238,1,0.46190476190476193,0,97,35,53,57,7,415,284,172,121,312
0.15,0.001,5.0,corn,1,002|006,3,1.1238095238095238,1.7142857142857142,8,3,8,24,0.23809523809523808,-0.1935955466839101,210,1.9428571428571428,0.21904761904761905,1.861904761904762,0.23809523809523808,24.0,33.0,41.0,41.0,71.0,1.1238095238095238,1,0.46190476190476193,0,97,35,53,57,7,415,284,172,121,312
0.15,0.001,5.0,corn,1,002|006,4,1.2428571428571429,1.5876190476190475,3,3,3,35,0.2857142857142857,-0.14497476199603865,210,2.0619047619047617,0.23333333333333334,1.6476190476190475,0.2857142857142857,14.0,64.0,46.0,28.0,58.0,1.1238095238095238,1,0.46190476190476193,0,97,35,53,57,7,415,284,172,121,312
0.15,0.001,5.0,corn,2,003|007,1,1.441860465116279,1.6589147286821706,3,3,3,25,0.16666666666666666,-0.045123755853317515,258,1.8255813953488371,0.24806201550387597,1.755813953488372,0.16666666666666666,56.0,64.0,65.0,42.0,31.0,1.4224806201550388,1,0.32170542635658916,4,74,72,14,15,83,438,247,211,163,236
0.15,0.001,5.0,corn,2,003|007,2,1.4108527131782946,1.537984496124031,18,13,18,38,0.2131782945736434,0.03507496413904221,258,1.6666666666666667,0.2248062015503876,1.6589147286821706,0.2131782945736434,68.0,49.0,71.0,36.0,34.0,1.4224806201550388,1,0.32170542635658916,4,74,72,14,15,83,438,247,211,163,236
0.15,0.001,5.0,corn,2,003|007,3,1.3875968992248062,1.593798449612403,15,14,15,26,0.17054263565891473,-0.07412481880820487,258,1.8410852713178294,0.17054263565891473,1.7829457364341086,0.17054263565891473,80.0,56.0,61.0,41.0,20.0,1.4224806201550388,1,0.32170542635658916,4,74,72,14,15,83,438,247,211,163,236
0.15,0.001,5.0,corn,2,003|007,0,1.562015503875969,1.71937984496124,30,16,30,49,0.22093023255813954,0.0277741263074871,258,1.7054263565891472,0.22093023255813954,1.689922480620155,0.22093023255813954,86.0,54.0,58.0,25.0,35.0,1.4224806201550388,1,0.32170542635658916,4,74,72,14,15,83,438,247,211,163,236
0.15,0.001,5.0,corn,2,003|007,4,1.4689922480620154,1.6069767441860463,4,3,4,24,0.26744186046511625,0.129594586845576,258,1.5465116279069768,0.3178294573643411,1.5232558139534884,0.26744186046511625,52.0,82.0,40.0,36.0,48.0,1.4224806201550388,1,0.32170542635658916,4,74,72,14,15,83,438,247,211,163,236
0.15,0.001,5.0,corn,3,004|008,1,1.0625,1.3916666666666666,10,8,10,31,0.30833333333333335,-0.023702967014752163,240,1.3541666666666667,0.3333333333333333,1.3,0.30833333333333335,47.0,54.0,93.0,11.0,35.0,0.5375,1,0.4708333333333333,0,113,111,42,1,0,399,208,183,177,319
0.15,0.001,5.0,corn,3,004|008,0,0.7291666666666666,1.398611111111111,32,7,32,33,0.29583333333333334,0.014481707317073211,240,1.3375,0.30833333333333335,1.3583333333333334,0.29583333333333334,48.0,58.0,69.0,20.0,45.0,0.5375,1,0.4708333333333333,0,113,111,42,1,0,399,208,183,177,319
0.15,0.001,5.0,corn,3,004|008,2,1.0875,1.2958333333333334,12,11,12,32,0.35833333333333334,0.00829349204800478,240,1.3708333333333333,0.35833333333333334,1.3041666666666667,0.35833333333333334,64.0,68.0,50.0,6.0,52.0,0.5375,1,0.4708333333333333,0,113,111,42,1,0,399,208,183,177,319
0.15,0.001,5.0,corn,3,004|008,3,1.1458333333333333,1.488888888888889,23,3,23,24,0.275,0.012039660056657242,240,1.475,0.26666666666666666,1.4666666666666666,0.275,62.0,31.0,70.0,33.0,44.0,0.5375,1,0.4708333333333333,0,113,111,42,1,0,399,208,183,177,319
0.15,0.001,5.0,corn,4,009|011,1,1.124,1.356,7,7,7,26,0.272,0.1802629942448809,250,1.764,0.392,1.616,0.272,106.0,76.0,25.0,26.0,17.0,1.468,3,0.368,4,79,43,11,45,92,433,276,214,133,227
0.15,0.001,5.0,corn,4,009|011,2,1.032,1.2416,8,7,8,27,0.368,0.29589766535295525,250,1.404,0.444,1.332,0.368,62.0,75.0,28.0,30.0,55.0,1.468,3,0.368,4,79,43,11,45,92,433,276,214,133,227
0.15,0.001,5.0,corn,4,009|011,0,1.072,1.2504,6,5,6,32,0.404,0.3795209773348337,250,1.332,0.468,1.2,0.404,48.0,58.0,42.0,35.0,67.0,1.468,3,0.368,4,79,43,11,45,92,433,276,214,133,227
0.15,0.001,5.0,corn,3,004|008,4,1.025,1.7025,31,23,31,54,0.2125,-0.009641342074816706,240,1.8833333333333333,0.225,1.8708333333333333,0.2125,58.0,15.0,55.0,33.0,79.0,0.5375,1,0.4708333333333333,0,113,111,42,1,0,399,208,183,177,319
0.15,0.001,5.0,corn,4,009|011,3,1.216,1.3000000000000003,11,8,11,34,0.436,0.29213982452874376,250,1.328,0.456,1.276,0.436,67.0,63.0,30.0,29.0,61.0,1.468,3,0.368,4,79,43,11,45,92,433,276,214,133,227
0.15,0.001,5.0,corn,5,010|012,0,1.3319672131147542,1.7950819672131146,3,3,3,31,0.27049180327868855,-0.24877982646420804,244,1.9221311475409837,0.27459016393442626,1.7827868852459017,0.27049180327868855,105.0,41.0,35.0,22.0,41.0,1.2049180327868851,1,0.4098360655737705,0,100,41,57,1,45,412,278,168,177,274
0.15,0.001,5.0,corn,4,009|011,4,1.12,1.2095999999999998,17,9,17,33,0.412,0.3772701400665418,250,1.236,0.44,1.244,0.412,71.0,56.0,30.0,25.0,68.0,1.468,3,0.368,4,79,43,11,45,92,433,276,214,133,227
0.15,0.001,5.0,corn,5,010|012,1,1.3688524590163935,1.7762295081967214,12,9,12,28,0.25,-0.2448622775086704,244,1.9549180327868851,0.2540983606557377,1.8688524590163935,0.25,71.0,40.0,52.0,24.0,57.0,1.2049180327868851,1,0.4098360655737705,0,100,41,57,1,45,412,278,168,177,274
0.15,0.001,5.0,corn,5,010|012,2,1.278688524590164,1.7442622950819673,3,3,3,24,0.21721311475409835,-0.23964358292949828,244,1.6598360655737705,0.2827868852459016,1.5737704918032787,0.21721311475409835,46.0,109.0,54.0,13.0,22.0,1.2049180327868851,1,0.4098360655737705,0,100,41,57,1,45,412,278,168,177,274
0.15,0.001,5.0,corn,5,010|012,3,1.290983606557377,1.6909836065573771,3,3,3,26,0.2336065573770492,-0.26084425036390124,244,1.860655737704918,0.29508196721311475,1.7868852459016393,0.2336065573770492,57.0,47.0,71.0,31.0,38.0,1.2049180327868851,1,0.4098360655737705,0,100,41,57,1,45,412,278,168,177,274
0.15,0.001,5.0,corn,5,010|012,4,1.3401639344262295,1.7442622950819673,3,3,3,26,0.19672131147540983,-0.21839332748024587,244,2.098360655737705,0.25,1.8811475409836065,0.19672131147540983,32.0,48.0,62.0,47.0,55.0,1.2049180327868851,1,0.4098360655737705,0,100,41,57,1,45,412,278,168,177,274
0.15,0.002,5.0,corn,0,001|005,0,1.4508196721311475,1.5811475409836067,12,10,12,31,0.32786885245901637,0.09611432063104097,244,1.5573770491803278,0.32786885245901637,1.5122950819672132,0.32786885245901637,65.0,65.0,65.0,18.0,31.0,1.209016393442623,3,0.3770491803278688,4,49,17,48,59,92,463,302,177,119,227
0.15,0.002,5.0,corn,0,001|005,1,1.4672131147540983,1.6459016393442625,20,13,20,25,0.3483606557377049,0.07812348111232803,244,1.6311475409836065,0.3483606557377049,1.5819672131147542,0.3483606557377049,91.0,39.0,63.0,32.0,19.0,1.209016393442623,3,0.3770491803278688,4,49,17,48,59,92,463,302,177,119,227
0.15,0.002,5.0,corn,0,001|005,2,1.3852459016393444,1.642622950819672,3,3,3,24,0.32786885245901637,0.19264172268157753,244,1.5614754098360655,0.38524590163934425,1.3852459016393444,0.32786885245901637,46.0,81.0,76.0,7.0,34.0,1.209016393442623,3,0.3770491803278688,4,49,17,48,59,92,463,302,177,119,227
0.15,0.002,5.0,corn,0,001|005,3,1.4918032786885247,1.6008196721311478,8,7,8,27,0.27459016393442626,0.05957864996007611,244,1.7991803278688525,0.29098360655737704,1.7254098360655739,0.27459016393442626,101.0,69.0,66.0,2.0,6.0,1.209016393442623,3,0.3770491803278688,4,49,17,48,59,92,463,302,177,119,227
0.15,0.002,5.0,corn,1,002|006,0,1.1857142857142857,1.4761904761904763,3,3,3,25,0.29523809523809524,-0.0649146891547363,210,1.4714285714285715,0.38571428571428573,1.3714285714285714,0.29523809523809524,67.0,74.0,35.0,14.0,20.0,1.1238095238095238,1,0.46190476190476193,0,97,35,53,57,7,415,284,172,121,312
0.15,0.002,5.0,corn,0,001|005,4,1.4385245901639345,1.5710382513661203,30,11,30,31,0.32786885245901637,0.021347122779103556,244,1.6229508196721312,0.3442622950819672,1.6229508196721312,0.32786885245901637,77.0,53.0,61.0,17.0,36.0,1.209016393442623,3,0.3770491803278688,4,49,17,48,59,92,463,302,177,119,227
0.15,0.002,5.0,corn,1,002|006,2,1.2571428571428571,1.5485714285714287,3,3,3,24,0.22857142857142856,-0.09696723805659824,210,1.6666666666666667,0.3047619047619048,1.4952380952380953,0.22857142857142856,25.0,77.0,53.0,15.0,40.0,1.1238095238095238,1,0.46190476190476193,0,97,35,53,57,7,415,284,172,121,312
0.15,0.002,5.0,corn,1,002|006,1,1.1761904761904762,1.7076190476190476,3,3,3,28,0.16666666666666666,-0.22163840458562212,210,2.033333333333333,0.16666666666666666,1.776190476190476,0.16666666666666666,8.0,69.0,48.0,36.0,49.0,1.1238095238095238,1,0.46190476190476193,0,97,35,53,57,7,415,284,172,121,312
0.15,0.002,5.0,corn,1,002|006,3,1.276190476190476,1.7171428571428575,3,3,3,24,0.2857142857142857,-0.12769754084648421,210,1.7571428571428571,0.2857142857142857,1.6142857142857143,0.2857142857142857,10.0,55.0,53.0,44.0,48.0,1.1238095238095238,1,0.46190476190476193,0,97,35,53,57,7,415,284,172,121,312
0.15,0.002,5.0,corn,1,002|006,4,1.3047619047619048,1.6142857142857143,8,8,8,29,0.3142857142857143,-0.11961976737320668,210,1.6904761904761905,0.319047619047619,1.519047619047619,0.3142857142857143,36.0,45.0,52.0,42.0,35.0,1.1238095238095238,1,0.46190476190476193,0,97,35,53,57,7,415,284,172,121,312
0.15,0.002,5.0,corn,2,003|007,0,1.4883720930232558,1.6294573643410852,19,16,19,39,0.22868217054263565,0.11536721732679533,258,1.686046511627907,0.22868217054263565,1.6627906976744187,0.22868217054263565,78.0,35.0,56.0,39.0,50.0,1.4224806201550388,1,0.32170542635658916,4,74,72,14,15,83,438,247,211,163,236
0.15,0.002,5.0,corn,2,003|007,2,1.3449612403100775,1.5527131782945738,6,5,6,25,0.25193798449612403,0.127859931803325,258,1.627906976744186,0.29844961240310075,1.62015503875969,0.25193798449612403,89.0,40.0,45.0,35.0,49.0,1.4224806201550388,1,0.32170542635658916,4,74,72,14,15,83,438,247,211,163,236
0.15,0.002,5.0,corn,2,003|007,3,1.2170542635658914,1.4829457364341085,19,5,19,25,0.29457364341085274,0.2582791220537014,258,1.441860465116279,0.3062015503875969,1.426356589147287,0.29457364341085274,58.0,29.0,75.0,34.0,62.0,1.4224806201550388,1,0.32170542635658916,4,74,72,14,15,83,438,247,211,163,236
0.15,0.002,5.0,corn,2,003|007,1,1.1356589147286822,1.5558139534883721,3,3,3,55,0.20930232558139536,-0.04357928031708225,258,1.8875968992248062,0.2441860465116279,1.7635658914728682,0.20930232558139536,60.0,53.0,53.0,57.0,35.0,1.4224806201550388,1,0.32170542635658916,4,74,72,14,15,83,438,247,211,163,236
0.15,0.002,5.0,corn,2,003|007,4,1.3682170542635659,1.568217054263566,3,3,3,24,0.3023255813953488,0.3228910312158837,258,1.4069767441860466,0.35658914728682173,1.3682170542635659,0.3023255813953488,31.0,47.0,50.0,59.0,71.0,1.4224806201550388,1,0.32170542635658916,4,74,72,14,15,83,438,247,211,163,236
0.15,0.002,5.0,corn,3,004|008,0,0.9458333333333333,1.3741666666666668,14,13,14,36,0.36666666666666664,0.018952062430323324,240,1.2291666666666667,0.36666666666666664,1.225,0.36666666666666664,60.0,57.0,72.0,10.0,41.0,0.5375,1,0.4708333333333333,0,113,111,42,1,0,399,208,183,177,319
0.15,0.002,5.0,corn,3,004|008,2,1.275,1.4725,26,11,26,30,0.225,-0.015355347193912294,240,1.55,0.22916666666666666,1.5333333333333334,0.225,33.0,45.0,90.0,30.0,42.0,0.5375,1,0.4708333333333333,0,113,111,42,1,0,399,208,183,177,319
0.15,0.002,5.0,corn,3,004|008,1,1.3333333333333333,1.455,37,23,37,52,0.2875,-0.02246064097019662,240,1.475,0.2875,1.4333333333333333,0.2875,48.0,47.0,84.0,10.0,51.0,0.5375,1,0.4708333333333333,0,113,111,42,1,0,399,208,183,177,319
0.15,0.002,5.0,corn,4,009|011,0,1.144,1.2984,6,6,6,28,0.396,0.2748638578389223,250,1.56,0.44,1.408,0.396,69.0,37.0,28.0,27.0,89.0,1.468,3,0.368,4,79,43,11,45,92,433,276,214,133,227
0.15,0.002,5.0,corn,3,004|008,3,1.3,1.405,40,33,40,56,0.2375,0.006802306073269593,240,1.3958333333333333,0.2375,1.3916666666666666,0.2375,45.0,58.0,79.0,19.0,39.0,0.5375,1,0.4708333333333333,0,113,111,42,1,0,399,208,183,177,319
0.15,0.002,5.0,corn,3,004|008,4,1.2708333333333333,1.46,31,27,31,46,0.26666666666666666,0.03932163937151867,240,1.5083333333333333,0.2791666666666667,1.5041666666666667,0.26666666666666666,43.0,64.0,49.0,28.0,56.0,0.5375,1,0.4708333333333333,0,113,111,42,1,0,399,208,183,177,319
0.15,0.002,5.0,corn,4,009|011,1,1.092,1.3056,10,8,10,27,0.348,0.37781903503576464,250,1.36,0.42,1.328,0.348,93.0,78.0,21.0,26.0,32.0,1.468,3,0.368,4,79,43,11,45,92,433,276,214,133,227
0.15,0.002,5.0,corn,4,009|011,2,1.128,1.3104,14,5,14,27,0.412,0.31824130605486944,250,1.26,0.448,1.272,0.412,70.0,35.0,53.0,30.0,62.0,1.468,3,0.368,4,79,43,11,45,92,433,276,214,133,227
0.15,0.002,5.0,corn,4,009|011,3,1.164,1.3176,8,6,8,27,0.328,0.27250240983576735,250,1.456,0.4,1.424,0.328,77.0,84.0,40.0,19.0,30.0,1.468,3,0.368,4,79,43,11,45,92,433,276,214,133,227
0.15,0.002,5.0,corn,4,009|011,4,0.984,1.2096,14,13,14,36,0.404,0.3123600891072392,250,1.392,0.436,1.376,0.404,103.0,38.0,27.0,27.0,55.0,1.468,3,0.368,4,79,43,11,45,92,433,276,214,133,227
0.15,0.002,5.0,corn,5,010|012,0,1.389344262295082,1.8393442622950822,9,3,9,31,0.18442622950819673,-0.4268952528996772,244,2.081967213114754,0.20901639344262296,2.012295081967213,0.18442622950819673,63.0,77.0,31.0,18.0,55.0,1.2049180327868851,1,0.4098360655737705,0,100,41,57,1,45,412,278,168,177,274
0.15,0.002,5.0,corn,5,010|012,1,1.3237704918032787,1.6639344262295084,13,12,13,32,0.24180327868852458,-0.3856096234443487,244,1.8442622950819672,0.25,1.8360655737704918,0.24180327868852458,88.0,77.0,29.0,9.0,41.0,1.2049180327868851,1,0.4098360655737705,0,100,41,57,1,45,412,278,168,177,274
0.15,0.002,5.0,corn,5,010|012,3,1.3770491803278688,1.6368852459016394,5,4,5,26,0.30327868852459017,-0.01799514653724099,244,1.4426229508196722,0.3483606557377049,1.3770491803278688,0.30327868852459017,74.0,70.0,48.0,42.0,10.0,1.2049180327868851,1,0.4098360655737705,0,100,41,57,1,45,412,278,168,177,274
0.15,0.002,5.0,corn,5,010|012,2,1.3565573770491803,1.7040983606557378,31,25,31,50,0.27459016393442626,-0.19621579718051074,244,1.8114754098360655,0.27459016393442626,1.7950819672131149,0.27459016393442626,81.0,41.0,43.0,25.0,54.0,1.2049180327868851,1,0.4098360655737705,0,100,41,57,1,45,412,278,168,177,274
0.15,0.002,5.0,corn,5,010|012,4,1.4180327868852458,1.734426229508197,12,7,12,32,0.2827868852459016,-0.26590588649982383,244,1.8442622950819672,0.3155737704918033,1.8237704918032787,0.2827868852459016,85.0,46.0,44.0,17.0,52.0,1.2049180327868851,1,0.4098360655737705,0,100,41,57,1,45,412,278,168,177,274
0.2,0.001,5.0,corn,0,001|005,1,1.5491803278688525,1.6483606557377048,18,5,18,34,0.29098360655737704,0.09244478884153429,244,1.6024590163934427,0.319672131147541,1.6147540983606556,0.29098360655737704,87.0,46.0,51.0,32.0,28.0,1.209016393442623,3,0.3770491803278688,4,49,17,48,59,92,463,302,177,119,227
0.2,0.001,5.0,corn,0,001|005,2,1.5450819672131149,1.6434426229508194,33,11,33,34,0.2786885245901639,0.08707025925568967,244,1.610655737704918,0.27459016393442626,1.6024590163934427,0.2786885245901639,68.0,69.0,66.0,17.0,24.0,1.209016393442623,3,0.3770491803278688,4,49,17,48,59,92,463,302,177,119,227
0.2,0.001,5.0,corn,0,001|005,0,1.4877049180327868,1.547814207650273,57,39,57,58,0.3237704918032787,0.13414417976792714,244,1.4836065573770492,0.3237704918032787,1.4877049180327868,0.3237704918032787,74.0,57.0,75.0,14.0,24.0,1.209016393442623,3,0.3770491803278688,4,49,17,48,59,92,463,302,177,119,227
0.2,0.001,5.0,corn,0,001|005,3,1.4754098360655739,1.5581967213114756,27,7,27,47,0.30327868852459017,0.04842899887124419,244,1.7254098360655739,0.30327868852459017,1.721311475409836,0.30327868852459017,115.0,26.0,63.0,21.0,19.0,1.209016393442623,3,0.3770491803278688,4,49,17,48,59,92,463,302,177,119,227
0.2,0.001,5.0,corn,1,002|006,0,1.1523809523809523,1.6057142857142856,3,3,3,25,0.22380952380952382,-0.1761141627498728,210,1.838095238095238,0.28095238095238095,1.6904761904761905,0.22380952380952382,50.0,59.0,36.0,21.0,44.0,1.1238095238095238,1,0.46190476190476193,0,97,35,53,57,7,415,284,172,121,312
0.2,0.001,5.0,corn,0,001|005,4,1.4918032786885247,1.5549180327868855,14,12,14,33,0.29508196721311475,0.10120973222781016,244,1.569672131147541,0.3319672131147541,1.5819672131147542,0.29508196721311475,74.0,70.0,67.0,18.0,15.0,1.209016393442623,3,0.3770491803278688,4,49,17,48,59,92,463,302,177,119,227
0.2,0.001,5.0,corn,1,002|006,1,1.1857142857142857,1.7019047619047618,3,3,3,28,0.16666666666666666,-0.20068610634648376,210,1.9857142857142858,0.20952380952380953,1.8285714285714285,0.16666666666666666,5.0,53.0,56.0,34.0,62.0,1.1238095238095238,1,0.46190476190476193,0,97,35,53,57,7,415,284,172,121,312
0.2,0.001,5.0,corn,1,002|006,2,1.2,1.5342857142857143,3,3,3,25,0.23333333333333334,-0.1884032735504091,210,2.0,0.22857142857142856,1.661904761904762,0.23333333333333334,20.0,45.0,60.0,45.0,40.0,1.1238095238095238,1,0.46190476190476193,0,97,35,53,57,7,415,284,172,121,312
0.2,0.001,5.0,corn,1,002|006,4,1.2380952380952381,1.6276190476190475,3,3,3,24,0.29523809523809524,-0.09621072322353963,210,1.6142857142857143,0.3761904761904762,1.438095238095238,0.29523809523809524,12.0,63.0,77.0,13.0,45.0,1.1238095238095238,1,0.46190476190476193,0,97,35,53,57,7,415,284,172,121,312
0.2,0.001,5.0,corn,1,002|006,3,1.119047619047619,1.7104761904761905,10,7,10,30,0.21428571428571427,-0.18008390415935982,210,1.938095238095238,0.2,1.8285714285714285,0.21428571428571427,25.0,57.0,31.0,28.0,69.0,1.1238095238095238,1,0.46190476190476193,0,97,35,53,57,7,415,284,172,121,312
0.2,0.001,5.0,corn,2,003|007,0,1.5193798449612403,1.62015503875969,23,21,23,43,0.26356589147286824,0.1777814130177945,258,1.569767441860465,0.2713178294573643,1.5426356589147288,0.26356589147286824,86.0,47.0,50.0,32.0,43.0,1.4224806201550388,1,0.32170542635658916,4,74,72,14,15,83,438,247,211,163,236
0.2,0.001,5.0,corn,2,003|007,1,1.3294573643410852,1.4891472868217055,15,3,15,37,0.27906976744186046,0.21730013568042839,258,1.565891472868217,0.2868217054263566,1.5232558139534884,0.27906976744186046,72.0,27.0,54.0,43.0,62.0,1.4224806201550388,1,0.32170542635658916,4,74,72,14,15,83,438,247,211,163,236
0.2,0.001,5.0,corn,2,003|007,2,1.4069767441860466,1.5503875968992247,5,4,5,27,0.1821705426356589,-0.14523582054631623,258,1.8449612403100775,0.24031007751937986,1.8527131782945736,0.1821705426356589,84.0,59.0,52.0,42.0,21.0,1.4224806201550388,1,0.32170542635658916,4,74,72,14,15,83,438,247,211,163,236
0.2,0.001,5.0,corn,2,003|007,3,1.5077519379844961,1.6620155038759692,4,3,4,27,0.23255813953488372,0.02100067391581517,258,1.7868217054263567,0.2751937984496124,1.7131782945736433,0.23255813953488372,90.0,54.0,40.0,37.0,37.0,1.4224806201550388,1,0.32170542635658916,4,74,72,14,15,83,438,247,211,163,236
0.2,0.001,5.0,corn,2,003|007,4,1.4534883720930232,1.6348837209302325,14,3,14,24,0.21705426356589147,0.18642509147116948,258,1.5426356589147288,0.23255813953488372,1.5310077519379846,0.21705426356589147,49.0,43.0,85.0,29.0,52.0,1.4224806201550388,1,0.32170542635658916,4,74,72,14,15,83,438,247,211,163,236
0.2,0.001,5.0,corn,3,004|008,0,0.7583333333333333,1.4805555555555554,23,14,23,24,0.2833333333333333,0.04140795997677216,240,1.5875,0.2916666666666667,1.5708333333333333,0.2833333333333333,45.0,33.0,69.0,30.0,63.0,0.5375,1,0.4708333333333333,0,113,111,42,1,0,399,208,183,177,319
0.2,0.001,5.0,corn,3,004|008,2,1.1083333333333334,1.5333333333333332,4,3,4,27,0.325,0.0008133387555917526,240,1.4,0.30833333333333335,1.3125,0.325,59.0,66.0,52.0,22.0,41.0,0.5375,1,0.4708333333333333,0,113,111,42,1,0,399,208,183,177,319
0.2,0.001,5.0,corn,3,004|008,3,1.1625,1.4958333333333331,3,3,3,24,0.2916666666666667,-0.017133730216349674,240,1.5166666666666666,0.32916666666666666,1.4416666666666667,0.2916666666666667,43.0,58.0,76.0,10.0,53.0,0.5375,1,0.4708333333333333,0,113,111,42,1,0,399,208,183,177,319
0.2,0.001,5.0,corn,3,004|008,1,1.0916666666666666,1.4508333333333332,29,28,29,44,0.31666666666666665,0.03984032355490186,240,1.4166666666666667,0.32083333333333336,1.4083333333333334,0.31666666666666665,56.0,48.0,60.0,25.0,51.0,0.5375,1,0.4708333333333333,0,113,111,42,1,0,399,208,183,177,319
0.2,0.001,5.0,corn,4,009|011,0,1.164,1.3192,5,5,5,32,0.248,0.36439683104024256,250,1.244,0.408,1.352,0.248,55.0,103.0,54.0,24.0,14.0,1.468,3,0.368,4,79,43,11,45,92,433,276,214,133,227
0.2,0.001,5.0,corn,4,009|011,2,0.988,1.2664,8,6,8,27,0.364,0.16862508919278074,250,1.52,0.4,1.424,0.364,44.0,23.0,42.0,64.0,77.0,1.468,3,0.368,4,79,43,11,45,92,433,276,214,133,227
0.2,0.001,5.0,corn,3,004|008,4,1.0708333333333333,1.4208333333333332,40,33,40,54,0.3375,-0.026701002981837973,240,1.4791666666666667,0.3333333333333333,1.4583333333333333,0.3375,70.0,53.0,39.0,19.0,59.0,0.5375,1,0.4708333333333333,0,113,111,42,1,0,399,208,183,177,319
0.2,0.001,5.0,corn,4,009|011,1,1.14,1.2735999999999998,17,7,17,36,0.44,0.30689286260125315,250,1.316,0.436,1.26,0.44,67.0,52.0,34.0,38.0,59.0,1.468,3,0.368,4,79,43,11,45,92,433,276,214,133,227
0.2,0.001,5.0,corn,4,009|011,3,1.18,1.2648,11,7,11,30,0.408,0.3379647143790625,250,1.364,0.436,1.312,0.408,85.0,48.0,35.0,22.0,60.0,1.468,3,0.368,4,79,43,11,45,92,433,276,214,133,227
0.2,0.001,5.0,corn,4,009|011,4,1.056,1.2048,5,5,5,28,0.324,0.29256829530989914,250,1.364,0.436,1.348,0.324,55.0,73.0,61.0,17.0,44.0,1.468,3,0.368,4,79,43,11,45,92,433,276,214,133,227
0.2,0.001,5.0,corn,5,010|012,0,1.3278688524590163,1.8147540983606558,3,3,3,31,0.26639344262295084,-0.33204881181759793,244,1.9959016393442623,0.27459016393442626,1.8360655737704918,0.26639344262295084,99.0,48.0,44.0,8.0,45.0,1.2049180327868851,1,0.4098360655737705,0,100,41,57,1,45,412,278,168,177,274
0.2,0.001,5.0,corn,5,010|012,1,1.4262295081967213,1.7098360655737708,22,21,22,44,0.319672131147541,-0.16945832562156826,244,1.6229508196721312,0.32786885245901637,1.6352459016393444,0.319672131147541,100.0,51.0,35.0,18.0,40.0,1.2049180327868851,1,0.4098360655737705,0,100,41,57,1,45,412,278,168,177,274
0.2,0.001,5.0,corn,5,010|012,2,1.278688524590164,1.7672131147540984,9,3,9,32,0.28688524590163933,-0.24933956821425318,244,1.7827868852459017,0.29098360655737704,1.75,0.28688524590163933,93.0,45.0,40.0,24.0,42.0,1.2049180327868851,1,0.4098360655737705,0,100,41,57,1,45,412,278,168,177,274
0.2,0.001,5.0,corn,5,010|012,4,1.3729508196721312,1.7352459016393447,5,3,5,26,0.2827868852459016,-0.12206004312489638,244,1.6147540983606556,0.36885245901639346,1.5778688524590163,0.2827868852459016,65.0,66.0,57.0,19.0,37.0,1.2049180327868851,1,0.4098360655737705,0,100,41,57,1,45,412,278,168,177,274
0.2,0.001,5.0,corn,5,010|012,3,1.3278688524590163,1.7393442622950819,20,3,20,31,0.3114754098360656,-0.1876310577819198,244,1.75,0.3237704918032787,1.7172131147540983,0.3114754098360656,100.0,40.0,36.0,19.0,49.0,1.2049180327868851,1,0.4098360655737705,0,100,41,57,1,45,412,278,168,177,274
0.2,0.002,5.0,corn,0,001|005,0,1.4918032786885247,1.5852459016393443,13,12,13,36,0.29918032786885246,-0.030855336960061708,244,1.8073770491803278,0.3073770491803279,1.7827868852459017,0.29918032786885246,114.0,32.0,82.0,3.0,13.0,1.209016393442623,3,0.3770491803278688,4,49,17,48,59,92,463,302,177,119,227
0.2,0.002,5.0,corn,0,001|005,1,1.4795081967213115,1.6262295081967213,28,28,28,34,0.27049180327868855,0.07810624203976912,244,1.7131147540983607,0.28688524590163933,1.7131147540983607,0.27049180327868855,106.0,43.0,55.0,24.0,16.0,1.209016393442623,3,0.3770491803278688,4,49,17,48,59,92,463,302,177,119,227
0.2,0.002,5.0,corn,0,001|005,2,1.3852459016393444,1.5057377049180327,25,23,25,51,0.319672131147541,0.21656641103857233,244,1.4221311475409837,0.3237704918032787,1.4057377049180328,0.319672131147541,62.0,62.0,62.0,31.0,27.0,1.209016393442623,3,0.3770491803278688,4,49,17,48,59,92,463,302,177,119,227
0.2,0.002,5.0,corn,1,002|006,0,1.1761904761904762,1.5466666666666669,3,3,3,25,0.2714285714285714,-0.15165876777251186,210,1.7619047619047619,0.3142857142857143,1.6285714285714286,0.2714285714285714,44.0,61.0,38.0,21.0,46.0,1.1238095238095238,1,0.46190476190476193,0,97,35,53,57,7,415,284,172,121,312
0.2,0.002,5.0,corn,0,001|005,3,1.471311475409836,1.6081967213114754,45,39,45,59,0.319672131147541,0.09614751399407317,244,1.6557377049180328,0.3155737704918033,1.651639344262295,0.319672131147541,105.0,43.0,61.0,17.0,18.0,1.209016393442623,3,0.3770491803278688,4,49,17,48,59,92,463,302,177,119,227
0.2,0.002,5.0,corn,0,001|005,4,1.4139344262295082,1.5024590163934426,15,15,15,37,0.3319672131147541,0.1267893660531696,244,1.5163934426229508,0.36065573770491804,1.4959016393442623,0.3319672131147541,84.0,44.0,82.0,21.0,13.0,1.209016393442623,3,0.3770491803278688,4,49,17,48,59,92,463,302,177,119,227
0.2,0.002,5.0,corn,1,002|006,1,1.161904761904762,1.7238095238095237,3,3,3,26,0.20952380952380953,-0.2602600912008106,210,2.0095238095238095,0.20476190476190476,1.7809523809523808,0.20952380952380953,13.0,51.0,57.0,42.0,47.0,1.1238095238095238,1,0.46190476190476193,0,97,35,53,57,7,415,284,172,121,312
0.2,0.002,5.0,corn,1,002|006,3,1.2571428571428571,1.7333333333333336,14,3,14,24,0.23809523809523808,-0.13796133567662583,210,1.880952380952381,0.24285714285714285,1.8476190476190477,0.23809523809523808,51.0,22.0,35.0,34.0,68.0,1.1238095238095238,1,0.46190476190476193,0,97,35,53,57,7,415,284,172,121,312
0.2,0.002,5.0,corn,1,002|006,4,1.3238095238095238,1.6552380952380954,3,3,3,24,0.29523809523809524,-0.05470804839558152,210,1.8571428571428572,0.30952380952380953,1.438095238095238,0.29523809523809524,33.0,69.0,55.0,13.0,40.0,1.1238095238095238,1,0.46190476190476193,0,97,35,53,57,7,415,284,172,121,312
0.2,0.002,5.0,corn,1,002|006,2,1.2857142857142858,1.6409523809523812,3,3,3,41,0.22857142857142856,-0.1975614891026758,210,2.119047619047619,0.19523809523809524,1.9142857142857144,0.22857142857142856,18.0,31.0,37.0,50.0,74.0,1.1238095238095238,1,0.46190476190476193,0,97,35,53,57,7,415,284,172,121,312
0.2,0.002,5.0,corn,2,003|007,0,1.4147286821705427,1.598449612403101,26,7,26,46,0.24031007751937986,0.12475845188361512,258,1.5968992248062015,0.24806201550387597,1.6124031007751938,0.24031007751937986,66.0,40.0,51.0,51.0,50.0,1.4224806201550388,1,0.32170542635658916,4,74,72,14,15,83,438,247,211,163,236
0.2,0.002,5.0,corn,2,003|007,1,1.3837209302325582,1.541860465116279,20,3,20,40,0.24031007751937986,0.22695550220534855,258,1.5,0.2441860465116279,1.496124031007752,0.24031007751937986,71.0,39.0,50.0,56.0,42.0,1.4224806201550388,1,0.32170542635658916,4,74,72,14,15,83,438,247,211,163,236
0.2,0.002,5.0,corn,2,003|007,2,1.4728682170542635,1.5806201550387597,21,20,21,44,0.27906976744186046,0.14787188979133292,258,1.569767441860465,0.28294573643410853,1.550387596899225,0.27906976744186046,72.0,64.0,35.0,43.0,44.0,1.4224806201550388,1,0.32170542635658916,4,74,72,14,15,83,438,247,211,163,236
0.2,0.002,5.0,corn,2,003|007,3,1.313953488372093,1.4503875968992248,13,12,13,38,0.313953488372093,0.3513404094277518,258,1.2945736434108528,0.3372093023255814,1.3294573643410852,0.313953488372093,68.0,32.0,67.0,20.0,71.0,1.4224806201550388,1,0.32170542635658916,4,74,72,14,15,83,438,247,211,163,236
0.2,0.002,5.0,corn,2,003|007,4,1.3294573643410852,1.5891472868217054,4,3,4,24,0.16666666666666666,0.0562132024049764,258,1.682170542635659,0.21705426356589147,1.6472868217054264,0.16666666666666666,34.0,49.0,82.0,53.0,40.0,1.4224806201550388,1,0.32170542635658916,4,74,72,14,15,83,438,247,211,163,236
0.2,0.002,5.0,corn,3,004|008,2,1.0125,1.4277777777777778,24,6,24,25,0.35,0.07047819786589382,240,1.4041666666666666,0.3375,1.3583333333333334,0.35,61.0,40.0,63.0,27.0,49.0,0.5375,1,0.4708333333333333,0,113,111,42,1,0,399,208,183,177,319
0.2,0.002,5.0,corn,3,004|008,1,1.25,1.4716666666666665,17,16,17,37,0.2375,0.006235385814497341,240,1.5833333333333333,0.2375,1.5666666666666667,0.2375,42.0,36.0,86.0,18.0,58.0,0.5375,1,0.4708333333333333,0,113,111,42,1,0,399,208,183,177,319
0.2,0.002,5.0,corn,3,004|008,3,1.2416666666666667,1.5275,26,26,26,32,0.325,0.047073358520295705,240,1.3875,0.325,1.3708333333333333,0.325,70.0,47.0,37.0,43.0,43.0,0.5375,1,0.4708333333333333,0,113,111,42,1,0,399,208,183,177,319
0.2,0.002,5.0,corn,3,004|008,0,0.9666666666666667,1.4308333333333334,62,28,62,70,0.275,0.07367083165892552,240,1.3666666666666667,0.2708333333333333,1.3666666666666667,0.275,54.0,49.0,61.0,36.0,40.0,0.5375,1,0.4708333333333333,0,113,111,42,1,0,399,208,183,177,319
0.2,0.002,5.0,corn,3,004|008,4,1.2583333333333333,1.4658333333333335,15,12,15,34,0.2625,-0.02777032253990308,240,1.6708333333333334,0.26666666666666666,1.6041666666666667,0.2625,54.0,40.0,59.0,28.0,59.0,0.5375,1,0.4708333333333333,0,113,111,42,1,0,399,208,183,177,319
0.2,0.002,5.0,corn,4,009|011,0,1.036,1.1768,5,5,5,28,0.356,0.3874566312963761,250,1.24,0.476,1.248,0.356,57.0,92.0,40.0,20.0,41.0,1.468,3,0.368,4,79,43,11,45,92,433,276,214,133,227
0.2,0.002,5.0,corn,4,009|011,1,1.008,1.2032,10,7,10,31,0.48,0.5558200033209719,250,1.052,0.54,1.008,0.48,84.0,57.0,24.0,15.0,70.0,1.468,3,0.368,4,79,43,11,45,92,433,276,214,133,227
0.2,0.002,5.0,corn,4,009|011,2,1.036,1.3015999999999999,8,8,8,27,0.352,0.2242857142857143,250,1.496,0.404,1.48,0.352,78.0,52.0,32.0,18.0,70.0,1.468,3,0.368,4,79,43,11,45,92,433,276,214,133,227
0.2,0.002,5.0,corn,4,009|011,3,1.204,1.2768000000000002,6,6,6,26,0.4,0.41331353359693224,250,1.308,0.52,1.228,0.4,70.0,60.0,33.0,30.0,57.0,1.468,3,0.368,4,79,43,11,45,92,433,276,214,133,227
0.2,0.002,5.0,corn,4,009|011,4,1.12,1.2624,13,11,13,34,0.448,0.4220848744403348,250,1.128,0.488,1.12,0.448,65.0,48.0,30.0,42.0,65.0,1.468,3,0.368,4,79,43,11,45,92,433,276,214,133,227
0.2,0.002,5.0,corn,5,010|012,0,1.3770491803278688,1.7590163934426228,16,15,16,35,0.25,-0.21001203086945042,244,1.8237704918032787,0.26639344262295084,1.8032786885245902,0.25,87.0,40.0,40.0,30.0,47.0,1.2049180327868851,1,0.4098360655737705,0,100,41,57,1,45,412,278,168,177,274
0.2,0.002,5.0,corn,5,010|012,1,1.4344262295081966,1.674590163934426,24,9,24,32,0.319672131147541,-0.21666516475924413,244,1.7377049180327868,0.3401639344262295,1.7377049180327868,0.319672131147541,89.0,34.0,50.0,28.0,43.0,1.2049180327868851,1,0.4098360655737705,0,100,41,57,1,45,412,278,168,177,274
0.2,0.002,5.0,corn,5,010|012,3,1.3934426229508197,1.7278688524590162,7,7,7,26,0.28688524590163933,-0.2204631006231612,244,1.8114754098360655,0.29918032786885246,1.6926229508196722,0.28688524590163933,68.0,59.0,46.0,32.0,39.0,1.2049180327868851,1,0.4098360655737705,0,100,41,57,1,45,412,278,168,177,274
0.2,0.002,5.0,corn,5,010|012,2,1.3073770491803278,1.7598360655737704,25,3,25,40,0.29508196721311475,-0.16064461654923434,244,1.7622950819672132,0.29508196721311475,1.7172131147540983,0.29508196721311475,106.0,42.0,28.0,21.0,47.0,1.2049180327868851,1,0.4098360655737705,0,100,41,57,1,45,412,278,168,177,274
0.2,0.002,5.0,corn,5,010|012,4,1.5204918032786885,1.7450819672131146,9,3,9,24,0.27049180327868855,-0.2930392437696938,244,1.7745901639344261,0.319672131147541,1.7540983606557377,0.27049180327868855,73.0,61.0,47.0,23.0,40.0,1.2049180327868851,1,0.4098360655737705,0,100,41,57,1,45,412,278,168,177,274
